track_id,cluster__BetaVAEplusLyrics_KMeans,cluster__BetaVAEplusLyrics_Agglomerative,cluster__BetaVAEplusLyrics_DBSCANeps0.5_ms3,cluster__RawFeatures_KMeans,cluster__RawFeatures_Agglomerative,cluster__PCA_KMeans,cluster__PCA_Agglomerative,cluster__AutoencoderplusLyrics_KMeans,cluster__AutoencoderplusLyrics_Agglomerative
MT0000008995,0,16,-1,8,0,19,8,18,6
MT0000011357,16,10,-1,0,8,5,7,12,2
MT0000026571,15,7,-1,10,2,7,4,5,8
MT0000027422,1,2,-1,13,9,10,3,12,17
MT0000030834,4,8,-1,8,0,19,8,18,8
MT0000031210,0,16,-1,4,0,1,0,18,19
MT0000038502,1,19,-1,12,16,8,2,9,13
MT0000040773,2,7,-1,7,15,12,18,6,8
MT0000042939,16,10,-1,5,4,10,7,3,11
MT0000043184,3,16,-1,17,3,9,1,18,19
MT0000044741,0,12,-1,3,1,14,17,8,0
MT0000045345,9,15,-1,0,10,5,5,8,7
MT0000048600,2,2,-1,0,2,5,5,11,0
MT0000059269,3,9,-1,16,5,18,11,18,19
MT0000063684,13,1,-1,0,10,5,5,4,8
MT0000066236,18,1,-1,0,6,5,5,12,2
MT0000066421,3,9,-1,15,2,11,4,8,8
MT0000080053,8,2,-1,7,15,12,18,7,14
MT0000082188,13,14,-1,8,0,19,8,18,5
MT0000089238,12,2,-1,0,6,17,9,11,0
MT0000089410,15,7,-1,7,15,9,1,15,7
MT0000091401,14,1,-1,7,15,12,1,7,13
MT0000091781,15,7,-1,10,1,7,4,17,7
MT0000092637,4,8,-1,17,3,9,1,18,6
MT0000093583,19,6,-1,15,1,14,1,16,1
MT0000095414,11,14,-1,6,2,3,4,15,6
MT0000097948,4,8,-1,16,19,18,0,17,6
MT0000103049,6,3,0,4,19,1,0,5,10
MT0000103874,3,9,-1,6,2,11,4,7,8
MT0000105492,19,6,-1,7,7,12,13,15,7
MT0000117176,4,8,-1,8,0,19,8,6,19
MT0000119701,4,8,-1,8,0,19,0,6,6
MT0000119987,9,15,-1,5,4,2,14,10,1
MT0000124779,11,1,-1,9,12,4,19,6,3
MT0000128573,10,11,-1,0,10,5,5,13,15
MT0000133200,13,14,-1,19,14,13,14,4,1
MT0000135916,10,11,-1,15,10,11,4,13,15
MT0000144160,8,2,-1,0,10,5,5,13,15
MT0000145509,1,14,-1,19,4,13,2,9,11
MT0000146284,3,9,-1,8,0,12,18,18,6
MT0000146966,3,2,-1,11,17,6,16,4,1
MT0000147182,11,1,-1,10,8,7,19,5,10
MT0000151451,15,7,-1,10,1,7,17,8,0
MT0000151529,8,2,-1,1,7,19,12,0,3
MT0000162219,8,2,-1,10,1,7,17,14,3
MT0000164441,8,3,-1,4,19,1,0,15,3
MT0000169174,16,10,-1,9,9,0,7,9,11
MT0000169836,12,5,-1,13,8,0,19,2,4
MT0000171421,3,16,-1,0,6,5,6,18,6
MT0000171852,4,8,-1,8,0,19,8,18,6
MT0000174580,19,6,-1,0,8,0,5,8,12
MT0000175597,2,13,-1,8,15,12,8,0,10
MT0000177878,4,8,-1,8,0,19,8,0,6
MT0000185453,4,8,-1,4,19,1,0,18,6
MT0000185601,13,0,-1,5,4,10,14,4,1
MT0000186467,7,4,-1,18,11,6,3,19,16
MT0000190640,16,10,-1,19,14,13,10,9,11
MT0000192913,12,5,-1,13,6,0,5,11,3
MT0000192982,1,13,-1,6,2,11,4,0,0
MT0000195705,11,6,-1,10,1,7,17,11,0
MT0000197431,13,2,-1,3,3,14,1,7,8
MT0000202045,5,18,-1,18,11,6,3,11,0
MT0000214287,8,9,-1,15,2,11,4,5,7
MT0000216849,3,9,-1,5,4,10,14,1,9
MT0000218346,6,0,-1,5,4,13,14,3,9
MT0000225806,13,16,-1,13,6,0,6,8,1
MT0000231442,16,10,-1,19,4,13,14,3,11
MT0000231784,12,5,-1,18,11,6,3,2,4
MT0000245808,0,8,-1,3,3,14,1,17,1
MT0000252574,13,4,-1,0,10,5,5,4,1
MT0000255724,11,14,-1,13,4,10,7,8,9
MT0000258223,6,3,-1,3,3,14,1,5,10
MT0000258646,14,14,-1,5,9,10,7,12,2
MT0000265621,11,2,-1,0,1,5,4,15,3
MT0000268576,18,14,-1,15,2,11,4,0,3
MT0000270200,19,2,-1,5,4,13,14,16,5
MT0000271454,4,8,-1,15,2,11,4,17,1
MT0000271970,16,10,-1,12,16,8,2,9,11
MT0000273374,19,6,-1,17,3,9,1,18,6
MT0000277032,15,7,-1,8,15,12,8,17,8
MT0000277633,14,4,-1,8,0,19,0,0,19
MT0000283043,16,10,-1,0,1,5,5,19,11
MT0000287606,0,12,-1,16,5,18,11,17,6
MT0000287921,17,17,-1,19,14,13,2,19,16
MT0000289116,3,9,-1,7,15,12,18,18,6
MT0000292000,9,15,-1,13,6,0,6,4,1
MT0000293345,11,4,-1,13,9,0,3,3,11
MT0000299291,19,6,-1,13,9,10,3,11,9
MT0000310204,9,15,-1,9,12,4,19,4,1
MT0000312152,3,9,-1,7,3,12,18,7,8
MT0000315363,14,1,-1,5,4,10,14,10,1
MT0000315392,4,8,-1,9,12,4,19,8,7
MT0000316110,19,6,-1,18,11,6,3,1,1
MT0000318206,1,14,-1,19,14,13,2,9,9
MT0000318279,4,8,-1,0,8,5,5,14,3
MT0000320757,3,9,-1,13,6,0,6,8,0
MT0000321394,14,2,-1,5,4,10,7,19,13
MT0000321824,19,6,-1,10,1,7,17,8,7
MT0000325093,19,6,-1,5,13,16,7,8,12
MT0000335310,10,11,-1,15,10,11,4,13,15
MT0000348553,2,13,-1,8,0,19,8,17,6
MT0000353361,8,2,-1,15,10,5,4,11,0
MT0000369188,13,1,-1,13,9,10,7,3,1
MT0000370694,0,12,-1,3,3,14,1,17,6
MT0000380307,15,7,-1,7,3,9,18,15,19
MT0000380971,14,1,-1,7,15,12,18,17,6
MT0000391566,7,2,-1,10,1,7,17,0,3
MT0000398595,6,3,-1,10,8,7,19,5,10
MT0000408441,0,12,-1,4,0,19,0,17,6
MT0000409922,13,16,-1,10,8,7,5,18,7
MT0000419956,17,4,-1,0,6,0,5,12,2
MT0000421504,6,3,-1,3,3,14,1,5,10
MT0000425270,12,5,-1,5,4,10,14,2,4
MT0000426880,7,6,-1,10,1,7,13,2,4
MT0000436815,6,3,-1,2,13,16,10,5,10
MT0000441552,18,4,-1,13,9,0,5,1,13
MT0000446304,4,8,-1,10,2,7,17,11,0
MT0000447539,6,3,-1,4,0,1,0,5,10
MT0000456939,7,6,-1,12,16,8,2,1,9
MT0000460480,4,8,-1,15,2,11,1,16,1
MT0000463371,1,19,-1,9,9,4,3,9,11
MT0000475876,19,6,-1,15,2,11,1,10,1
MT0000481304,5,18,-1,0,10,5,5,5,8
MT0000487439,0,12,-1,16,5,18,0,17,6
MT0000497520,14,2,-1,18,9,6,3,10,13
MT0000515256,15,7,-1,17,3,9,1,15,19
MT0000518591,19,6,-1,5,4,10,7,4,1
MT0000523576,10,11,-1,0,10,5,5,13,15
MT0000526302,5,18,-1,4,0,19,0,0,17
MT0000526867,18,14,-1,7,7,9,12,15,6
MT0000534539,11,14,-1,8,15,19,8,15,7
MT0000540286,4,8,-1,4,0,1,0,18,6
MT0000546446,19,6,-1,18,9,4,7,4,1
MT0000547065,14,1,-1,13,6,0,6,10,13
MT0000549945,6,3,-1,8,0,19,8,5,10
MT0000550961,8,2,-1,3,7,3,12,11,3
MT0000553622,16,9,-1,6,2,11,4,11,0
MT0000556349,4,8,-1,8,0,19,0,17,6
MT0000567692,13,1,-1,3,3,14,1,16,6
MT0000570966,14,1,-1,17,3,9,1,0,13
MT0000599398,2,0,-1,15,2,11,1,11,8
MT0000603187,2,0,-1,0,10,5,5,0,0
MT0000603561,0,12,-1,4,0,1,0,15,0
MT0000604234,17,19,-1,13,6,0,5,19,16
MT0000615489,7,6,-1,19,14,13,2,4,1
MT0000619767,13,14,-1,2,13,16,10,8,12
MT0000621840,14,1,-1,10,1,7,17,4,18
MT0000630628,2,13,-1,5,4,13,14,3,11
MT0000633351,15,7,-1,17,2,14,1,18,19
MT0000638424,11,14,-1,17,3,9,1,13,15
MT0000638634,13,14,-1,17,3,9,1,18,7
MT0000643201,13,14,-1,13,6,0,6,15,7
MT0000647818,10,11,-1,0,10,5,5,13,15
MT0000652082,6,6,-1,15,2,14,1,18,0
MT0000661250,0,16,-1,8,0,19,8,18,6
MT0000661847,6,3,-1,10,8,7,17,5,10
MT0000664362,4,8,-1,15,2,11,4,17,1
MT0000666429,15,7,-1,5,4,10,14,4,1
MT0000670865,11,1,-1,15,2,11,4,16,1
MT0000672880,7,6,-1,9,12,4,19,10,13
MT0000685324,4,8,-1,9,12,4,19,15,7
MT0000685538,8,2,-1,15,2,11,4,7,1
MT0000685552,13,1,-1,9,12,7,19,4,1
MT0000688115,13,16,-1,8,0,19,0,18,6
MT0000688312,18,4,-1,18,4,6,3,1,9
MT0000694316,17,4,-1,13,9,10,7,12,2
MT0000704913,13,6,-1,0,8,5,5,7,14
MT0000707663,15,7,-1,3,3,14,1,15,10
MT0000712071,13,1,-1,17,2,11,1,8,5
MT0000714708,14,0,-1,10,1,7,13,2,18
MT0000720686,17,4,-1,18,11,6,14,11,0
MT0000721873,19,6,-1,18,9,6,3,8,1
MT0000723464,5,18,-1,0,10,5,5,19,14
MT0000724357,12,5,-1,15,2,11,4,2,4
MT0000727738,14,1,-1,0,10,5,5,10,1
MT0000734482,7,1,-1,16,5,18,11,0,3
MT0000735056,16,17,-1,19,14,13,2,19,16
MT0000741489,11,14,-1,12,14,13,2,3,11
MT0000744293,11,14,-1,13,9,10,7,1,9
MT0000747666,18,14,-1,17,2,9,4,11,9
MT0000753074,2,8,-1,17,3,9,1,17,1
MT0000754511,19,6,-1,17,3,9,1,5,8
MT0000762097,6,3,-1,7,15,12,18,5,8
MT0000763275,11,2,-1,17,3,9,1,15,0
MT0000764951,0,8,-1,4,19,1,0,6,19
MT0000766316,13,1,-1,7,3,9,1,7,8
MT0000775053,14,2,-1,7,3,9,1,14,18
MT0000776108,13,14,-1,3,3,14,1,17,19
MT0000778102,12,5,-1,15,10,11,1,2,4
MT0000780401,3,2,-1,13,9,0,7,16,5
MT0000783307,14,4,-1,13,9,10,6,19,13
MT0000789330,1,14,-1,13,9,10,7,3,11
MT0000807741,4,8,-1,7,3,9,1,7,14
MT0000808227,15,17,-1,5,4,13,14,9,16
MT0000811092,4,8,-1,7,15,12,18,15,10
MT0000811743,3,9,-1,10,1,14,17,8,7
MT0000825920,10,11,-1,8,15,12,18,13,15
MT0000829531,12,5,-1,13,6,0,6,2,4
MT0000829765,8,2,-1,15,2,11,1,6,19
MT0000832464,13,14,-1,17,3,9,1,17,0
MT0000848769,0,12,-1,8,0,19,8,18,6
MT0000850050,3,9,-1,8,0,19,8,17,12
MT0000850957,17,4,-1,10,10,5,5,12,14
MT0000851865,4,2,-1,9,12,0,5,7,3
MT0000852582,15,7,-1,18,9,2,7,1,2
MT0000853072,17,4,-1,8,0,12,18,0,3
MT0000854722,13,14,-1,0,6,17,9,8,6
MT0000863232,5,18,-1,10,8,7,5,5,17
MT0000863543,19,6,-1,13,8,0,6,8,1
MT0000871290,18,14,-1,3,1,14,17,11,7
MT0000874482,7,10,-1,5,4,13,7,3,11
MT0000875199,13,14,-1,14,14,2,15,8,7
MT0000875520,13,6,-1,18,11,6,3,4,1
MT0000886390,3,9,-1,3,3,14,1,8,12
MT0000888329,5,18,-1,10,1,7,17,15,3
MT0000889229,17,12,-1,1,7,19,12,0,0
MT0000892306,16,10,-1,5,4,13,14,3,11
MT0000895003,16,6,-1,5,4,13,14,12,2
MT0000895905,11,2,-1,4,19,1,0,14,3
MT0000900387,12,5,-1,10,1,7,17,2,4
MT0000900995,4,8,-1,4,0,1,0,15,6
MT0000901959,12,5,-1,0,8,5,5,17,1
MT0000903225,11,2,-1,18,11,4,3,11,0
MT0000906888,8,9,-1,10,1,7,17,11,0
MT0000910270,17,4,-1,13,9,10,7,19,16
MT0000920227,6,3,-1,8,0,19,8,5,10
MT0000927561,2,5,-1,19,14,13,2,3,11
MT0000931402,8,9,-1,15,3,11,1,11,0
MT0000934613,11,4,-1,9,12,4,19,11,7
MT0000948111,13,1,-1,3,3,14,1,4,1
MT0000950090,13,14,-1,5,4,10,7,6,0
MT0000954088,15,7,-1,10,1,7,17,7,14
MT0000956340,12,5,-1,0,1,5,17,2,4
MT0000984023,16,10,-1,12,16,8,2,9,11
MT0000992846,13,1,-1,18,11,6,3,4,9
MT0001016068,0,12,-1,17,3,9,1,7,8
MT0001020011,6,3,-1,3,3,14,1,5,10
MT0001030436,3,16,-1,3,3,14,1,8,12
MT0001032211,19,6,-1,3,3,14,1,4,1
MT0001042055,10,11,-1,15,10,5,4,13,15
MT0001043721,12,5,-1,15,2,11,4,2,4
MT0001053268,19,6,-1,10,8,7,19,11,9
MT0001058887,13,14,-1,0,10,5,4,4,1
MT0001062700,18,14,-1,7,3,9,1,17,0
MT0001095298,3,9,-1,0,8,5,5,7,8
MT0001101467,19,6,-1,19,4,13,14,2,4
MT0001102610,8,9,-1,13,9,10,7,11,3
MT0001104467,11,8,-1,9,8,7,19,15,7
MT0001106114,4,2,-1,15,2,11,4,14,18
MT0001109401,7,10,-1,18,11,4,3,11,7
MT0001115644,3,9,-1,13,6,0,7,8,12
MT0001116511,18,4,-1,11,17,8,16,19,9
MT0001117815,18,14,-1,18,11,4,3,11,0
MT0001121577,6,0,-1,9,12,4,19,5,7
MT0001134958,8,2,-1,8,0,12,8,6,19
MT0001137053,11,0,-1,17,3,9,1,15,3
MT0001144930,11,14,-1,18,11,4,3,15,7
MT0001152165,9,15,-1,0,10,5,5,18,12
MT0001152664,13,14,-1,3,3,14,1,17,0
MT0001153847,9,0,-1,0,6,0,5,4,1
MT0001157069,17,0,-1,4,19,1,0,0,3
MT0001168323,10,11,-1,7,15,12,18,13,15
MT0001169715,14,1,-1,10,1,5,17,10,13
MT0001183783,0,12,-1,8,0,19,8,11,0
MT0001189913,2,7,-1,10,8,7,19,4,1
MT0001193202,1,19,-1,11,17,8,16,9,11
MT0001193331,14,2,-1,13,9,0,6,10,1
MT0001193971,8,9,-1,9,12,5,19,11,0
MT0001194164,13,14,-1,3,3,14,1,17,6
MT0001195535,3,9,-1,10,8,7,19,8,7
MT0001202986,3,9,-1,15,2,11,4,8,12
MT0001217651,12,5,-1,5,4,13,14,10,13
MT0001227219,4,12,-1,16,19,18,0,17,6
MT0001230193,1,1,-1,5,4,13,14,19,9
MT0001230298,3,9,-1,3,1,14,17,8,7
MT0001243097,8,3,-1,8,15,19,8,15,7
MT0001256033,13,1,-1,18,11,6,3,17,6
MT0001265984,14,2,-1,0,6,0,6,14,17
MT0001266436,18,14,-1,0,8,5,5,18,6
MT0001267997,0,12,-1,7,15,12,18,6,8
MT0001276044,16,10,-1,12,16,8,2,3,11
MT0001277283,11,14,-1,2,13,16,10,11,7
MT0001284282,19,6,-1,0,8,5,5,8,9
MT0001284801,0,12,-1,7,15,12,8,18,6
MT0001287647,13,1,-1,19,14,13,14,4,9
MT0001292451,15,7,-1,7,15,12,18,7,8
MT0001297031,13,14,-1,15,2,11,5,11,0
MT0001298241,14,1,-1,0,8,5,5,10,1
MT0001301827,0,16,-1,16,19,18,0,18,7
MT0001305550,11,14,-1,4,0,1,0,15,7
MT0001309422,3,9,-1,13,8,0,5,8,5
MT0001313815,5,18,-1,0,10,11,4,18,12
MT0001318718,14,1,-1,15,1,11,1,10,15
MT0001321861,12,5,-1,19,14,13,2,2,4
MT0001323755,6,2,-1,9,8,7,19,5,17
MT0001331047,0,16,-1,4,19,1,0,18,6
MT0001332899,3,9,-1,0,10,5,5,15,7
MT0001335920,8,2,-1,13,6,0,6,10,18
MT0001347462,2,13,-1,3,3,14,1,13,19
MT0001353828,12,5,-1,13,6,0,6,2,4
MT0001356476,13,1,-1,9,12,4,19,4,1
MT0001356637,13,1,-1,10,1,7,17,6,7
MT0001361436,17,4,-1,11,17,8,16,19,9
MT0001362313,3,16,-1,15,2,11,4,16,6
MT0001368531,8,2,-1,15,3,14,1,0,10
MT0001369981,4,8,-1,4,0,19,8,18,6
MT0001370627,2,13,-1,8,0,19,8,18,6
MT0001372070,3,14,-1,0,10,5,5,11,0
MT0001376988,17,4,-1,18,11,6,3,19,3
MT0001377616,11,6,-1,17,3,9,1,15,10
MT0001377742,16,17,-1,14,14,13,14,9,17
MT0001380360,1,14,-1,12,16,8,2,9,11
MT0001383277,12,5,-1,5,4,13,14,10,1
MT0001385947,8,2,-1,13,9,0,7,11,0
MT0001395462,3,9,-1,8,15,12,8,11,7
MT0001397431,1,14,-1,2,13,17,9,1,4
MT0001404677,4,8,-1,8,0,19,8,18,6
MT0001435061,0,12,-1,15,2,11,4,18,6
MT0001436086,15,7,-1,4,0,1,0,18,6
MT0001453285,15,7,-1,10,8,7,5,8,7
MT0001473110,12,5,-1,9,8,0,19,7,14
MT0001473158,12,5,-1,4,19,1,0,2,4
MT0001477169,6,3,-1,3,1,14,17,5,8
MT0001486960,19,6,-1,3,3,14,1,10,14
MT0001494812,19,6,-1,10,8,7,19,17,0
MT0001497786,19,6,-1,15,3,11,1,7,8
MT0001509368,13,1,-1,0,10,5,5,8,8
MT0001509615,14,2,-1,7,3,9,18,0,3
MT0001510617,18,4,-1,0,10,5,5,3,9
MT0001511433,6,3,-1,8,0,19,8,5,10
MT0001514284,13,16,-1,15,2,11,4,7,1
MT0001515028,3,9,-1,7,7,12,12,16,5
MT0001518335,0,12,-1,4,0,19,8,18,5
MT0001521543,0,2,-1,0,10,5,5,7,1
MT0001523435,0,8,-1,17,3,9,1,6,19
MT0001526514,15,7,-1,5,4,10,7,3,0
MT0001528638,10,2,-1,8,0,19,0,13,15
MT0001531856,4,8,-1,0,10,5,5,4,1
MT0001531906,6,3,-1,5,9,10,14,5,10
MT0001542457,13,1,-1,19,14,8,2,4,1
MT0001547111,2,13,-1,17,3,9,1,11,3
MT0001553573,7,6,-1,5,4,10,7,1,9
MT0001554870,14,1,-1,11,14,6,16,2,18
MT0001566152,3,9,-1,0,8,0,5,8,0
MT0001578777,16,10,-1,11,17,8,16,9,11
MT0001583214,18,14,-1,12,16,8,2,1,9
MT0001590201,13,14,-1,13,18,2,15,4,9
MT0001590644,1,19,-1,18,4,13,14,3,11
MT0001594582,2,0,-1,15,2,11,4,15,10
MT0001595082,16,10,-1,5,4,13,14,3,11
MT0001608499,1,1,-1,7,3,12,18,16,5
MT0001609615,3,9,-1,5,9,10,15,16,5
MT0001610102,19,6,-1,9,12,4,3,10,1
MT0001613887,16,10,-1,14,14,2,15,3,11
MT0001615005,18,14,-1,18,4,10,7,1,9
MT0001624303,11,14,-1,0,6,5,5,14,3
MT0001634305,14,1,-1,9,12,4,3,14,3
MT0001638394,4,3,-1,4,0,1,0,15,10
MT0001639011,19,6,-1,18,12,4,3,11,0
MT0001641165,12,5,-1,9,9,4,3,2,18
MT0001642019,16,10,-1,19,4,13,14,3,11
MT0001644811,9,15,-1,15,2,11,4,15,19
MT0001646256,4,8,-1,8,0,19,8,11,0
MT0001648703,1,19,-1,12,16,8,2,19,16
MT0001653728,6,3,-1,7,3,9,1,5,8
MT0001658982,2,8,-1,4,19,1,0,15,6
MT0001661022,10,11,-1,4,0,1,0,13,15
MT0001671399,2,8,-1,18,9,10,7,14,3
MT0001673884,4,8,-1,4,19,1,0,18,6
MT0001699798,2,13,-1,0,6,0,5,7,3
MT0001710592,11,1,-1,5,4,10,7,3,11
MT0001729778,19,6,-1,0,10,5,4,8,1
MT0001738256,18,1,-1,2,13,16,10,1,9
MT0001741017,13,1,-1,18,4,10,14,4,0
MT0001757676,2,2,-1,7,15,12,18,0,3
MT0001765726,11,6,-1,7,7,12,12,11,0
MT0001766004,18,4,-1,5,11,10,3,1,16
MT0001770136,7,6,-1,18,11,6,3,4,1
MT0001779167,18,14,-1,12,16,8,2,1,11
MT0001795697,14,1,-1,0,6,0,6,7,13
MT0001801454,12,5,-1,5,14,13,14,2,4
MT0001810607,5,12,-1,9,8,0,5,8,0
MT0001829666,9,15,-1,0,10,5,5,8,1
MT0001831738,3,16,-1,13,9,10,7,8,12
MT0001832838,13,16,-1,9,12,4,19,8,6
MT0001835551,11,14,-1,11,17,8,16,1,9
MT0001839466,3,16,-1,6,2,11,4,8,12
MT0001841416,0,12,-1,8,15,19,18,17,3
MT0001852290,12,0,-1,19,14,8,2,10,4
MT0001862892,13,14,-1,17,3,9,1,8,0
MT0001889075,12,5,-1,18,11,6,3,2,18
MT0001889244,19,6,-1,15,3,11,4,4,1
MT0001891260,3,9,-1,7,15,12,18,15,7
MT0001899447,3,9,-1,17,3,9,1,18,6
MT0001899867,9,15,-1,9,12,0,9,10,1
MT0001920501,0,12,-1,15,2,11,4,0,6
MT0001927015,9,15,-1,15,2,11,4,10,1
MT0001927474,11,6,-1,13,9,10,7,15,7
MT0001927921,18,1,-1,0,6,0,5,12,2
MT0001929641,0,18,-1,3,3,14,1,8,10
MT0001934410,14,1,-1,13,6,16,9,10,13
MT0001934726,0,12,-1,7,15,12,18,8,12
MT0001938929,18,4,-1,8,0,12,12,2,4
MT0001942272,2,0,-1,13,9,10,7,11,7
MT0001943830,8,2,-1,4,19,1,0,0,3
MT0001949173,13,16,-1,8,0,19,0,18,6
MT0001954919,6,0,-1,7,15,12,18,15,7
MT0001962373,17,4,-1,0,6,5,6,12,2
MT0001963447,1,19,-1,12,16,8,2,3,11
MT0001967655,8,2,-1,9,8,7,19,14,3
MT0001972380,4,8,-1,3,3,14,1,8,7
MT0001972829,0,12,-1,17,3,9,1,18,6
MT0001974130,16,10,-1,12,16,8,2,3,11
MT0001978806,14,4,-1,15,2,11,9,10,13
MT0001980613,8,9,-1,0,10,5,5,5,4
MT0001988811,2,13,-1,10,1,7,17,18,6
MT0001992879,17,4,-1,11,17,8,16,19,11
MT0001993588,7,6,-1,5,4,10,14,12,2
MT0002006203,4,8,-1,7,15,12,8,18,6
MT0002006862,2,0,-1,10,8,7,17,0,3
MT0002007417,15,7,-1,4,19,1,0,18,6
MT0002014752,4,8,-1,8,0,19,0,6,19
MT0002024101,13,14,-1,12,16,8,2,1,9
MT0002024741,13,16,-1,9,12,4,19,8,12
MT0002034238,13,16,-1,0,8,5,5,8,12
MT0002052101,3,9,-1,9,6,4,6,7,8
MT0002054074,13,16,-1,16,5,18,11,18,6
MT0002057142,11,14,-1,4,0,1,0,15,7
MT0002060109,3,3,-1,13,9,10,7,15,0
MT0002068648,18,14,-1,18,11,6,16,1,9
MT0002078701,18,14,-1,0,10,5,5,1,6
MT0002087541,11,14,-1,13,9,10,7,14,0
MT0002088249,15,7,-1,10,1,7,17,16,1
MT0002099419,12,5,-1,15,2,11,5,17,4
MT0002113056,15,7,-1,7,15,12,18,0,8
MT0002131125,19,6,-1,19,14,13,10,4,18
MT0002132088,11,6,-1,10,8,7,17,15,10
MT0002139311,19,6,-1,9,12,4,19,8,12
MT0002142155,4,8,-1,8,0,19,8,15,19
MT0002169629,16,10,-1,5,4,10,7,1,11
MT0002177145,7,1,-1,0,10,5,5,1,9
MT0002179342,18,0,-1,13,6,0,5,1,9
MT0002193996,13,4,-1,13,8,0,6,11,0
MT0002216668,9,15,-1,15,2,11,4,18,6
MT0002219182,8,2,-1,17,3,9,1,10,13
MT0002222944,1,19,-1,13,9,10,3,3,11
MT0002225477,17,0,-1,19,14,13,2,2,4
MT0002238737,2,2,-1,15,1,11,4,0,3
MT0002239079,12,5,-1,17,3,9,1,2,4
MT0002250135,11,2,-1,15,1,11,4,11,3
MT0002252353,1,5,-1,11,11,6,3,14,3
MT0002272314,18,4,-1,18,11,6,3,19,9
MT0002277261,11,14,-1,15,10,11,4,14,8
MT0002291660,17,4,-1,0,6,5,5,12,2
MT0002294387,19,6,-1,5,4,16,7,8,1
MT0002298774,1,19,-1,12,16,8,2,9,16
MT0002307435,11,1,-1,15,1,11,1,16,5
MT0002316145,12,5,-1,18,11,4,3,1,4
MT0002325544,3,9,-1,15,2,11,4,11,0
MT0002336535,11,14,-1,8,0,19,8,15,19
MT0002337555,17,4,-1,18,11,4,3,19,16
MT0002342346,13,14,-1,13,4,10,7,4,1
MT0002343207,19,6,-1,3,15,9,1,17,1
MT0002347246,12,5,-1,10,8,7,5,2,4
MT0002351905,8,2,-1,13,9,0,7,10,1
MT0002355423,6,13,-1,7,15,12,18,15,10
MT0002359628,11,14,-1,3,1,14,17,0,0
MT0002360219,14,2,-1,0,8,5,19,10,13
MT0002362108,4,8,-1,10,8,7,19,16,5
MT0002366291,19,6,-1,0,2,5,4,17,1
MT0002371970,2,13,-1,7,15,12,18,0,3
MT0002372242,12,5,-1,5,13,16,14,2,4
MT0002379942,16,10,-1,0,8,0,7,12,2
MT0002390941,1,19,-1,10,1,7,17,0,3
MT0002396250,11,14,-1,13,9,10,7,12,2
MT0002397625,15,7,-1,2,13,17,9,8,0
MT0002399275,14,1,-1,18,4,6,14,10,1
MT0002438908,6,3,-1,17,3,9,1,5,17
MT0002460914,12,5,-1,9,11,4,3,2,4
MT0002472723,13,16,-1,9,12,4,6,7,12
MT0002477987,2,13,-1,4,0,1,0,6,0
MT0002479795,12,5,-1,19,4,13,14,3,4
MT0002485672,17,8,-1,7,15,12,12,0,3
MT0002510318,16,10,-1,0,6,0,5,14,3
MT0002515172,6,3,-1,8,0,12,8,5,10
MT0002532237,2,2,-1,7,15,9,1,7,3
MT0002538335,5,18,-1,0,10,5,5,2,4
MT0002541988,4,8,-1,17,3,9,1,18,19
MT0002549047,9,12,-1,3,3,14,1,17,0
MT0002549944,18,1,-1,13,4,10,7,17,0
MT0002580064,0,12,-1,13,6,0,6,4,1
MT0002585767,3,9,-1,15,3,11,4,8,17
MT0002591418,6,0,-1,15,2,11,4,8,7
MT0002595792,6,0,-1,7,15,12,18,5,8
MT0002602057,14,1,-1,15,2,11,5,7,14
MT0002604697,4,8,-1,9,12,4,3,15,7
MT0002619035,3,9,-1,9,12,4,19,15,19
MT0002621498,1,14,-1,12,14,8,2,9,11
MT0002634024,9,14,-1,15,2,11,4,15,6
MT0002638821,11,14,-1,7,7,12,12,15,7
MT0002645049,14,2,-1,0,10,5,5,10,1
MT0002655864,14,4,-1,0,10,5,5,2,1
MT0002659854,6,3,-1,14,18,2,15,13,0
MT0002672499,13,1,-1,9,12,4,19,4,1
MT0002675791,3,3,-1,0,10,5,5,5,7
MT0002698706,14,2,-1,18,11,6,3,11,0
MT0002698827,6,3,-1,4,0,19,8,5,10
MT0002700026,4,0,-1,11,17,8,16,16,1
MT0002701422,16,17,-1,0,6,0,5,12,2
MT0002709704,19,6,-1,18,11,6,3,4,9
MT0002711792,16,10,-1,19,4,13,2,9,11
MT0002714093,8,2,-1,9,12,0,19,16,10
MT0002716927,2,13,-1,18,11,4,3,11,7
MT0002737189,7,6,-1,9,9,4,6,2,0
MT0002739845,18,4,-1,18,11,6,16,1,11
MT0002760912,19,6,-1,3,1,14,13,11,0
MT0002761408,16,10,-1,19,4,13,14,9,11
MT0002762445,19,6,-1,9,12,4,19,4,1
MT0002771537,9,15,-1,6,2,3,4,11,0
MT0002784741,8,2,-1,0,6,0,6,10,17
MT0002803746,10,2,-1,15,2,11,4,13,0
MT0002810052,1,19,-1,11,17,8,16,9,11
MT0002840704,19,6,-1,15,2,11,1,10,1
MT0002842988,2,0,-1,14,18,2,15,1,9
MT0002844771,8,9,-1,3,2,14,1,11,0
MT0002846256,6,0,-1,6,2,11,4,18,7
MT0002858390,10,11,-1,15,10,11,4,13,15
MT0002859848,6,0,-1,0,1,5,17,15,7
MT0002875103,14,1,-1,5,4,10,14,10,9
MT0002889321,16,10,-1,19,14,8,2,9,11
MT0002894033,8,2,-1,15,2,11,4,7,13
MT0002903697,11,14,-1,10,1,14,17,14,3
MT0002905185,0,12,-1,8,0,19,0,17,6
MT0002907679,19,6,-1,18,11,6,3,4,0
MT0002909109,9,15,-1,2,13,16,10,10,4
MT0002915967,4,8,1,3,15,14,1,8,6
MT0002920876,14,4,-1,8,0,19,8,14,19
MT0002928993,0,16,-1,10,8,7,5,8,12
MT0002939380,18,1,-1,0,10,15,5,1,1
MT0002949712,16,10,-1,19,14,16,10,9,11
MT0002951872,0,12,-1,19,14,13,2,16,5
MT0002954708,16,10,-1,5,4,10,14,9,11
MT0002960288,8,2,-1,10,1,7,17,14,3
MT0002962258,14,1,-1,5,4,13,14,7,14
MT0002969144,4,8,-1,10,8,7,19,15,7
MT0002980543,7,2,-1,4,0,1,12,0,3
MT0002986568,13,16,-1,9,12,4,19,8,12
MT0002999366,0,12,-1,0,10,5,5,4,1
MT0003008724,1,10,-1,13,4,10,7,3,11
MT0003012633,4,8,-1,7,0,12,18,6,6
MT0003019852,18,14,-1,11,17,6,16,1,9
MT0003023886,16,10,-1,12,14,8,15,9,11
MT0003025046,2,0,-1,0,8,5,5,8,10
MT0003025373,19,6,-1,18,4,10,7,8,12
MT0003025883,4,8,-1,10,8,7,19,6,7
MT0003028265,5,18,-1,15,10,11,4,17,8
MT0003037754,18,14,-1,10,2,17,9,11,0
MT0003041246,18,14,-1,5,4,13,14,1,9
MT0003044417,19,2,-1,18,4,10,7,7,13
MT0003081304,12,5,-1,3,3,14,1,4,18
MT0003085195,12,5,-1,11,14,6,3,2,4
MT0003085925,9,15,-1,10,1,7,19,11,0
MT0003094118,12,5,-1,9,6,0,6,2,1
MT0003102331,14,1,-1,9,11,4,3,2,1
MT0003106472,12,5,-1,9,12,4,19,0,3
MT0003109823,3,9,-1,10,8,7,5,8,5
MT0003117846,18,4,-1,5,4,13,14,1,9
MT0003124476,14,4,-1,9,6,0,6,7,14
MT0003131369,19,6,-1,15,2,11,4,8,1
MT0003131435,0,18,-1,0,8,5,5,8,12
MT0003144898,7,6,-1,5,4,13,14,19,9
MT0003146944,6,3,0,8,0,12,8,5,10
MT0003148189,5,18,-1,13,6,0,7,2,4
MT0003163405,6,0,-1,0,10,5,5,5,8
MT0003175531,13,1,-1,0,6,0,6,4,1
MT0003189890,0,12,-1,10,1,7,17,8,0
MT0003209662,16,10,-1,18,11,10,3,3,11
MT0003213617,0,16,-1,15,2,11,1,18,12
MT0003213835,19,6,-1,9,9,4,7,4,1
MT0003216840,19,6,-1,5,4,10,7,4,1
MT0003224500,11,1,-1,12,16,8,2,3,1
MT0003228768,0,16,-1,17,3,9,1,8,6
MT0003237550,17,4,-1,0,6,5,5,19,0
MT0003246728,7,6,-1,13,6,0,6,1,9
MT0003248394,10,3,-1,0,10,5,5,13,0
MT0003262589,16,3,-1,18,11,6,3,3,9
MT0003263304,0,2,-1,0,8,5,5,17,0
MT0003264792,9,15,-1,15,2,11,4,10,13
MT0003272904,3,9,-1,18,11,4,3,8,0
MT0003274067,13,14,-1,3,3,14,1,16,19
MT0003280103,8,2,-1,15,1,11,17,11,0
MT0003286463,7,2,-1,10,1,7,17,14,18
MT0003287170,6,3,-1,4,19,1,0,5,10
MT0003287931,15,7,-1,13,9,10,6,8,12
MT0003294608,1,10,-1,19,4,13,14,19,11
MT0003300388,4,8,-1,10,1,7,17,11,0
MT0003304271,2,0,-1,17,3,9,1,18,0
MT0003309945,1,19,-1,10,1,7,5,9,17
MT0003315880,13,1,-1,13,6,16,6,7,5
MT0003320924,0,12,-1,8,0,19,8,18,6
MT0003326925,18,1,-1,18,17,6,16,1,1
MT0003328491,3,9,-1,7,3,9,1,8,0
MT0003329820,4,8,-1,13,6,0,6,2,13
MT0003336370,9,15,-1,7,0,12,18,17,6
MT0003336800,17,4,-1,18,11,6,14,19,16
MT0003337396,16,10,-1,19,14,13,2,19,11
MT0003343422,4,8,-1,3,3,14,1,15,19
MT0003345751,16,10,-1,19,4,13,2,9,11
MT0003352308,18,4,-1,4,0,1,0,15,7
MT0003353602,19,6,-1,13,4,10,7,12,2
MT0003353794,3,9,-1,6,2,3,4,8,0
MT0003354468,10,11,-1,0,10,5,5,13,15
MT0003362542,3,9,-1,14,18,2,15,16,5
MT0003362617,3,2,-1,4,0,19,8,16,5
MT0003389088,8,2,-1,5,4,10,7,11,1
MT0003390733,13,1,-1,6,10,11,5,4,0
MT0003402178,15,3,-1,16,19,18,0,15,10
MT0003402538,9,15,-1,17,3,11,1,18,6
MT0003402994,7,6,-1,13,13,16,6,10,13
MT0003420996,4,2,-1,7,15,12,1,6,19
MT0003421433,9,2,-1,9,12,4,3,8,18
MT0003428477,4,8,-1,8,0,19,0,15,19
MT0003435704,3,9,-1,18,11,4,3,8,7
MT0003440957,2,5,-1,5,4,13,14,4,4
MT0003444822,16,6,-1,2,13,16,9,1,9
MT0003462877,17,14,-1,11,11,6,16,19,9
MT0003473344,6,8,-1,3,2,14,1,5,7
MT0003482336,17,4,-1,13,9,4,6,19,11
MT0003496132,17,4,-1,18,11,6,3,2,4
MT0003501434,2,13,-1,0,6,5,5,0,6
MT0003503243,18,1,-1,19,14,13,2,1,9
MT0003504525,12,5,-1,15,10,5,4,13,15
MT0003510796,7,6,-1,13,9,4,7,2,18
MT0003517837,13,14,-1,9,12,4,19,4,1
MT0003536193,9,15,-1,11,17,6,16,4,1
MT0003539442,15,17,-1,19,14,13,2,9,16
MT0003542756,4,8,-1,4,0,19,0,0,6
MT0003570082,5,18,-1,0,10,5,5,7,8
MT0003587042,18,14,-1,12,16,8,2,1,9
MT0003597979,0,12,-1,9,8,4,19,4,1
MT0003603497,10,11,-1,15,10,14,4,13,15
MT0003603772,9,15,-1,15,2,11,17,10,1
MT0003612742,14,7,-1,11,11,6,3,4,18
MT0003617309,13,14,-1,11,17,6,16,1,9
MT0003629164,8,9,-1,0,10,5,5,4,1
MT0003630870,12,5,-1,15,10,11,4,2,4
MT0003649209,7,6,-1,13,9,0,7,7,14
MT0003655884,2,8,-1,16,5,18,11,18,6
MT0003659365,13,16,-1,12,16,8,2,4,1
MT0003663435,13,4,-1,9,8,7,19,4,18
MT0003669917,2,0,-1,13,9,10,6,4,18
MT0003728288,16,10,-1,12,14,8,2,3,11
MT0003729518,16,6,-1,5,4,13,14,11,7
MT0003732702,4,8,-1,10,2,14,17,15,19
MT0003740052,6,0,-1,10,2,7,4,8,12
MT0003748227,8,2,-1,7,15,12,1,7,1
MT0003759483,18,14,-1,0,8,5,5,1,11
MT0003762220,9,15,-1,3,3,14,1,17,12
MT0003762339,16,10,-1,19,14,13,2,9,16
MT0003768949,9,15,-1,9,12,4,19,4,1
MT0003770678,8,9,-1,0,10,5,5,10,1
MT0003774577,12,5,-1,18,11,6,3,2,4
MT0003782002,16,17,-1,2,9,17,3,9,11
MT0003788939,19,6,-1,18,11,6,3,1,18
MT0003791678,2,4,-1,9,12,4,3,11,0
MT0003792475,18,14,-1,18,11,6,3,3,18
MT0003795778,13,19,-1,18,11,6,3,8,11
MT0003796752,13,16,-1,3,7,3,1,8,7
MT0003821577,11,17,-1,12,14,8,2,3,11
MT0003837569,16,10,-1,12,14,8,2,9,11
MT0003859252,14,1,-1,13,6,0,6,7,14
MT0003861331,9,15,-1,0,6,0,6,10,1
MT0003863509,3,9,-1,9,8,0,19,8,7
MT0003868349,11,8,-1,0,8,5,5,15,7
MT0003868390,0,12,-1,5,4,10,7,5,10
MT0003869539,7,6,-1,0,6,5,5,19,11
MT0003878494,8,2,-1,3,2,14,17,14,3
MT0003880691,15,17,-1,9,11,4,3,1,9
MT0003881997,12,5,-1,9,6,0,19,2,4
MT0003898980,10,11,-1,0,10,5,5,13,0
MT0003903675,14,1,-1,13,6,10,6,4,1
MT0003906833,14,4,-1,9,12,4,19,2,3
MT0003907045,11,14,-1,0,8,5,5,15,19
MT0003909053,3,9,-1,10,1,7,17,8,7
MT0003909575,19,6,-1,3,3,9,1,17,3
MT0003922883,13,16,-1,9,12,4,19,8,12
MT0003934644,3,0,-1,5,9,10,7,8,12
MT0003935299,4,8,-1,8,0,19,8,18,8
MT0003965796,14,0,-1,9,12,4,3,4,18
MT0003968586,16,10,-1,2,14,16,10,3,11
MT0003970870,0,16,-1,8,0,19,8,18,6
MT0003974181,0,16,-1,8,0,19,8,18,6
MT0003979876,15,17,-1,12,16,8,2,3,13
MT0004001989,9,15,-1,5,4,10,7,8,12
MT0004012938,16,10,-1,19,4,13,2,9,11
MT0004020993,3,9,-1,19,14,13,2,8,12
MT0004025604,16,10,-1,18,4,10,14,3,11
MT0004028719,11,5,-1,15,2,11,4,15,7
MT0004033010,9,15,-1,9,6,0,6,7,8
MT0004068560,16,10,-1,12,14,8,16,3,11
MT0004072079,18,14,-1,12,16,8,2,1,9
MT0004073991,12,5,-1,10,1,7,17,2,4
MT0004085907,12,5,-1,18,4,6,7,19,4
MT0004087145,16,6,-1,18,9,10,3,11,9
MT0004091857,19,6,-1,0,6,0,5,4,1
MT0004098601,6,13,-1,10,2,14,17,5,10
MT0004113262,7,4,-1,5,9,10,7,2,0
MT0004117319,11,14,-1,8,0,19,0,15,7
MT0004131260,17,4,-1,19,14,13,14,19,16
MT0004137658,16,2,-1,13,9,10,7,9,17
MT0004141823,19,6,-1,17,3,11,1,4,1
MT0004156130,11,14,-1,3,3,14,1,0,6
MT0004180568,6,0,-1,15,2,11,4,15,7
MT0004184616,4,8,-1,9,8,4,19,6,19
MT0004194402,0,12,-1,10,1,7,17,8,12
MT0004197514,12,5,-1,9,12,4,6,2,4
MT0004212108,9,15,-1,3,3,9,1,18,7
MT0004219321,3,9,-1,3,3,14,1,8,7
MT0004232099,4,8,-1,7,15,12,18,17,8
MT0004240748,18,1,-1,13,9,10,7,1,9
MT0004254228,18,1,-1,11,17,8,16,1,4
MT0004256890,19,6,-1,7,15,12,1,18,7
MT0004262978,2,8,-1,15,2,11,4,15,3
MT0004263301,3,9,-1,9,12,4,19,16,5
MT0004287283,0,12,-1,3,3,14,1,7,3
MT0004290389,18,4,-1,15,1,5,5,0,6
MT0004293364,12,5,-1,0,6,0,5,2,4
MT0004306521,3,9,-1,9,12,4,19,8,12
MT0004317784,14,4,-1,15,2,11,1,19,3
MT0004337195,13,1,-1,15,3,11,4,7,1
MT0004338270,19,6,-1,17,3,9,1,11,0
MT0004352104,9,15,-1,13,6,0,6,1,9
MT0004352726,3,9,-1,17,3,9,1,18,6
MT0004362501,5,18,-1,9,13,17,5,5,7
MT0004395306,4,8,-1,10,1,7,17,6,19
MT0004397754,12,5,-1,15,8,11,4,2,4
MT0004400843,13,14,-1,11,11,6,16,11,0
MT0004414074,16,10,-1,14,14,13,14,9,11
MT0004422924,11,14,-1,18,11,4,3,8,12
MT0004425744,9,15,-1,13,6,0,6,18,0
MT0004440606,2,13,-1,0,10,5,5,0,0
MT0004444570,19,6,-1,15,2,11,1,8,1
MT0004447086,16,10,-1,14,18,2,15,19,13
MT0004459450,17,4,-1,5,4,13,14,19,16
MT0004469135,9,15,-1,0,6,17,9,18,6
MT0004476235,2,13,-1,8,0,19,8,17,1
MT0004485367,11,14,-1,8,0,19,0,15,6
MT0004489039,2,13,-1,16,19,18,0,0,3
MT0004497478,16,10,-1,13,9,10,7,9,11
MT0004500770,15,7,-1,7,15,12,8,8,6
MT0004506984,11,1,-1,15,2,11,4,14,4
MT0004511265,16,10,-1,5,4,13,14,1,11
MT0004512063,16,10,-1,19,4,13,2,9,11
MT0004514306,7,6,-1,11,17,6,16,11,0
MT0004525980,16,6,-1,10,1,7,17,11,0
MT0004540242,13,1,-1,13,9,10,7,4,1
MT0004542745,4,8,-1,3,3,14,1,6,3
MT0004548391,12,5,-1,13,9,10,7,2,4
MT0004550434,14,4,-1,19,14,13,2,19,13
MT0004550458,2,13,-1,7,15,12,18,17,3
MT0004551480,0,12,-1,10,1,14,17,2,14
MT0004558203,18,14,-1,19,14,13,2,1,11
MT0004558461,18,14,-1,18,11,6,3,1,9
MT0004588191,13,1,-1,9,12,4,19,16,1
MT0004609722,3,9,-1,3,1,14,17,8,12
MT0004625127,11,19,-1,11,17,8,16,3,11
MT0004645468,15,17,-1,19,14,13,2,19,9
MT0004674397,1,5,-1,0,8,5,5,3,4
MT0004683099,9,15,-1,19,14,13,2,4,1
MT0004692317,15,18,-1,13,6,0,6,8,7
MT0004692456,19,6,-1,5,4,13,14,8,1
MT0004711079,4,8,-1,3,3,14,1,7,5
MT0004725201,4,8,-1,3,3,14,1,15,19
MT0004725405,19,6,-1,18,4,10,7,7,14
MT0004739956,16,10,-1,19,14,13,2,9,11
MT0004754115,13,14,-1,10,8,7,5,8,12
MT0004758223,2,8,-1,8,0,19,8,15,19
MT0004759588,16,10,-1,19,14,13,2,9,11
MT0004772896,3,9,-1,17,3,9,1,8,0
MT0004776609,15,7,-1,3,3,14,1,15,19
MT0004781165,0,12,-1,4,19,1,0,17,6
MT0004798504,1,1,-1,5,4,10,14,12,5
MT0004798790,12,5,-1,10,2,7,4,2,4
MT0004811602,17,4,-1,12,14,8,2,19,11
MT0004816612,0,8,-1,15,1,11,4,15,9
MT0004829377,9,15,-1,13,6,10,7,4,1
MT0004836526,12,4,-1,5,4,10,7,19,16
MT0004840819,3,9,-1,15,2,11,1,17,6
MT0004842694,4,8,-1,8,0,19,8,0,3
MT0004844832,2,0,-1,14,11,6,3,1,0
MT0004850406,8,2,-1,13,9,16,6,10,13
MT0004861138,12,5,-1,17,3,9,1,2,4
MT0004864453,18,4,-1,5,4,10,3,1,13
MT0004866559,12,5,-1,7,2,12,18,17,14
MT0004867185,5,0,-1,6,10,11,5,2,4
MT0004869271,4,8,-1,7,15,12,18,14,8
MT0004872217,7,6,-1,5,4,13,14,12,14
MT0004882280,18,1,-1,13,6,0,6,7,2
MT0004883551,7,6,-1,0,6,5,5,2,4
MT0004890000,9,15,-1,13,6,0,6,8,1
MT0004896738,19,6,-1,13,9,10,7,7,2
MT0004910983,11,14,-1,10,1,7,17,11,7
MT0004925844,10,3,-1,0,8,5,5,13,0
MT0004936799,0,12,-1,3,1,14,17,1,9
MT0004943985,14,2,-1,15,2,11,4,7,14
MT0004948855,7,6,-1,11,17,6,16,1,9
MT0004961409,1,19,-1,13,4,10,6,1,11
MT0004962647,6,3,-1,15,2,14,1,5,10
MT0004963809,11,14,-1,4,0,19,0,18,10
MT0004970058,14,2,-1,9,12,4,19,2,3
MT0005001966,4,8,-1,10,2,7,17,3,7
MT0005023904,19,6,-1,3,1,14,1,17,6
MT0005026798,16,5,-1,19,14,13,2,9,4
MT0005029328,16,6,-1,5,4,10,14,1,11
MT0005030845,8,9,-1,13,9,10,7,16,5
MT0005033429,2,2,-1,13,6,0,5,1,13
MT0005039941,17,5,-1,18,11,4,3,19,4
MT0005072543,4,8,-1,8,0,19,8,18,6
MT0005083885,8,2,-1,17,3,9,1,0,0
MT0005094727,0,12,-1,10,1,7,5,8,0
MT0005111463,3,9,-1,10,8,7,5,8,12
MT0005113916,0,12,-1,10,1,14,17,11,0
MT0005115042,0,12,-1,3,3,14,1,17,12
MT0005118426,15,7,-1,7,15,12,18,15,7
MT0005134466,18,2,-1,18,4,6,3,4,18
MT0005155949,4,8,-1,15,1,14,17,18,6
MT0005157804,6,0,-1,15,2,11,4,5,17
MT0005158273,5,18,-1,17,3,9,1,17,7
MT0005171537,7,4,-1,13,6,15,6,12,2
MT0005189351,15,7,-1,15,3,11,1,8,12
MT0005189820,18,14,-1,6,2,11,4,11,0
MT0005198745,11,14,-1,7,15,12,18,6,0
MT0005202791,16,17,-1,19,14,13,2,9,11
MT0005223794,18,4,-1,11,17,8,16,1,4
MT0005241287,11,14,-1,1,7,3,12,14,3
MT0005241699,13,1,-1,11,17,6,16,4,13
MT0005243931,16,10,-1,14,14,13,14,9,11
MT0005253065,9,15,-1,10,1,7,17,8,7
MT0005262725,11,14,-1,4,0,1,0,15,19
MT0005265641,5,18,-1,17,3,9,1,2,4
MT0005272837,2,13,-1,7,15,12,18,17,1
MT0005285696,6,0,-1,6,2,3,4,15,10
MT0005286165,18,14,-1,14,14,13,15,1,9
MT0005287506,16,6,-1,5,4,10,7,1,11
MT0005294278,0,16,-1,3,3,14,1,18,6
MT0005304966,7,6,-1,5,4,13,14,12,2
MT0005319891,16,10,-1,12,16,8,2,9,11
MT0005330350,8,9,-1,15,2,11,5,5,1
MT0005331755,19,6,-1,18,11,4,3,8,12
MT0005344437,15,7,-1,10,1,7,17,8,10
MT0005379911,11,14,-1,10,8,7,19,3,7
MT0005387539,15,17,-1,11,17,6,16,1,3
MT0005404111,2,0,-1,0,6,0,6,4,18
MT0005404247,3,8,-1,0,6,0,6,15,19
MT0005409948,12,5,-1,18,4,10,7,2,4
MT0005411969,14,1,-1,18,4,10,7,7,13
MT0005417719,12,5,-1,9,12,4,19,2,4
MT0005422349,4,8,-1,7,3,9,1,6,19
MT0005425879,4,8,-1,4,0,1,0,0,10
MT0005426130,14,1,-1,13,6,0,5,2,1
MT0005431678,12,5,-1,18,11,6,2,2,4
MT0005443513,10,11,-1,3,3,14,1,13,15
MT0005451862,11,4,-1,2,13,17,9,1,9
MT0005469880,8,2,-1,0,10,5,5,10,1
MT0005478759,13,0,-1,5,4,13,14,4,1
MT0005486154,4,8,-1,8,0,19,0,0,3
MT0005497233,12,5,-1,3,3,14,1,2,4
MT0005515169,18,1,-1,11,17,6,16,1,12
MT0005519111,6,6,-1,0,10,5,5,8,3
MT0005523766,0,12,-1,13,6,0,6,10,13
MT0005540023,1,14,-1,15,2,11,4,12,10
MT0005540907,14,1,-1,0,6,0,6,10,1
MT0005550288,1,14,-1,18,11,6,3,1,11
MT0005556630,11,14,-1,15,2,11,4,15,10
MT0005567133,1,4,-1,18,4,13,14,3,13
MT0005568749,11,14,-1,4,0,19,0,15,10
MT0005575348,0,12,-1,3,3,14,17,5,10
MT0005592810,13,1,-1,9,11,4,7,4,1
MT0005593407,0,12,-1,15,2,11,4,17,0
MT0005621435,4,8,-1,3,3,14,1,6,19
MT0005625323,14,1,-1,13,6,0,6,10,18
MT0005625762,12,5,-1,13,6,10,6,2,4
MT0005630273,18,14,-1,10,1,7,17,0,7
MT0005638160,16,10,-1,14,14,13,15,9,11
MT0005642770,7,6,-1,12,16,8,2,1,11
MT0005652563,14,1,-1,19,14,13,2,10,1
MT0005655655,0,12,-1,7,15,12,18,8,12
MT0005656534,10,11,-1,7,15,12,18,13,15
MT0005660001,19,6,-1,8,0,19,8,17,7
MT0005666606,13,1,-1,9,6,7,19,4,1
MT0005673020,17,13,-1,5,4,13,14,19,16
MT0005675358,15,7,-1,13,6,0,6,16,1
MT0005695311,13,14,-1,4,0,1,0,15,6
MT0005707044,18,0,-1,18,11,6,3,11,0
MT0005713768,0,12,-1,13,6,0,6,4,1
MT0005715379,8,9,-1,9,12,4,19,11,0
MT0005715715,11,14,-1,9,11,4,3,11,7
MT0005723257,0,16,-1,8,0,19,8,18,6
MT0005725657,19,6,-1,18,9,4,3,4,9
MT0005727783,4,8,-1,15,2,11,4,8,6
MT0005740567,5,18,-1,7,0,9,8,7,12
MT0005751512,16,10,-1,19,4,13,2,19,16
MT0005752234,8,2,-1,0,10,5,5,10,1
MT0005756784,7,6,-1,0,10,5,4,2,4
MT0005760259,7,6,-1,5,9,10,7,1,1
MT0005761702,13,1,-1,9,12,4,19,17,0
MT0005763004,12,5,-1,0,10,5,5,2,4
MT0005774267,18,14,-1,9,12,4,19,1,9
MT0005775235,10,11,-1,10,10,7,5,13,15
MT0005802574,18,4,-1,3,3,14,1,7,8
MT0005804191,9,15,-1,17,2,9,1,8,7
MT0005822463,8,9,-1,4,0,1,0,0,1
MT0005822671,18,6,-1,18,11,6,3,1,9
MT0005826176,5,0,-1,5,9,10,7,3,1
MT0005827376,9,15,-1,10,8,7,5,8,12
MT0005830128,13,16,-1,15,2,11,4,8,1
MT0005850999,5,18,-1,17,3,9,1,18,0
MT0005863380,11,7,-1,0,2,5,5,11,0
MT0005884980,6,0,-1,17,3,9,1,5,10
MT0005912220,0,16,-1,0,8,0,9,8,7
MT0005916227,0,16,-1,7,3,12,18,7,8
MT0005944471,3,0,-1,18,12,4,3,8,12
MT0005951020,14,1,-1,11,17,6,16,14,3
MT0005959692,17,17,-1,4,19,1,0,0,3
MT0005963165,16,6,-1,10,1,7,5,12,0
MT0005974256,14,2,-1,9,12,4,3,11,0
MT0006001707,7,19,-1,13,9,10,7,12,2
MT0006007936,2,0,-1,19,14,13,2,2,9
MT0006022752,0,12,-1,10,1,7,17,17,0
MT0006036535,4,16,-1,3,3,14,1,18,6
MT0006037085,10,11,-1,3,3,14,1,13,15
MT0006039798,8,9,-1,9,12,4,19,11,9
MT0006044445,8,2,-1,6,2,3,12,3,3
MT0006067841,7,6,-1,5,4,13,14,1,9
MT0006078896,1,19,-1,18,4,6,3,9,16
MT0006114773,11,14,-1,19,4,13,14,3,11
MT0006115121,8,2,-1,18,11,6,3,11,0
MT0006129774,4,8,-1,7,15,12,18,6,19
MT0006137300,6,0,-1,7,15,12,18,5,10
MT0006137372,18,14,-1,3,3,14,1,11,0
MT0006157839,19,6,-1,10,1,7,17,1,9
MT0006159067,0,12,-1,17,3,9,1,17,0
MT0006164654,2,13,-1,9,12,4,19,11,0
MT0006169551,6,13,-1,17,3,9,1,5,10
MT0006171393,11,0,-1,4,19,1,0,15,6
MT0006181559,10,3,-1,7,3,9,1,5,8
MT0006188933,2,13,-1,8,0,19,8,2,3
MT0006196650,14,1,-1,9,12,4,19,4,0
MT0006232679,13,0,-1,5,4,10,14,4,1
MT0006256204,17,19,-1,11,17,8,16,19,16
MT0006324704,15,17,-1,0,8,0,6,3,7
MT0006348382,3,16,-1,0,10,5,5,18,6
MT0006356406,18,2,-1,11,17,8,16,1,17
MT0006357085,19,6,-1,18,11,6,3,4,1
MT0006357849,16,6,-1,9,12,4,3,1,16
MT0006365604,12,5,-1,18,11,6,3,2,4
MT0006367176,18,0,-1,5,4,10,14,1,12
MT0006391732,14,4,-1,19,14,13,2,1,9
MT0006397809,5,18,-1,18,4,10,7,7,5
MT0006400514,2,13,-1,3,3,14,1,5,10
MT0006406298,13,1,-1,9,12,4,19,10,1
MT0006409530,18,2,-1,2,13,17,9,14,18
MT0006410285,5,18,-1,15,10,11,5,8,12
MT0006417602,8,2,-1,17,2,9,1,0,3
MT0006421356,3,9,-1,17,3,9,1,18,7
MT0006431184,2,2,-1,8,0,19,18,14,3
MT0006431807,8,2,-1,13,6,0,6,19,13
MT0006434833,7,6,-1,13,6,0,5,2,9
MT0006475078,15,7,-1,8,0,19,8,15,7
MT0006475970,9,15,-1,15,2,11,1,10,1
MT0006484633,16,10,-1,19,14,13,2,9,11
MT0006487635,15,17,-1,11,17,8,16,3,13
MT0006492385,0,12,-1,16,19,18,0,18,6
MT0006497092,16,6,-1,9,8,0,19,3,7
MT0006510599,18,1,-1,9,12,4,3,1,9
MT0006514225,11,14,-1,13,4,10,7,3,9
MT0006522591,11,14,-1,17,3,9,1,14,10
MT0006528309,19,6,-1,0,10,11,4,18,7
MT0006531857,16,10,-1,12,16,8,2,3,11
MT0006536592,13,16,-1,0,6,0,5,4,1
MT0006540794,14,1,-1,13,4,10,7,10,1
MT0006545202,7,6,-1,19,14,13,10,1,16
MT0006552038,16,10,-1,19,4,13,14,3,11
MT0006553309,6,3,-1,9,12,4,19,5,10
MT0006553914,7,2,-1,5,14,13,14,10,13
MT0006559667,16,10,-1,12,16,8,2,9,11
MT0006573563,16,10,-1,12,16,8,2,9,11
MT0006587635,16,10,-1,12,16,8,2,3,11
MT0006587819,6,13,-1,7,15,9,1,15,6
MT0006612877,16,10,-1,12,16,8,2,9,11
MT0006633147,11,6,-1,10,1,7,17,15,7
MT0006635536,2,13,-1,15,1,11,5,15,8
MT0006640142,5,18,-1,0,10,5,5,4,4
MT0006641042,16,10,-1,19,14,13,10,9,16
MT0006654122,11,19,-1,19,4,13,14,3,11
MT0006683265,16,10,-1,19,14,13,14,3,11
MT0006683875,6,14,-1,13,6,0,6,3,10
MT0006695707,1,19,-1,19,14,13,2,3,11
MT0006708402,14,14,-1,0,6,5,5,12,2
MT0006713730,2,13,-1,17,3,9,1,15,19
MT0006723128,18,4,-1,5,4,10,14,19,9
MT0006737689,18,14,-1,19,4,13,14,1,9
MT0006742179,16,10,-1,5,4,13,14,9,11
MT0006746691,19,6,-1,11,17,8,16,4,9
MT0006747288,2,13,-1,9,12,4,3,16,1
MT0006751087,14,4,-1,11,17,6,16,2,18
MT0006761058,11,14,-1,0,8,0,6,8,12
MT0006761971,12,5,-1,13,6,0,6,2,4
MT0006770955,13,1,-1,13,4,10,7,4,1
MT0006771406,14,1,-1,13,6,15,15,10,13
MT0006773580,16,10,-1,13,4,10,7,9,11
MT0006778622,7,2,-1,13,10,0,7,10,13
MT0006784451,7,6,-1,12,16,8,2,1,9
MT0006788512,16,10,-1,14,4,2,14,3,11
MT0006790347,16,17,-1,13,9,2,7,12,2
MT0006795758,12,5,-1,0,8,5,4,2,9
MT0006798861,7,6,-1,11,16,8,16,1,13
MT0006800841,12,5,-1,0,2,5,4,10,7
MT0006806145,18,4,-1,5,4,13,14,3,11
MT0006810990,17,4,-1,11,17,8,16,19,16
MT0006813360,11,14,-1,7,15,12,8,15,10
MT0006832360,16,10,-1,19,14,13,2,9,11
MT0006833696,8,2,-1,18,11,4,3,14,3
MT0006839715,9,15,-1,13,6,0,6,14,3
MT0006843007,13,14,-1,18,11,6,3,8,12
MT0006846075,4,8,-1,10,1,7,17,15,3
MT0006876450,11,14,-1,8,0,19,8,15,6
MT0006877397,13,14,-1,0,10,5,5,6,19
MT0006879985,12,5,-1,0,10,5,6,2,4
MT0006880936,14,2,-1,9,8,7,19,14,3
MT0006919273,3,9,-1,17,3,9,1,16,5
MT0006929157,7,6,-1,0,6,0,5,2,9
MT0006933170,18,1,-1,5,4,10,14,1,9
MT0006937715,13,14,-1,18,12,4,3,8,12
MT0006939177,12,5,-1,0,10,5,1,2,4
MT0006955716,5,0,-1,13,9,10,3,10,1
MT0006983241,10,2,-1,0,10,5,5,13,15
MT0006991912,4,8,-1,3,3,14,1,15,6
MT0007013069,2,0,-1,15,2,11,4,3,8
MT0007037296,7,6,-1,18,14,6,14,3,9
MT0007039082,11,14,-1,13,4,10,7,8,9
MT0007043504,12,5,-1,15,10,11,4,2,4
MT0007051057,0,12,-1,8,0,19,8,17,0
MT0007051188,6,3,-1,15,2,11,1,5,8
MT0007053424,6,3,-1,9,12,4,19,5,10
MT0007057303,19,6,-1,10,1,7,17,10,1
MT0007058512,18,4,-1,12,16,8,2,19,9
MT0007064420,4,8,-1,3,3,14,1,15,19
MT0007067293,7,6,-1,13,9,0,6,10,1
MT0007071481,12,5,-1,6,2,11,5,10,1
MT0007072992,4,8,-1,10,1,7,17,8,7
MT0007074655,17,17,-1,19,14,13,2,19,11
MT0007075838,6,4,-1,18,11,6,3,3,10
MT0007081433,3,9,-1,17,2,14,1,8,10
MT0007087238,10,11,-1,15,10,11,4,13,15
MT0007102148,0,12,-1,4,19,1,0,18,6
MT0007102997,4,8,-1,15,2,11,5,15,7
MT0007106784,0,12,-1,15,2,11,4,4,12
MT0007107079,6,3,-1,7,15,12,18,5,10
MT0007109938,12,5,-1,18,11,6,3,1,9
MT0007113915,19,6,-1,17,2,9,1,17,3
MT0007117290,8,2,-1,10,8,7,19,14,3
MT0007127869,17,4,-1,18,11,6,3,2,4
MT0007132421,7,0,-1,9,12,4,3,4,18
MT0007136180,2,0,-1,5,4,10,7,10,13
MT0007142175,14,1,-1,13,9,16,6,10,9
MT0007147603,0,12,-1,15,2,11,4,10,13
MT0007164275,14,1,-1,19,14,13,14,1,17
MT0007186714,3,9,-1,3,3,12,18,18,0
MT0007190016,14,19,-1,15,2,11,17,19,13
MT0007199330,6,3,-1,2,13,16,7,3,1
MT0007210245,17,4,-1,18,11,4,3,2,4
MT0007267489,3,9,-1,15,2,11,4,16,5
MT0007269020,16,10,-1,18,9,10,7,9,11
MT0007276457,13,14,-1,11,17,8,16,1,9
MT0007280044,18,1,-1,6,2,3,4,8,0
MT0007282148,2,13,-1,17,3,9,1,6,19
MT0007329488,7,6,-1,13,13,0,6,2,18
MT0007337206,13,1,-1,11,17,8,16,4,13
MT0007340697,18,4,-1,0,6,15,6,12,2
MT0007349422,12,5,-1,0,10,5,6,2,1
MT0007350911,4,8,-1,10,8,7,5,8,12
MT0007353661,2,13,-1,6,2,11,5,11,0
MT0007356476,2,8,-1,7,15,12,18,15,19
MT0007379700,18,4,-1,0,6,5,5,12,2
MT0007384768,9,15,-1,7,3,9,1,8,1
MT0007390015,9,15,-1,6,2,11,4,15,7
MT0007393408,7,6,-1,17,2,9,1,12,8
MT0007401605,17,10,-1,5,4,13,14,19,16
MT0007410187,15,7,-1,7,15,12,18,18,6
MT0007412399,14,1,-1,10,1,7,17,10,13
MT0007412921,11,10,-1,15,2,11,4,15,3
MT0007413949,16,10,-1,19,14,13,2,9,11
MT0007419064,14,4,-1,5,4,13,14,4,1
MT0007423667,16,6,-1,12,14,8,2,9,11
MT0007433643,11,2,-1,15,1,14,1,11,3
MT0007438571,14,14,-1,18,11,6,3,11,9
MT0007442223,16,10,-1,12,16,8,2,19,16
MT0007453719,4,8,-1,17,3,9,1,17,6
MT0007477802,8,2,-1,9,9,4,7,14,17
MT0007493575,0,12,-1,10,3,14,1,6,19
MT0007508173,11,14,-1,17,3,3,1,14,18
MT0007522436,12,5,-1,13,9,16,6,2,4
MT0007525777,0,16,-1,7,3,9,18,8,6
MT0007556029,2,13,-1,8,0,12,8,17,6
MT0007602902,11,14,-1,11,17,8,16,1,9
MT0007607008,12,5,-1,13,6,10,7,10,1
MT0007627521,16,17,-1,12,14,8,2,9,11
MT0007644103,9,15,-1,15,2,11,4,8,12
MT0007645808,12,5,-1,19,14,13,14,10,13
MT0007659703,17,4,-1,12,16,8,2,19,9
MT0007663424,18,1,-1,12,16,8,2,1,9
MT0007696006,16,1,-1,12,16,8,2,9,11
MT0007728545,15,1,-1,9,12,4,19,17,5
MT0007730975,19,6,-1,10,2,11,5,3,7
MT0007757097,8,2,-1,18,11,6,3,4,18
MT0007766156,4,8,-1,0,8,0,5,17,7
MT0007780282,17,19,-1,18,11,6,3,19,0
MT0007780572,17,17,-1,5,4,13,14,19,16
MT0007795217,1,19,-1,13,4,10,6,3,11
MT0007797719,15,7,-1,4,0,1,0,18,6
MT0007805279,12,5,-1,9,8,4,19,2,4
MT0007806202,19,6,-1,11,17,8,16,1,9
MT0007818252,15,17,-1,19,4,13,14,9,11
MT0007825188,15,7,-1,11,17,6,16,11,0
MT0007828167,6,3,-1,0,8,5,5,5,7
MT0007832902,15,7,-1,18,11,6,16,8,1
MT0007859380,4,8,-1,10,1,7,5,17,1
MT0007860263,0,16,-1,3,15,12,1,18,6
MT0007866540,12,5,-1,5,4,10,14,2,4
MT0007868583,18,1,-1,9,8,0,9,2,9
MT0007886392,4,8,-1,3,3,14,1,17,1
MT0007906518,1,14,-1,13,9,10,3,3,11
MT0007912800,3,16,-1,9,6,7,5,8,7
MT0007924549,15,5,-1,5,6,15,15,19,4
MT0007926918,11,14,-1,19,4,13,14,1,11
MT0007934529,15,0,-1,12,16,8,2,1,16
MT0007939281,16,17,-1,2,13,15,10,19,16
MT0007959122,16,10,-1,5,4,13,14,1,11
MT0007961100,16,0,-1,12,14,13,2,9,16
MT0007983016,11,2,-1,9,12,4,19,11,0
MT0007991638,16,10,-1,13,4,10,7,9,11
MT0007999856,18,4,-1,11,17,6,16,1,9
MT0008022729,17,4,-1,0,6,5,5,12,2
MT0008029439,8,2,-1,6,0,3,8,10,13
MT0008045785,16,6,-1,19,4,13,2,1,11
MT0008046899,8,2,-1,6,2,17,4,10,1
MT0008077878,14,1,-1,18,11,4,3,10,9
MT0008084656,18,4,-1,18,11,6,3,3,9
MT0008105399,6,3,-1,0,10,5,5,5,10
MT0008113039,3,9,-1,2,13,16,10,4,1
MT0008120072,0,12,-1,8,0,19,8,10,1
MT0008130158,16,6,-1,19,14,13,14,12,2
MT0008131425,4,8,-1,6,2,11,4,10,3
MT0008138963,3,9,-1,3,3,14,1,17,12
MT0008147388,17,19,-1,12,14,8,2,19,16
MT0008149831,1,19,-1,13,9,10,7,9,11
MT0008154135,11,2,-1,15,2,11,4,3,13
MT0008166431,19,6,-1,18,11,6,3,4,1
MT0008184180,18,14,-1,2,13,17,9,1,9
MT0008211502,13,16,-1,11,17,6,16,4,1
MT0008236217,13,14,-1,10,8,7,19,11,0
MT0008236389,19,6,-1,0,10,5,5,4,1
MT0008237717,13,1,-1,18,11,6,3,4,1
MT0008241153,0,12,-1,8,0,19,8,17,6
MT0008276763,19,2,-1,5,4,10,7,11,3
MT0008279825,3,9,-1,13,6,0,7,8,7
MT0008296972,11,14,-1,8,0,19,8,14,3
MT0008307409,2,13,-1,10,8,7,17,5,10
MT0008307905,17,4,-1,5,9,10,7,12,2
MT0008308461,19,6,-1,10,1,7,17,17,0
MT0008313843,13,1,-1,13,6,0,6,4,1
MT0008327012,0,12,-1,15,2,11,4,17,8
MT0008345160,19,6,-1,18,11,6,3,10,1
MT0008347586,12,5,-1,5,4,10,14,2,1
MT0008350331,18,1,-1,13,6,10,7,1,1
MT0008352590,13,5,-1,17,3,9,1,17,1
MT0008361425,14,1,-1,13,6,0,6,7,13
MT0008363189,9,15,-1,0,10,5,5,4,9
MT0008363839,6,0,-1,15,2,11,4,5,10
MT0008368311,0,12,-1,7,15,12,18,0,6
MT0008371251,9,15,-1,17,3,9,1,15,7
MT0008385501,1,19,-1,18,4,6,3,9,11
MT0008386252,16,10,-1,12,16,8,2,9,16
MT0008394478,13,1,-1,9,12,4,3,4,1
MT0008401073,8,2,-1,18,11,4,3,4,1
MT0008408635,6,0,-1,3,3,14,1,5,10
MT0008421113,1,1,-1,19,14,13,2,9,11
MT0008421900,8,2,-1,8,0,19,8,5,3
MT0008425062,17,4,-1,10,8,7,19,19,4
MT0008425616,16,17,-1,12,16,8,2,9,16
MT0008428932,2,13,-1,3,15,12,1,13,0
MT0008431795,9,15,-1,9,12,4,9,8,1
MT0008493270,14,5,-1,4,19,1,0,0,1
MT0008497871,17,19,-1,18,9,10,7,12,2
MT0008499614,16,10,-1,18,9,10,3,9,11
MT0008511909,12,5,-1,0,13,17,9,2,4
MT0008515901,0,12,-1,8,15,12,18,17,6
MT0008530072,15,17,-1,19,4,13,14,9,11
MT0008530652,3,9,-1,8,0,19,8,17,6
MT0008537015,11,14,-1,8,0,12,18,6,19
MT0008548050,5,18,-1,10,1,7,17,18,6
MT0008554680,17,19,-1,6,10,17,4,19,16
MT0008565530,16,10,-1,11,16,8,2,1,9
MT0008570712,9,15,-1,5,11,10,3,2,4
MT0008573252,7,6,-1,19,4,13,2,1,13
MT0008578405,17,4,-1,18,9,10,14,12,2
MT0008596505,10,11,-1,0,10,5,5,13,15
MT0008596537,19,6,-1,5,4,13,14,1,9
MT0008602863,12,5,-1,12,16,8,2,2,4
MT0008604277,3,14,-1,8,0,19,8,18,0
MT0008632122,16,10,-1,10,1,7,13,15,7
MT0008635124,16,17,-1,12,16,8,2,3,11
MT0008636271,1,14,-1,14,9,2,15,3,7
MT0008641724,12,5,-1,13,6,0,3,2,4
MT0008649724,16,10,-1,5,4,13,14,9,11
MT0008652185,16,17,-1,12,16,8,2,9,11
MT0008672387,7,6,-1,11,17,8,16,1,9
MT0008673460,19,6,-1,0,8,5,5,11,7
MT0008684978,13,16,-1,0,8,5,5,8,12
MT0008690776,11,1,-1,18,11,6,3,16,7
MT0008709705,0,12,-1,10,3,14,17,17,12
MT0008734186,1,19,-1,5,4,10,14,12,2
MT0008734289,1,2,-1,19,4,13,2,3,13
MT0008740787,8,2,-1,15,2,11,1,14,17
MT0008750426,4,2,-1,10,1,7,17,14,18
MT0008776764,7,6,-1,5,11,10,3,1,9
MT0008790106,11,2,-1,10,8,7,19,11,0
MT0008790360,16,17,-1,19,14,13,2,9,11
MT0008791082,16,10,-1,11,17,8,16,9,11
MT0008794071,6,3,-1,15,2,11,17,5,10
MT0008800327,16,10,-1,5,4,10,7,3,11
MT0008806305,16,17,-1,19,14,13,2,9,11
MT0008813307,18,4,-1,10,8,7,19,8,9
MT0008813309,19,6,-1,11,17,8,16,4,1
MT0008819987,2,13,-1,8,15,19,8,15,3
MT0008863436,1,19,-1,14,18,2,15,9,11
MT0008869963,4,2,-1,3,3,14,1,14,3
MT0008882630,18,1,-1,5,4,10,7,1,9
MT0008883788,8,9,-1,15,2,11,4,17,7
MT0008891523,13,14,-1,9,12,4,19,8,7
MT0008899266,15,12,-1,4,19,1,0,17,6
MT0008905908,9,15,-1,10,1,7,17,8,0
MT0008953247,14,1,-1,8,0,12,12,0,3
MT0008960612,0,12,-1,3,3,14,17,0,0
MT0008963540,8,9,-1,0,8,5,5,16,5
MT0008966305,19,6,-1,0,6,5,6,10,1
MT0008969183,18,14,-1,5,4,10,7,1,9
MT0008972801,7,6,-1,13,6,0,6,10,1
MT0008999728,16,10,-1,12,16,8,2,9,11
MT0008999898,0,12,-1,4,19,1,0,0,10
MT0009005900,8,2,-1,17,3,9,1,2,18
MT0009008051,18,4,-1,0,10,5,19,5,4
MT0009010830,19,6,-1,0,8,0,5,1,12
MT0009025287,11,19,-1,15,2,11,4,3,11
MT0009025845,11,14,-1,18,11,6,3,14,8
MT0009041370,7,6,-1,18,11,4,3,1,9
MT0009041848,9,15,-1,11,17,8,16,4,1
MT0009054976,6,3,-1,0,10,5,5,5,10
MT0009075362,16,6,-1,6,2,11,9,18,6
MT0009112823,14,2,-1,3,3,14,1,14,18
MT0009117202,12,5,-1,5,9,10,7,7,14
MT0009123251,16,17,-1,14,14,13,14,9,11
MT0009153900,3,18,-1,9,12,4,19,8,12
MT0009164591,3,9,-1,15,2,11,4,11,0
MT0009164605,13,1,-1,0,8,5,5,10,1
MT0009165729,14,2,-1,11,14,6,3,14,17
MT0009169626,2,13,-1,0,6,0,6,14,18
MT0009172291,14,1,-1,19,14,13,2,10,13
MT0009174874,18,4,-1,9,11,4,19,1,11
MT0009188643,5,16,-1,11,17,6,16,8,12
MT0009206381,13,1,-1,10,1,7,17,8,12
MT0009208842,8,2,-1,5,9,16,3,10,18
MT0009213083,19,6,-1,15,10,11,1,17,1
MT0009217411,12,5,-1,13,6,0,19,2,4
MT0009220462,3,9,-1,3,3,14,1,8,0
MT0009233872,13,2,-1,9,12,4,19,11,1
MT0009239443,17,17,-1,19,4,13,2,19,16
MT0009246394,2,7,-1,3,3,14,1,15,6
MT0009253379,7,6,-1,11,11,6,3,2,18
MT0009263768,3,9,-1,0,10,5,5,8,7
MT0009278329,8,2,-1,10,1,7,17,4,18
MT0009300582,2,0,-1,13,6,0,7,11,9
MT0009311775,1,19,-1,19,14,13,2,1,9
MT0009312856,8,9,-1,15,2,11,4,11,3
MT0009319587,11,14,-1,11,14,8,16,3,11
MT0009320357,18,4,-1,9,11,4,3,1,9
MT0009321428,13,14,-1,2,13,17,9,8,0
MT0009346128,14,2,-1,7,15,12,18,10,13
MT0009348908,17,13,-1,0,8,0,5,19,16
MT0009360971,13,1,-1,11,17,8,16,4,9
MT0009368615,3,0,-1,6,2,17,4,8,12
MT0009375581,4,8,-1,7,15,12,18,5,10
MT0009378909,7,2,-1,9,12,4,3,11,0
MT0009385684,11,14,-1,9,1,4,17,15,3
MT0009390091,9,15,-1,18,11,6,3,10,1
MT0009400121,12,5,-1,9,12,4,19,2,4
MT0009418269,17,4,-1,11,17,6,2,19,16
MT0009425259,18,14,-1,11,16,8,2,1,9
MT0009430339,17,14,-1,19,11,13,2,19,0
MT0009464817,2,13,-1,7,15,12,18,17,0
MT0009469599,8,2,-1,10,1,7,17,14,3
MT0009495280,13,14,-1,4,19,1,0,18,6
MT0009495283,11,14,-1,3,3,14,1,15,0
MT0009495284,11,14,-1,4,19,1,0,6,19
MT0009495285,18,1,-1,3,3,14,1,0,3
MT0009521580,6,0,-1,9,12,0,19,8,0
MT0009577134,18,14,-1,2,13,16,10,1,9
MT0009619048,15,7,-1,18,4,10,7,8,7
MT0009631750,16,10,-1,5,4,13,14,3,11
MT0009635389,16,6,-1,19,14,13,2,12,2
MT0009635394,16,10,-1,14,18,2,15,12,2
MT0009635397,16,10,-1,19,4,13,2,12,2
MT0009693151,11,4,-1,3,2,3,1,15,3
MT0009740290,8,9,-1,9,12,0,5,17,1
MT0009741521,6,3,-1,17,3,14,1,5,10
MT0009741760,6,3,-1,4,0,1,0,5,10
MT0009741774,10,11,-1,0,10,5,5,13,15
MT0009781899,3,9,-1,1,7,12,12,16,5
MT0009795009,6,3,-1,8,15,12,8,15,10
MT0009868354,10,11,-1,7,3,9,1,13,15
MT0009872131,14,2,-1,9,9,4,7,10,13
MT0009904717,13,16,-1,19,14,13,2,4,12
MT0009908994,1,19,-1,13,9,0,7,9,11
MT0009968194,8,2,-1,15,2,11,4,10,13
MT0009996318,4,8,-1,17,3,14,1,8,12
MT0010007878,11,1,-1,7,15,12,18,15,10
MT0010007881,11,19,-1,17,3,9,1,15,0
MT0010007882,11,2,-1,7,7,3,12,0,3
MT0010049476,3,9,-1,18,9,10,3,16,5
MT0010054305,8,9,-1,2,13,17,9,11,0
MT0010065680,12,5,-1,19,14,13,10,10,1
MT0010065686,12,5,-1,9,12,0,5,4,13
MT0010083757,8,9,-1,3,3,14,1,17,10
MT0010085729,12,5,-1,18,4,6,7,10,1
MT0010100277,13,1,-1,13,11,10,7,4,9
MT0010100278,13,2,-1,7,7,12,8,17,19
MT0010100279,11,1,-1,10,10,7,5,10,1
MT0010100283,11,1,-1,7,3,12,8,16,5
MT0010100285,18,1,-1,15,10,11,4,1,9
MT0010100333,14,2,-1,9,9,4,7,4,1
MT0010100428,11,14,-1,3,2,14,1,6,8
MT0010169019,12,5,-1,5,4,10,7,10,1
MT0010203716,15,7,-1,0,6,0,5,3,11
MT0010236541,19,6,-1,18,9,4,7,8,0
MT0010257371,13,14,-1,11,17,8,2,4,12
MT0010261584,2,2,-1,15,10,11,5,14,3
MT0010261588,13,14,-1,6,7,3,12,17,10
MT0010278984,13,16,-1,13,9,0,6,17,7
MT0010290775,8,8,-1,0,6,5,5,4,1
MT0010290785,6,3,-1,0,1,5,5,5,10
MT0010290788,6,3,-1,7,15,12,1,5,10
MT0010305995,6,3,-1,7,15,9,1,5,10
MT0010310891,1,19,-1,11,14,8,2,9,11
MT0010310894,17,19,-1,13,9,17,5,12,2
MT0010310896,1,19,-1,19,14,13,2,9,11
MT0010310897,1,14,-1,19,14,8,2,9,9
MT0010310898,1,4,-1,19,14,13,2,9,11
MT0010310899,17,4,-1,11,14,8,2,19,16
MT0010344415,13,1,-1,11,14,6,2,4,1
MT0010346228,13,1,-1,19,14,13,2,4,13
MT0010363782,9,6,-1,3,3,14,1,15,9
MT0010368848,14,1,-1,13,9,10,7,12,2
MT0010369823,18,4,-1,5,4,13,14,1,11
MT0010375510,5,18,-1,0,10,5,5,7,8
MT0010379209,15,17,-1,13,13,16,3,11,9
MT0010392442,0,8,-1,17,3,14,1,6,8
MT0010394619,14,2,-1,15,2,11,4,0,3
MT0010405928,17,19,-1,13,9,16,3,12,2
MT0010444469,5,18,-1,18,9,10,7,6,18
MT0010468178,13,14,-1,9,8,7,19,18,19
MT0010477194,11,14,-1,18,9,10,7,3,11
MT0010480965,1,14,-1,13,4,10,7,9,11
MT0010481194,17,4,-1,15,1,11,17,12,2
MT0010482550,0,12,-1,10,1,7,17,4,18
MT0010485559,18,4,-1,5,4,10,14,12,2
MT0010487366,1,19,-1,18,9,10,14,12,2
MT0010487702,2,0,-1,2,14,16,10,3,11
MT0010502078,12,5,-1,13,9,10,7,7,14
MT0010506192,0,12,-1,3,3,14,1,6,6
MT0010510852,4,8,-1,0,8,5,19,7,5
MT0010512527,10,8,-1,7,3,9,18,13,15
MT0010524453,17,14,-1,0,6,5,5,19,0
MT0010526041,1,19,-1,19,14,13,2,3,11
MT0010534904,2,0,-1,7,15,12,18,0,3
MT0010545132,8,2,-1,4,0,1,0,0,3
MT0010548963,13,16,-1,0,8,5,5,8,12
MT0010551970,11,14,-1,8,0,19,8,15,7
MT0010552303,13,1,-1,10,8,7,19,4,1
MT0010554620,1,19,-1,13,6,0,6,12,2
MT0010574326,14,14,-1,10,2,7,4,7,8
MT0010582452,5,18,-1,10,1,7,1,17,6
MT0010611876,9,15,-1,15,2,11,4,8,0
MT0010612023,12,5,-1,18,9,10,7,10,1
MT0010615428,12,5,-1,0,6,0,5,14,4
MT0010616215,12,5,-1,5,4,10,7,2,4
MT0010617945,8,2,-1,0,6,5,5,10,3
MT0010620026,12,5,-1,15,1,11,17,2,4
MT0010623104,12,5,-1,18,11,6,14,2,4
MT0010624346,12,5,-1,13,6,0,7,2,4
MT0010630017,3,9,-1,0,8,5,5,7,2
MT0010670378,4,8,-1,15,2,11,4,15,10
MT0010674530,13,14,-1,9,12,4,19,8,0
MT0010674859,3,9,-1,7,15,12,8,11,0
MT0010676114,14,2,-1,9,9,4,6,12,8
MT0010687397,17,0,-1,19,14,13,2,19,16
MT0010695865,11,14,-1,9,12,4,19,11,9
MT0010702898,13,16,-1,7,3,12,18,18,12
MT0010705334,19,6,-1,0,8,5,5,8,12
MT0010706869,19,6,-1,3,3,14,1,17,0
MT0010710874,0,12,-1,7,15,12,18,17,6
MT0010715611,7,6,-1,0,6,5,6,7,14
MT0010723658,11,1,-1,9,12,0,19,11,0
MT0010723756,2,7,-1,4,19,1,0,15,6
MT0010736208,12,5,-1,9,18,0,15,7,8
MT0010736281,13,14,-1,10,8,7,5,7,2
MT0010739708,2,8,-1,7,15,12,18,0,10
MT0010741386,3,9,-1,7,3,12,18,18,6
MT0010751134,3,9,-1,0,2,5,5,8,0
MT0010753520,15,7,-1,10,1,7,17,16,0
MT0010754290,19,6,-1,15,2,11,4,17,1
MT0010755212,13,1,-1,0,6,5,5,4,1
MT0010777106,15,7,-1,9,6,0,6,7,5
MT0010815151,0,12,-1,8,0,19,0,18,6
MT0010823031,0,12,-1,3,3,14,1,17,3
MT0010849747,18,1,-1,18,9,10,7,7,2
MT0010850805,0,12,-1,3,3,14,1,15,7
MT0010857270,18,19,-1,19,14,13,14,12,2
MT0010862394,0,12,-1,4,0,1,0,18,6
MT0010883435,9,15,-1,9,6,0,6,4,1
MT0010894865,1,19,-1,13,9,4,7,12,2
MT0010897525,18,14,-1,13,9,0,7,12,2
MT0010902792,13,1,-1,9,6,0,6,7,8
MT0010922381,1,19,-1,6,7,3,12,19,4
MT0010956902,4,8,-1,0,2,5,5,11,0
MT0010967419,9,2,-1,7,15,12,18,0,3
MT0010978213,12,5,-1,5,4,16,6,12,2
MT0010980499,11,14,-1,10,8,7,19,14,17
MT0010983830,11,14,-1,10,1,7,17,14,3
MT0011069243,11,14,-1,13,6,0,6,11,0
MT0011083648,16,10,-1,13,6,15,6,3,11
MT0011095825,2,0,-1,4,0,19,8,6,3
MT0011145388,12,5,-1,0,8,5,17,2,4
MT0011162069,3,9,-1,17,3,9,1,18,6
MT0011204639,11,6,-1,19,4,13,14,11,0
MT0011252708,12,5,-1,18,11,6,2,7,4
MT0011292112,8,2,-1,7,7,3,12,13,15
MT0011302120,2,13,-1,8,0,19,8,18,19
MT0011308097,18,14,-1,0,1,5,5,12,19
MT0011322528,1,19,-1,19,4,13,14,9,11
MT0011332604,2,8,-1,10,8,7,5,11,7
MT0011342337,9,15,-1,0,2,5,9,8,12
MT0011348776,12,5,-1,9,6,0,5,7,8
MT0011353873,2,0,-1,13,9,0,7,3,9
MT0011358600,0,12,-1,8,15,12,18,7,6
MT0011361934,17,4,-1,5,4,10,7,3,11
MT0011369407,17,4,-1,19,14,13,10,19,16
MT0011374266,19,6,-1,11,17,8,16,4,18
MT0011374342,5,18,-1,9,8,0,19,7,8
MT0011376343,7,6,-1,9,12,4,19,2,4
MT0011378875,7,6,-1,11,17,6,16,19,9
MT0011387901,14,1,-1,18,9,10,7,10,13
MT0011391187,0,12,-1,15,2,11,4,17,6
MT0011391356,12,5,-1,3,3,14,1,2,14
MT0011395375,15,7,-1,7,15,12,18,7,0
MT0011398970,2,13,-1,8,0,19,8,0,0
MT0011403548,8,2,-1,4,19,1,0,14,19
MT0011411969,14,2,-1,13,9,4,7,12,17
MT0011426003,12,5,-1,13,9,0,7,7,14
MT0011448773,14,1,-1,9,6,0,6,7,5
MT0011451296,0,8,-1,3,15,12,1,6,19
MT0011487003,19,6,-1,0,1,5,19,7,8
MT0011503204,19,6,-1,9,12,0,6,7,14
MT0011510700,13,16,-1,9,12,4,19,8,12
MT0011558921,0,8,-1,15,2,11,4,14,3
MT0011594970,4,8,-1,7,15,12,18,18,6
MT0011650689,2,13,-1,8,15,19,8,8,6
MT0011659985,4,8,-1,8,0,19,8,18,6
MT0011677264,16,10,-1,18,9,10,3,11,4
MT0011707340,18,1,-1,0,6,5,9,11,2
MT0011711878,3,9,-1,7,15,12,18,18,8
MT0011712337,1,4,-1,19,4,13,14,12,2
MT0011716005,13,1,-1,13,9,10,7,8,0
MT0011739779,19,6,-1,15,2,11,5,8,1
MT0011741035,11,14,-1,7,7,12,12,11,7
MT0011767762,13,1,-1,0,6,0,5,4,1
MT0011772341,3,2,-1,17,3,9,1,10,1
MT0011776369,2,0,-1,15,3,11,1,6,19
MT0011800641,8,9,-1,15,2,11,4,6,18
MT0011808566,14,2,-1,9,11,4,3,10,1
MT0011809659,13,16,-1,17,3,9,1,8,7
MT0011818239,13,16,-1,10,1,7,17,8,12
MT0011821215,3,9,-1,0,8,5,5,4,12
MT0011827018,17,0,-1,9,9,0,7,14,4
MT0011842354,8,9,-1,17,3,9,1,15,7
MT0011847514,7,6,-1,5,4,13,14,10,1
MT0011861922,9,15,-1,9,12,0,19,4,1
MT0011862487,8,9,-1,3,2,14,1,11,7
MT0011869625,14,2,-1,0,6,5,5,13,13
MT0011870505,8,2,-1,8,0,19,8,0,19
MT0011878109,13,16,-1,15,2,11,1,8,12
MT0011879943,17,4,-1,5,4,10,14,19,16
MT0011881944,0,16,-1,18,11,6,3,4,12
MT0011886864,0,8,-1,3,3,14,1,18,6
MT0011894681,0,12,-1,4,0,1,0,17,6
MT0011895910,9,15,-1,0,8,0,5,10,13
MT0011896804,10,11,-1,0,10,5,5,13,0
MT0011908274,10,11,-1,17,3,3,1,13,15
MT0011909571,2,0,-1,0,10,5,5,7,5
MT0011910522,4,8,-1,17,3,9,1,18,6
MT0011914836,13,14,-1,15,2,11,4,16,5
MT0011916674,8,2,-1,15,2,11,4,2,18
MT0011920419,0,12,-1,3,3,14,1,7,8
MT0011921060,1,14,-1,13,6,0,7,3,9
MT0011922905,2,0,-1,9,8,4,19,17,1
MT0011924283,9,15,-1,15,1,11,4,17,1
MT0011924316,17,10,-1,7,3,12,1,19,4
MT0011924930,10,11,-1,6,2,3,4,13,15
MT0011928183,11,14,-1,15,2,11,4,8,9
MT0011929096,11,2,-1,15,2,11,17,15,3
MT0011933875,13,16,-1,0,8,5,5,8,7
MT0011937155,17,0,-1,5,4,10,7,9,16
MT0011937271,4,8,-1,4,0,1,0,0,19
MT0011940781,17,0,-1,13,9,0,7,19,16
MT0011943335,17,0,-1,5,4,13,14,19,16
MT0011943549,12,5,-1,0,10,11,4,2,14
MT0011944405,17,0,-1,13,9,10,7,19,16
MT0011945841,17,13,-1,13,9,0,5,19,16
MT0011950450,6,3,-1,7,15,12,1,5,10
MT0011957429,9,15,-1,0,8,0,5,8,12
MT0011959819,1,19,-1,19,14,13,2,9,11
MT0011961925,3,9,-1,0,8,5,19,16,5
MT0011963777,1,19,-1,19,14,13,2,9,11
MT0011975274,9,15,-1,18,4,10,14,2,4
MT0011982393,4,8,-1,15,2,11,4,15,7
MT0011991382,1,19,-1,13,4,10,7,1,11
MT0011999773,19,6,-1,5,4,13,14,4,12
MT0012000832,5,3,-1,15,10,7,17,5,10
MT0012001409,12,5,-1,10,1,7,4,2,4
MT0012001684,19,6,-1,9,8,0,5,4,1
MT0012004909,8,6,-1,6,2,3,4,7,14
MT0012004929,11,14,-1,9,12,0,6,8,9
MT0012005920,3,9,-1,0,8,5,5,8,12
MT0012009054,18,14,-1,13,9,10,7,3,9
MT0012011991,5,18,-1,0,6,5,5,17,0
MT0012013969,3,2,-1,7,15,12,8,16,5
MT0012014382,7,6,-1,11,14,8,2,4,9
MT0012016955,9,15,-1,9,9,4,6,16,5
MT0012017035,6,3,-1,4,0,19,0,5,10
MT0012023721,9,15,-1,18,4,10,7,7,5
MT0012028572,12,5,-1,0,6,5,5,2,4
MT0012030545,12,0,-1,13,6,0,6,2,4
MT0012030591,19,6,-1,15,2,11,4,8,5
MT0012030863,12,5,-1,10,1,7,17,2,4
MT0012031327,12,0,-1,0,10,5,5,2,4
MT0012033786,12,0,-1,13,6,0,6,2,4
MT0012034242,6,0,-1,0,1,5,17,5,0
MT0012035583,8,9,-1,0,8,5,5,11,0
MT0012041920,8,2,-1,13,6,15,6,10,1
MT0012067911,0,12,-1,3,3,14,1,18,6
MT0012100576,12,5,-1,13,9,0,7,7,14
MT0012116237,18,4,-1,5,4,13,14,12,13
MT0012122028,17,4,-1,13,9,10,7,19,16
MT0012159808,4,8,-1,8,0,19,0,0,6
MT0012168286,17,19,-1,19,16,13,2,19,16
MT0012317309,0,12,-1,8,0,19,8,17,0
MT0012330276,2,6,-1,15,3,14,1,15,7
MT0012333553,2,8,-1,10,2,5,4,11,3
MT0012334245,13,1,-1,10,8,7,5,4,1
MT0012396528,0,12,-1,19,14,13,2,10,13
MT0012398546,0,12,-1,15,2,5,5,10,9
MT0012430736,0,12,-1,15,2,11,4,4,12
MT0012438211,1,14,-1,15,2,11,4,3,11
MT0012455611,13,14,-1,13,12,0,7,1,9
MT0012459878,18,4,-1,5,4,13,14,1,9
MT0012505137,10,2,-1,0,10,5,5,13,15
MT0012509093,13,16,-1,5,9,10,7,4,1
MT0012521149,9,15,-1,0,8,5,5,7,12
MT0012619690,15,7,-1,7,3,12,18,7,14
MT0012634038,18,14,-1,9,8,4,19,18,0
MT0012637285,18,16,-1,9,8,0,5,18,7
MT0012639323,14,2,-1,0,10,5,5,19,13
MT0012645597,11,1,-1,3,3,14,1,16,5
MT0012649676,18,4,-1,13,9,10,7,12,2
MT0012658386,0,16,-1,8,0,19,8,18,6
MT0012666474,18,4,-1,6,2,3,4,8,0
MT0012697686,4,8,-1,3,2,14,1,15,19
MT0012698055,10,11,-1,13,9,0,7,13,15
MT0012738934,2,6,-1,0,10,5,5,7,2
MT0012740185,15,7,-1,15,2,11,4,7,8
MT0012773883,4,8,-1,3,3,14,1,6,19
MT0012777233,19,6,-1,0,18,2,15,7,8
MT0012811141,3,9,-1,17,3,14,1,18,8
MT0012823048,3,9,-1,15,3,14,1,16,5
MT0012844418,3,9,-1,15,2,11,5,16,5
MT0012854734,3,9,-1,7,15,12,18,15,19
MT0012855159,1,14,-1,10,1,7,17,12,2
MT0012862507,3,3,-1,13,9,0,6,5,8
MT0012863101,18,4,-1,13,6,15,6,12,2
MT0012865192,13,1,-1,18,4,10,7,7,5
MT0012895822,2,8,-1,7,15,12,18,6,19
MT0012900592,7,4,-1,5,9,10,7,12,14
MT0012909507,1,1,-1,18,4,10,7,12,2
MT0012914763,7,6,-1,19,16,13,14,12,2
MT0012930833,12,5,-1,5,4,10,7,2,4
MT0012933678,19,6,-1,18,4,10,7,7,14
MT0012976100,0,12,-1,7,15,12,18,7,5
MT0012988776,3,16,-1,7,15,12,18,18,6
MT0013003902,0,12,-1,10,2,7,4,5,8
MT0013056573,2,8,-1,8,15,12,8,15,3
MT0013056830,8,8,-1,0,10,5,5,6,8
MT0013058008,1,1,-1,13,6,0,6,1,1
MT0013064857,11,14,-1,13,13,16,10,11,10
MT0013070871,3,9,-1,3,3,9,1,18,19
MT0013087767,11,14,-1,9,9,0,5,12,2
MT0013101577,13,14,-1,13,9,10,6,16,5
MT0013104929,19,6,-1,9,6,0,5,7,8
MT0013115311,11,14,-1,7,15,12,8,6,8
MT0013156036,13,1,-1,18,11,6,3,4,1
MT0013161246,3,0,-1,0,10,5,5,18,6
MT0013176970,2,0,-1,3,3,14,1,6,19
MT0013177702,2,7,-1,17,3,9,1,6,19
MT0013184611,12,2,-1,19,14,13,2,2,13
MT0013186132,14,1,-1,7,15,12,18,10,3
MT0013193016,3,9,-1,8,0,19,8,11,0
MT0013201347,13,1,-1,0,12,0,5,10,1
MT0013209458,0,12,-1,10,2,7,5,7,8
MT0013216725,12,5,-1,13,9,10,7,2,4
MT0013219857,0,12,-1,8,0,19,8,17,0
MT0013228223,2,8,-1,15,3,14,1,16,7
MT0013236693,13,2,-1,18,4,6,7,4,1
MT0013260233,8,9,-1,4,0,1,0,16,5
MT0013280170,0,14,-1,16,5,18,11,6,6
MT0013283837,8,9,-1,17,3,9,1,6,0
MT0013289749,14,14,-1,9,6,0,6,7,2
MT0013305827,3,9,-1,7,0,9,8,18,6
MT0013328261,0,12,-1,7,15,12,18,7,8
MT0013349760,3,9,-1,9,12,4,19,16,5
MT0013350034,2,0,-1,7,3,12,1,17,8
MT0013411556,9,15,-1,10,1,7,17,8,7
MT0013416300,9,15,-1,17,3,14,1,15,3
MT0013418800,18,4,-1,13,9,10,7,12,2
MT0013458428,3,9,-1,15,2,11,4,15,19
MT0013464231,19,6,-1,0,10,5,5,8,12
MT0013524535,7,6,-1,0,6,5,5,2,3
MT0013583287,4,5,-1,0,8,5,5,7,2
MT0013590244,9,15,-1,18,4,10,7,8,12
MT0013602925,1,19,-1,19,14,13,10,12,2
MT0013610638,1,19,-1,18,4,6,3,9,11
MT0013612461,12,5,-1,19,14,13,2,10,1
MT0013613711,17,19,-1,0,6,5,5,12,2
MT0013616609,12,5,-1,18,9,10,7,2,4
MT0013637631,9,15,-1,13,9,10,7,3,7
MT0013649307,3,9,-1,9,10,0,5,8,18
MT0013658337,8,9,-1,13,6,0,6,10,1
MT0013676763,6,3,-1,4,0,1,0,5,10
MT0013678986,7,6,-1,9,6,0,6,2,1
MT0013693326,3,9,-1,9,12,4,19,11,1
MT0013743441,1,4,-1,17,3,9,1,12,2
MT0013746403,3,9,-1,17,3,9,1,18,0
MT0013751364,12,0,-1,9,12,4,9,2,4
MT0013752990,18,4,-1,11,17,8,16,3,4
MT0013758625,14,1,-1,7,15,12,18,7,13
MT0013764945,3,9,-1,15,2,11,1,8,7
MT0013795989,2,0,-1,15,1,11,1,7,14
MT0013800071,13,16,-1,7,15,12,18,17,8
MT0013809208,13,1,-1,7,3,12,18,17,7
MT0013833732,3,9,-1,3,1,14,17,8,7
MT0013868618,3,9,-1,0,2,5,4,18,0
MT0013881862,17,4,-1,5,4,10,14,12,2
MT0013900095,18,1,-1,13,9,10,7,12,2
MT0013906090,2,0,-1,13,13,16,6,7,5
MT0013921881,12,1,-1,0,6,5,5,12,3
MT0013923586,2,0,-1,7,15,12,18,0,19
MT0013924254,17,2,-1,9,12,0,5,12,17
MT0013929650,0,12,-1,7,3,9,1,7,14
MT0013955066,15,7,-1,15,2,11,4,6,1
MT0013960578,8,2,-1,17,3,9,1,14,3
MT0013979875,12,5,-1,6,10,11,4,7,14
MT0014005525,12,5,-1,0,10,5,5,10,4
MT0014082915,0,8,-1,7,15,12,1,6,19
MT0014116864,12,5,-1,0,10,5,6,2,14
MT0014118699,15,7,-1,15,2,11,4,18,6
MT0014121590,17,4,-1,13,9,10,7,12,2
MT0014135173,1,4,-1,5,4,13,14,12,2
MT0014209882,12,5,-1,15,2,11,4,7,14
MT0014215479,15,7,-1,0,8,5,5,8,0
MT0014439055,19,6,-1,5,9,10,7,1,9
MT0014472963,11,2,-1,15,2,11,4,11,3
MT0014498396,6,0,-1,0,6,0,6,5,8
MT0014553025,4,8,-1,17,3,9,1,16,5
MT0014553172,11,0,-1,4,0,19,8,6,19
MT0014554353,19,6,-1,0,3,5,1,10,4
MT0014555701,19,6,-1,13,9,0,7,10,1
MT0014581361,17,2,-1,5,4,10,14,12,2
MT0014584319,9,6,-1,6,2,3,4,15,6
MT0014584473,0,12,-1,7,15,12,18,17,6
MT0014586720,13,1,-1,5,14,16,10,7,8
MT0014594482,18,4,-1,13,9,10,7,12,2
MT0014612093,9,15,-1,15,2,11,4,7,14
MT0014615863,12,5,-1,12,16,8,2,7,2
MT0014619583,9,15,-1,15,2,11,4,10,13
MT0014624309,6,0,-1,0,6,0,6,18,8
MT0014650353,5,18,-1,0,10,5,5,5,14
MT0014650360,13,1,-1,0,10,5,5,7,0
MT0014664637,14,2,-1,13,9,16,6,12,8
MT0014665667,10,11,-1,17,3,9,1,13,15
MT0014665693,13,1,-1,3,1,14,17,16,1
MT0014693814,8,9,-1,17,2,9,1,6,0
MT0014703649,12,5,-1,13,6,10,7,2,4
MT0014724547,6,3,-1,4,19,1,0,15,10
MT0014752461,9,15,-1,0,6,0,5,18,6
MT0014756127,17,19,-1,19,4,13,2,12,2
MT0014762437,1,19,-1,5,9,10,7,12,13
MT0014781093,11,14,-1,0,10,5,5,14,3
MT0014790813,12,5,-1,13,6,10,7,7,14
MT0014798420,12,5,-1,5,4,10,7,7,14
MT0014804830,11,14,-1,0,6,0,5,6,19
MT0014826870,9,15,-1,15,2,11,4,17,6
MT0014838459,18,4,-1,5,4,13,14,12,2
MT0014845647,18,4,-1,6,2,3,12,12,14
MT0014859055,14,4,-1,15,2,11,4,12,14
MT0014880463,12,5,-1,5,4,10,14,7,14
MT0014936205,13,1,-1,0,10,5,5,10,1
MT0014936656,10,11,-1,17,3,9,1,13,15
MT0014948707,7,6,-1,19,14,13,2,2,4
MT0014953592,19,6,-1,0,10,5,5,4,4
MT0014957211,19,6,-1,19,14,13,2,10,1
MT0014964772,12,5,-1,5,4,13,14,2,0
MT0014974957,7,4,-1,19,4,13,14,19,16
MT0014980594,1,19,-1,19,4,13,2,19,16
MT0014992356,14,2,-1,5,4,10,7,7,5
MT0014997916,9,15,-1,0,1,17,9,7,8
MT0015004867,16,10,-1,12,16,8,2,3,11
MT0015005100,4,8,-1,17,0,9,8,7,8
MT0015019608,16,6,-1,2,13,17,10,1,9
MT0015026273,16,10,-1,5,4,13,15,12,2
MT0015026293,10,11,-1,0,10,5,5,13,15
MT0015028144,13,14,-1,15,10,11,1,7,6
MT0015032338,2,8,-1,4,0,19,0,18,6
MT0015034564,7,6,-1,5,4,10,7,12,2
MT0015139461,13,1,-1,15,10,11,4,17,1
MT0015428521,4,8,-1,8,0,19,8,6,8
MT0015465230,4,8,-1,8,0,19,8,18,6
MT0015469804,12,5,-1,19,4,13,14,2,4
MT0015471594,10,13,-1,8,0,19,8,13,15
MT0015477550,2,13,-1,7,15,12,18,13,0
MT0015494518,12,5,-1,15,2,11,4,7,14
MT0015506396,6,3,-1,7,15,12,18,5,17
MT0015506741,6,0,-1,7,15,12,8,5,8
MT0015511866,2,0,-1,6,2,15,4,7,2
MT0015541501,18,4,-1,0,6,5,5,2,4
MT0015546206,9,15,-1,17,3,9,1,17,1
MT0015587436,1,19,-1,13,9,0,7,12,2
MT0015599764,12,5,-1,5,4,13,14,7,8
MT0015665796,8,2,-1,4,19,1,0,6,19
MT0015706588,0,12,-1,4,0,1,0,17,6
MT0015708437,12,5,-1,13,8,0,19,7,14
MT0015709701,15,7,-1,0,6,0,6,8,1
MT0015715008,17,2,-1,0,10,5,5,12,3
MT0015760726,5,18,-1,0,6,0,5,5,6
MT0015883602,3,16,-1,13,9,10,7,18,6
MT0015889071,17,4,-1,5,4,10,14,12,2
MT0015929505,8,9,-1,15,2,11,4,16,5
MT0015940634,16,2,-1,13,6,0,7,1,17
MT0015950558,12,5,-1,15,2,11,4,7,14
MT0015962332,7,6,-1,0,10,5,4,7,14
MT0015971175,12,5,-1,10,8,7,5,7,14
MT0016469828,5,18,-1,0,10,5,5,17,3
MT0016743722,12,5,-1,5,4,13,14,7,14
MT0016770768,13,14,-1,5,4,10,14,4,7
MT0016887233,6,0,-1,17,3,9,1,5,10
MT0016897938,6,0,-1,8,0,19,8,5,10
MT0016913402,18,14,-1,0,8,5,5,7,8
MT0016915093,12,5,-1,13,6,0,7,7,14
MT0016918508,12,5,-1,13,9,0,7,7,8
MT0016932218,10,11,-1,15,10,11,4,13,15
MT0016933152,3,9,-1,0,6,5,5,16,17
MT0016971741,13,1,-1,2,13,15,15,7,8
MT0016976154,3,9,-1,17,2,9,1,18,6
MT0017031590,13,16,-1,0,6,5,5,7,8
MT0017475710,13,9,-1,5,9,10,7,16,5
MT0017657810,9,15,-1,0,10,5,5,17,8
MT0017971951,19,6,-1,5,4,13,14,10,1
MT0018024152,13,14,-1,19,14,13,16,1,9
MT0018029465,13,14,-1,18,4,10,7,8,7
MT0018031959,18,4,-1,18,4,6,14,1,9
MT0018044514,11,14,-1,0,8,5,5,15,7
MT0018288135,18,4,-1,19,4,13,14,1,11
MT0018376280,3,3,-1,17,3,14,1,5,0
MT0018450519,9,15,-1,9,9,4,6,17,1
MT0018651126,15,7,-1,18,9,10,7,5,10
MT0018669856,1,14,-1,5,4,10,14,3,11
MT0018793776,14,1,-1,0,6,5,5,10,1
MT0019352491,11,5,-1,9,12,0,5,15,10
MT0019766193,7,6,-1,17,3,9,1,11,0
MT0020009125,12,5,-1,5,13,16,7,2,13
MT0020034314,1,14,-1,5,9,10,7,3,11
MT0026135542,4,8,-1,13,6,0,7,8,1
MT0026236933,18,14,-1,1,7,3,12,17,7
MT0026330298,4,8,-1,4,0,1,0,17,0
MT0026378461,8,9,-1,8,0,19,0,17,1
MT0026414107,3,9,-1,6,2,11,4,17,12
MT0026520343,18,14,-1,13,9,10,7,12,2
MT0026607275,19,6,-1,15,3,11,1,8,12
MT0026624084,16,10,-1,19,4,13,14,9,11
MT0026681751,1,19,-1,5,4,10,3,9,11
MT0026682960,9,15,-1,6,2,9,4,7,2
MT0026697228,4,16,-1,16,19,18,0,18,6
MT0026712161,9,15,-1,0,6,0,6,8,7
MT0026719173,1,19,-1,18,4,6,14,9,11
MT0026727455,9,15,-1,17,2,3,4,7,14
MT0026734083,18,19,-1,13,6,0,5,12,2
MT0026753145,19,6,-1,19,14,13,2,4,1
MT0026753827,6,0,-1,13,6,0,6,12,17
MT0026776967,6,3,-1,0,6,0,6,5,10
MT0026790435,12,5,-1,13,9,0,6,7,14
MT0026795261,0,12,-1,18,4,10,7,7,5
MT0026811443,2,13,-1,7,3,9,1,6,19
MT0026826094,11,14,-1,7,3,9,1,6,19
MT0026898936,13,1,-1,9,6,0,19,12,5
MT0026900439,9,15,-1,9,8,17,5,13,15
MT0026903849,18,1,-1,2,13,16,10,1,9
MT0026905937,3,9,-1,17,3,9,1,18,7
MT0026930415,2,8,-1,7,15,12,18,0,10
MT0026933516,9,15,-1,0,6,0,5,18,6
MT0026963572,17,19,-1,0,6,0,5,12,2
MT0026971941,3,9,-1,15,2,11,4,15,7
MT0026972072,11,7,-1,10,1,7,17,15,3
MT0026985012,12,0,-1,10,1,7,5,2,4
MT0026987140,14,1,-1,13,6,0,6,2,4
MT0026990793,2,0,-1,15,2,14,1,11,0
MT0026999750,13,1,-1,13,6,0,6,10,1
MT0027023212,4,8,-1,15,2,11,4,15,10
MT0027032503,17,4,-1,19,14,13,2,19,16
MT0027053023,12,5,-1,15,1,11,5,7,1
MT0027072382,15,18,-1,19,14,13,2,4,12
MT0027075208,1,19,-1,0,10,5,5,3,11
MT0027112893,11,2,-1,0,8,0,5,14,18
MT0027149420,19,6,-1,17,3,9,1,7,14
MT0027182657,3,9,-1,10,10,5,5,7,8
MT0027317557,12,5,-1,13,6,10,6,2,4
MT0027535695,3,9,-1,0,8,5,5,8,1
MT0027696140,12,5,-1,19,14,16,10,10,1
MT0027797339,15,7,-1,0,10,5,4,7,7
MT0027859587,14,14,-1,7,15,12,18,7,19
MT0027976714,4,8,-1,3,15,14,1,14,3
MT0028081047,1,19,-1,11,14,6,10,3,11
MT0028116568,11,16,-1,10,1,7,5,16,5
MT0028167155,16,10,-1,12,16,8,2,19,16
MT0028172888,7,10,-1,18,11,6,3,19,16
MT0028213435,14,4,-1,19,14,13,2,12,2
MT0028228337,5,18,-1,10,1,7,5,18,7
MT0028241237,3,6,-1,5,4,10,14,12,9
MT0028242839,4,8,-1,15,2,11,1,18,6
MT0028293340,8,9,-1,17,2,9,1,11,0
MT0028335228,3,0,-1,0,10,15,5,15,7
MT0028338292,18,14,-1,17,2,9,4,7,8
MT0028345470,16,10,-1,5,4,10,14,12,2
MT0028348785,1,14,-1,19,16,13,2,9,9
MT0028372740,19,6,-1,0,8,5,5,17,12
MT0028374210,9,15,-1,15,2,11,1,18,8
MT0028405583,12,5,-1,5,4,13,14,7,14
MT0028425911,10,11,-1,15,10,11,5,13,15
MT0028445777,14,1,-1,5,4,10,7,10,1
MT0028452849,14,1,-1,13,6,15,6,10,1
MT0028471202,17,4,-1,13,9,10,7,19,16
MT0028498801,9,15,-1,15,2,14,1,18,6
MT0028569169,3,9,-1,15,2,11,4,4,5
MT0028577920,11,14,-1,17,15,9,18,6,0
MT0028587966,6,2,-1,0,8,5,19,5,17
MT0028593700,12,5,-1,13,9,0,7,2,4
MT0028603801,19,6,-1,0,10,5,5,8,12
MT0028609181,5,18,-1,15,1,11,4,14,11
MT0028615001,14,1,-1,0,6,15,6,10,1
MT0028617657,18,1,-1,10,1,7,17,2,0
MT0028617797,18,19,-1,18,4,10,7,12,2
MT0028623145,17,19,-1,5,4,10,7,12,2
MT0028627699,9,15,-1,13,9,10,7,7,2
MT0028691865,0,12,-1,4,0,1,0,17,6
MT0028694655,15,7,-1,0,10,5,5,4,1
MT0028698324,3,16,-1,15,3,11,1,18,6
MT0028750297,1,19,-1,19,14,13,14,12,2
MT0028752173,5,18,-1,3,3,14,1,17,3
MT0028753982,10,3,-1,15,2,11,4,13,0
MT0028754256,1,19,-1,12,16,8,2,9,11
MT0028758101,11,17,-1,0,1,5,5,14,8
MT0028772639,14,4,-1,10,10,7,1,12,14
MT0028790582,12,5,-1,10,1,7,13,7,14
MT0028798040,18,4,-1,19,14,13,2,1,4
MT0028798502,2,7,-1,4,0,1,0,6,6
MT0028810869,13,1,-1,18,4,10,7,7,2
MT0028813190,1,19,-1,19,14,13,14,12,2
MT0028813196,9,15,-1,6,10,11,6,7,14
MT0028888763,3,9,-1,3,1,14,17,8,7
MT0028915582,8,9,-1,5,4,10,14,16,1
MT0028937743,17,0,-1,10,10,5,5,19,13
MT0028942506,4,8,-1,8,0,19,8,15,6
MT0029065626,14,1,-1,18,11,6,3,10,1
MT0029091265,6,3,0,8,0,19,8,5,10
MT0029133325,7,6,-1,10,8,7,5,7,2
MT0029166572,0,12,-1,4,19,1,0,17,6
MT0029196396,1,4,-1,19,14,13,2,1,11
MT0029772184,18,1,-1,11,17,8,16,4,9
MT0029825641,11,4,-1,19,14,13,2,3,0
MT0029861029,0,12,-1,4,0,1,0,17,6
MT0030006612,9,15,-1,7,7,12,12,17,0
MT0030007733,5,3,-1,3,3,14,1,5,10
MT0030074137,13,1,-1,15,2,11,4,18,0
MT0030097307,2,13,-1,0,8,5,5,8,0
MT0030097602,2,13,-1,7,15,12,18,0,3
MT0030160582,16,8,-1,7,15,12,18,12,2
MT0030177407,1,19,-1,13,9,0,7,12,2
MT0030184605,13,14,-1,9,8,0,5,7,2
MT0030203700,3,9,-1,0,12,0,19,16,5
MT0030203729,14,1,-1,9,6,0,5,12,2
MT0030211400,18,14,-1,19,14,13,2,7,2
MT0030212531,2,13,-1,15,2,11,4,12,0
MT0030214520,18,4,-1,19,16,13,2,19,9
MT0030233759,18,4,-1,19,14,13,2,12,2
MT0030247926,0,2,-1,7,15,12,18,0,19
MT0030248025,2,8,-1,13,9,10,6,4,18
MT0030289937,4,8,1,4,0,19,0,18,6
MT0030291182,4,8,-1,0,8,5,5,7,2
MT0030319227,14,8,-1,9,8,7,19,0,3
MT0030324011,1,19,-1,19,14,13,2,3,9
MT0030327630,7,4,-1,10,8,7,5,19,4
MT0030349080,9,16,-1,18,4,10,7,8,12
MT0030362174,3,16,-1,17,3,9,1,18,12
MT0030362299,4,8,-1,8,0,19,8,18,6
MT0030369896,2,3,-1,15,2,14,1,15,10
MT0030407300,19,6,-1,15,1,11,4,17,1
MT0030438262,15,17,-1,5,4,13,14,12,2
MT0030481692,0,12,-1,7,15,12,18,7,8
MT0030484925,0,12,-1,0,8,5,5,7,8
MT0030487841,19,6,-1,9,6,0,6,4,18
MT0030489320,12,5,-1,9,9,0,7,14,4
MT0030499533,9,15,-1,0,6,5,5,8,12
MT0030504803,13,2,-1,11,17,6,3,17,6
MT0030646708,13,2,-1,0,12,5,19,7,5
MT0030968017,0,16,-1,0,6,5,9,8,7
MT0031024722,2,13,-1,7,15,12,18,0,3
MT0031049140,1,19,-1,3,3,14,1,5,10
MT0031375281,6,3,-1,7,0,12,18,5,0
MT0031548988,13,1,-1,18,11,6,3,4,9
MT0031555265,11,5,-1,6,2,11,4,14,3
MT0031574394,13,16,-1,19,14,13,16,8,12
MT0031618741,11,0,-1,0,6,0,19,16,5
MT0031626819,3,9,-1,15,2,11,4,8,0
MT0031661393,12,5,-1,13,6,0,5,2,14
MT0031664726,13,1,-1,13,9,10,7,7,8
MT0031693432,0,2,-1,8,0,19,8,0,0
MT0031726825,18,14,-1,9,9,0,6,12,2
MT0031733848,0,8,-1,4,19,1,0,15,6
MT0031826295,3,9,-1,0,8,5,5,7,8
MT0031826774,6,3,-1,15,1,14,17,5,8
MT0031834881,11,14,-1,18,14,10,7,7,8
MT0031841471,3,9,-1,15,2,11,17,7,6
MT0031861483,18,1,-1,18,11,10,7,1,1
MT0031868141,4,0,-1,11,17,8,16,4,1
MT0031875986,1,19,-1,12,16,8,2,19,11
MT0031893087,13,16,-1,0,1,7,5,18,6
MT0031903528,0,16,-1,15,2,11,1,8,8
MT0031912859,2,2,-1,7,0,12,18,0,17
MT0031917087,13,16,-1,19,14,13,2,4,1
MT0031919561,7,6,-1,12,16,8,2,19,16
MT0031924755,12,5,-1,0,6,0,5,7,14
MT0031925901,17,4,-1,13,9,10,7,12,2
MT0031939057,10,11,-1,15,10,11,4,13,15
MT0031964947,1,19,-1,13,9,0,7,12,2
MT0031979912,11,14,-1,0,8,5,5,18,0
MT0031996487,5,18,-1,10,8,7,5,17,6
MT0031996897,19,6,-1,13,9,0,7,4,18
MT0032001427,2,13,-1,0,6,0,6,15,7
MT0032048707,11,14,-1,9,12,4,19,11,0
MT0032050779,13,14,-1,18,9,4,3,16,1
MT0032060949,8,2,-1,15,3,14,1,7,14
MT0032061091,13,1,-1,18,11,6,3,4,1
MT0032093528,4,8,-1,7,15,12,18,15,10
MT0032157716,12,5,-1,9,6,0,6,7,14
MT0032235381,14,2,-1,13,9,0,7,7,14
MT0032332758,13,1,-1,13,9,10,7,7,14
MT0032405359,2,8,-1,13,9,0,7,3,10
MT0032628164,6,13,-1,7,7,3,12,5,10
MT0032643023,18,4,-1,13,9,10,7,1,7
MT0032651589,12,5,-1,6,2,11,4,7,14
MT0032665811,17,19,-1,5,4,13,14,19,13
MT0032673223,0,12,-1,5,6,15,6,4,1
MT0032682675,11,2,-1,15,2,11,1,11,3
MT0032701682,19,6,-1,0,8,5,5,8,12
MT0032723940,9,15,-1,6,2,3,4,8,7
MT0032757175,3,9,-1,8,0,19,8,18,6
MT0032768117,5,18,-1,15,3,14,1,17,6
MT0032768122,4,2,-1,3,3,14,1,1,4
MT0032778604,5,18,-1,0,8,0,6,15,7
MT0032782452,12,5,-1,15,2,11,4,2,3
MT0032892262,13,1,-1,0,10,5,5,7,8
MT0032957418,12,5,-1,0,6,0,6,2,4
MT0033061162,14,2,-1,0,2,17,5,1,13
MT0033097471,12,5,-1,15,2,11,4,7,14
MT0033155511,7,10,-1,6,2,17,9,12,2
MT0033159895,3,9,-1,15,2,11,4,7,8
MT0033218453,2,13,-1,8,0,19,8,6,8
MT0033226848,16,9,-1,9,8,0,19,16,5
MT0033252621,12,5,-1,18,9,10,7,7,14
MT0033258989,9,16,-1,0,10,5,5,18,6
MT0033262254,0,12,-1,9,11,4,19,4,12
MT0033262547,8,2,-1,0,10,5,5,11,0
MT0033287096,17,4,-1,11,17,8,16,19,16
MT0033319941,2,13,-1,17,3,9,1,6,19
MT0033345959,4,8,-1,8,0,19,8,6,19
MT0033376569,15,7,-1,0,6,0,5,8,7
MT0033381821,14,1,-1,18,11,6,3,10,13
MT0033391277,2,13,-1,7,3,12,1,15,10
MT0033397942,3,9,-1,10,1,7,17,8,6
MT0033410438,4,8,-1,4,0,1,0,6,19
MT0033430737,13,1,-1,5,4,13,14,10,1
MT0033459750,2,13,-1,7,15,12,18,14,13
MT0033470806,12,5,-1,15,10,11,5,10,1
MT0033473090,15,7,-1,17,2,9,1,15,7
MT0033493473,10,3,-1,15,1,14,1,5,8
MT0033512773,13,14,-1,0,8,5,5,8,0
MT0033717316,12,1,-1,14,18,2,15,10,1
MT0033733581,6,3,-1,0,10,5,5,5,10
MT0033818006,4,8,-1,7,3,12,18,0,10
MT0033841575,19,6,-1,5,4,10,7,8,12
MT0033958450,10,11,-1,0,10,5,5,13,15
MT0033974184,12,5,-1,6,2,3,4,7,2
MT0033987987,3,9,-1,18,9,10,7,16,5
MT0033993440,5,18,-1,0,10,5,17,5,5
MT0034013916,17,1,-1,19,4,13,14,12,2
MT0034064577,18,1,-1,0,2,5,4,10,1
MT0034094847,3,9,-1,10,8,7,5,16,5
MT0034113973,14,14,-1,19,14,13,2,1,9
MT0034125967,2,0,-1,0,6,0,5,1,0
MT0034136847,0,12,-1,16,19,18,0,17,6
MT0034138322,0,12,-1,0,8,5,5,7,8
MT0034191542,10,3,-1,6,7,3,12,8,7
MT0034197846,4,8,1,16,19,18,0,18,6
MT0034211183,19,6,-1,0,1,5,5,10,1
MT0034225020,2,7,-1,0,6,0,6,11,0
MT0034230990,14,14,-1,0,10,5,5,14,8
MT0034403159,13,1,-1,2,13,17,9,4,1
MT0034403951,18,4,-1,5,4,10,14,12,2
MT0034410340,0,12,-1,8,0,19,0,17,6
MT0034422157,2,13,-1,7,3,9,1,11,19
MT0034426806,1,19,-1,19,14,13,2,9,11
MT0034429136,7,6,-1,17,3,9,1,6,19
MT0034518366,11,2,-1,6,2,3,4,12,5
MT0034549623,3,14,-1,17,3,9,1,12,0
MT0034551604,6,3,-1,15,2,11,4,5,10
MT0034552648,9,15,-1,13,8,0,19,10,1
MT0034560618,8,9,-1,10,2,11,4,16,0
MT0034563474,13,16,-1,0,8,5,5,8,12
MT0034574251,1,19,-1,0,6,0,5,5,10
MT0034577404,2,13,-1,10,1,7,17,14,3
MT0034670435,16,17,-1,5,4,13,14,12,2
MT0034677542,9,15,-1,3,1,14,1,7,14
MT0034694413,18,4,-1,5,4,13,14,12,2
MT0034706827,4,8,-1,4,0,1,0,6,19
MT0034800740,11,1,-1,18,9,10,7,16,1
MT0034852831,19,0,-1,13,6,0,6,7,14
MT0034988131,13,16,-1,9,12,4,19,8,12
MT0034991842,14,4,-1,13,9,10,7,12,2
MT0034992204,3,9,-1,0,10,0,5,4,18
MT0034992958,5,18,-1,0,10,5,5,6,19
MT0034996484,18,1,-1,5,4,10,14,1,9
MT0035037927,9,15,-1,18,11,4,3,11,9
MT0035108409,2,13,-1,8,0,19,8,15,19
MT0035119161,11,14,-1,0,6,5,5,14,1
MT0035241675,17,4,-1,5,6,15,6,19,16
MT0035285414,17,19,-1,12,16,8,2,9,16
MT0035316286,8,2,-1,17,3,9,1,0,3
MT0035322836,17,4,-1,11,17,8,16,12,2
MT0035332435,14,1,-1,13,6,0,6,4,1
MT0035332835,1,19,-1,18,4,10,14,12,2
MT0035833639,3,9,-1,8,0,12,8,18,6
MT0035974809,3,9,-1,16,19,18,0,15,19
MT0035974819,8,2,-1,4,19,1,0,6,19
MT0036111757,14,1,-1,2,14,16,10,1,13
MT0036368550,13,6,-1,18,4,2,7,4,1
MT0039250520,12,5,-1,18,4,6,3,2,11
MT0041030749,6,3,-1,8,0,19,8,5,10
