track_id,language,cluster_vae,cluster_pca
A001,unknown,3,4
A002,unknown,4,2
A003,unknown,3,0
A004,unknown,3,4
A005,unknown,4,2
A010,unknown,1,3
A011,unknown,4,2
A013,unknown,4,2
A014,unknown,1,3
A017,unknown,2,1
A018,unknown,3,4
A019,unknown,4,2
A020,unknown,4,2
A021,unknown,0,0
A022,unknown,4,2
A023,unknown,1,3
A024,unknown,1,3
A025,unknown,4,2
A028,unknown,1,3
A029,unknown,4,2
A030,unknown,3,0
A032,unknown,3,4
A034,unknown,0,0
A035,unknown,4,2
A038,unknown,2,3
A039,unknown,4,2
A042,unknown,2,1
A043,unknown,5,5
A045,unknown,4,4
A047,unknown,4,2
A048,unknown,3,0
A049,unknown,1,3
A050,unknown,0,0
A051,unknown,2,1
A052,unknown,1,3
A055,unknown,4,2
A058,unknown,3,4
A060,unknown,3,4
A061-66,unknown,5,5
A062-170,unknown,1,3
A063-90,unknown,4,2
A064-116,unknown,4,2
A066-140,unknown,0,0
A067-104,unknown,0,0
A068-167,unknown,1,3
A071-70,unknown,2,1
A073-143,unknown,0,0
A074-91,unknown,1,3
A077-122,unknown,2,1
A078-173,unknown,4,2
A080-92,unknown,1,3
A081-67,unknown,3,4
A082-93,unknown,1,3
A083-158,unknown,3,4
A084-75,unknown,0,0
A085-69,unknown,5,5
A086-123,unknown,1,3
A087-165,unknown,4,2
A088-136,unknown,0,0
A090-94,unknown,4,2
A091-95,unknown,1,3
A092-96,unknown,2,1
A094-110,unknown,4,2
A095-113,unknown,4,2
A096-68,unknown,5,5
A097-152,unknown,3,4
A098-154,unknown,3,0
A100-124,unknown,2,1
A101-111,unknown,4,2
A102-114,unknown,0,2
A103-99,unknown,1,3
A104-119,unknown,1,3
A105-117,unknown,0,0
A106-100,unknown,4,4
A107-115,unknown,4,2
A109-138,unknown,4,2
A111-141,unknown,3,4
A114-120,unknown,4,2
A115-84,unknown,4,2
A116-135,unknown,4,2
A117-76,unknown,5,1
A119-151,unknown,4,2
A120-168,unknown,3,0
A126-77,unknown,3,4
A127-133,unknown,1,3
A128-109,unknown,4,2
A130-162,unknown,4,2
A131-101,unknown,0,0
A132-121,unknown,1,3
A134-142,unknown,3,0
A136-97,unknown,2,1
A137-153,unknown,4,2
A140-166,unknown,1,3
A141-139,unknown,4,2
A142-98,unknown,1,3
A143-72,unknown,5,5
A145-134,unknown,0,0
A146-118,unknown,4,0
A147-169,unknown,1,3
A148-102,unknown,2,1
A150-132,unknown,1,2
A151-172,unknown,3,5
A152-108,unknown,4,2
A153-130,unknown,4,2
A157-71,unknown,3,5
A159-164,unknown,4,2
A160-149,unknown,4,2
A162,unknown,0,0
A165,unknown,3,0
A166,unknown,4,2
A167,unknown,4,2
A168,unknown,4,2
A170,unknown,4,2
A171,unknown,3,4
A172,unknown,1,3
A174,unknown,4,2
A176,unknown,1,3
A177,unknown,1,3
A178,unknown,4,2
A179,unknown,0,0
A182,unknown,0,0
A183,unknown,1,3
A186,unknown,0,0
A187,unknown,1,2
A188,unknown,5,5
A190,unknown,5,5
A191,unknown,5,5
A192,unknown,4,2
A193,unknown,0,0
A194,unknown,1,3
A195,unknown,3,4
A196,unknown,4,2
A198,unknown,3,4
MT0000004637,unknown,3,4
MT0000008995,english,3,5
MT0000010219,unknown,3,5
MT0000010844,unknown,4,2
MT0000011357,english,2,1
MT0000011975,unknown,1,3
MT0000022993,unknown,4,2
MT0000026571,english,3,4
MT0000027422,english,2,1
MT0000027476,unknown,3,4
MT0000030834,english,5,5
MT0000031210,english,3,4
MT0000038502,english,1,3
MT0000040632,unknown,4,2
MT0000040773,english,3,4
MT0000042939,english,1,3
MT0000043184,english,3,0
MT0000044741,english,4,2
MT0000045345,english,0,0
MT0000048600,english,4,2
MT0000054705,unknown,4,2
MT0000059269,english,5,5
MT0000060906,unknown,0,0
MT0000062500,unknown,5,5
MT0000063684,english,4,2
MT0000066236,english,2,1
MT0000066421,english,0,0
MT0000068300,unknown,3,4
MT0000069357,unknown,4,2
MT0000074128,unknown,0,0
MT0000080053,english,5,5
MT0000082188,english,5,5
MT0000086233,unknown,3,5
MT0000088320,unknown,4,2
MT0000089238,english,1,3
MT0000089410,english,0,5
MT0000091401,english,2,1
MT0000091781,english,4,2
MT0000092267,unknown,0,0
MT0000092637,english,3,0
MT0000093583,english,5,5
MT0000095414,english,0,0
MT0000097008,unknown,4,2
MT0000097948,english,3,4
MT0000098581,unknown,3,4
MT0000103049,english,5,5
MT0000103874,english,2,1
MT0000104363,unknown,4,2
MT0000105192,unknown,3,4
MT0000105492,english,0,0
MT0000109716,unknown,1,3
MT0000110175,unknown,4,2
MT0000113311,unknown,4,2
MT0000117176,english,3,4
MT0000119701,english,3,4
MT0000119987,english,4,2
MT0000123853,unknown,0,0
MT0000124779,english,4,0
MT0000128573,english,3,4
MT0000133200,english,1,3
MT0000135916,english,3,5
MT0000144160,english,4,2
MT0000145509,english,4,2
MT0000146284,english,3,0
MT0000146966,english,1,3
MT0000147182,english,4,0
MT0000151451,english,4,2
MT0000151529,english,4,4
MT0000153970,unknown,0,0
MT0000161127,unknown,4,2
MT0000162219,english,4,2
MT0000164441,english,3,4
MT0000169174,english,1,3
MT0000169836,english,0,0
MT0000171421,english,4,2
MT0000171852,english,5,5
MT0000174580,english,4,2
MT0000175597,english,3,4
MT0000177451,unknown,3,0
MT0000177878,english,5,5
MT0000185453,english,3,0
MT0000185601,english,4,2
MT0000186467,english,1,3
MT0000190640,english,1,3
MT0000192015,unknown,3,4
MT0000192913,english,4,2
MT0000192982,english,4,2
MT0000195705,english,3,4
MT0000197431,english,5,1
MT0000202045,english,0,2
MT0000203193,unknown,4,2
MT0000203272,unknown,2,1
MT0000204016,unknown,4,4
MT0000213542,unknown,4,2
MT0000214287,english,3,4
MT0000216849,english,1,3
MT0000218346,english,4,2
MT0000222773,unknown,3,4
MT0000225806,english,4,2
MT0000231442,english,1,3
MT0000231784,english,0,0
MT0000235880,unknown,2,1
MT0000245808,english,0,0
MT0000249842,unknown,4,2
MT0000252574,english,4,2
MT0000255724,english,4,2
MT0000258223,english,3,4
MT0000258646,english,2,1
MT0000265621,english,2,4
MT0000268576,english,4,2
MT0000270200,english,2,1
MT0000271454,english,4,2
MT0000271970,english,1,3
MT0000272906,unknown,1,3
MT0000273374,english,5,5
MT0000277032,english,3,4
MT0000277633,english,3,5
MT0000283043,english,4,2
MT0000287606,english,3,4
MT0000287921,english,1,3
MT0000289116,english,5,5
MT0000292000,english,4,2
MT0000293345,english,0,0
MT0000299291,english,4,2
MT0000300896,unknown,3,4
MT0000302038,unknown,4,2
MT0000310204,english,4,2
MT0000312152,english,2,4
MT0000315363,english,4,2
MT0000315392,english,4,2
MT0000316110,english,1,3
MT0000317770,unknown,0,0
MT0000318206,english,1,3
MT0000318279,english,3,4
MT0000320757,english,4,2
MT0000321394,english,1,3
MT0000321824,english,0,0
MT0000325093,english,4,2
MT0000335310,english,3,0
MT0000336135,unknown,4,0
MT0000344141,unknown,0,0
MT0000348553,english,4,2
MT0000348835,unknown,4,2
MT0000353361,english,4,2
MT0000357325,unknown,3,4
MT0000364027,unknown,4,2
MT0000369188,english,0,0
MT0000370694,english,3,4
MT0000377411,unknown,1,3
MT0000379144,unknown,4,2
MT0000380307,english,3,4
MT0000380971,english,3,4
MT0000381928,unknown,2,1
MT0000391566,english,1,3
MT0000392975,unknown,3,0
MT0000398595,english,0,0
MT0000400490,unknown,4,2
MT0000401186,unknown,0,0
MT0000401600,unknown,1,3
MT0000408441,english,3,4
MT0000409922,english,4,0
MT0000413173,unknown,3,4
MT0000414517,unknown,4,2
MT0000419956,english,2,1
MT0000421504,english,3,4
MT0000425270,english,1,3
MT0000426771,unknown,4,2
MT0000426880,english,0,0
MT0000434716,unknown,3,4
MT0000436815,english,4,2
MT0000441552,english,4,3
MT0000442827,unknown,4,2
MT0000446304,english,4,0
MT0000447539,english,3,4
MT0000456939,english,1,3
MT0000460427,unknown,3,0
MT0000460480,english,3,4
MT0000463371,english,1,3
MT0000475876,english,0,5
MT0000481003,unknown,5,1
MT0000481304,english,2,1
MT0000483039,unknown,0,0
MT0000487439,english,3,0
MT0000495176,unknown,1,3
MT0000497520,english,0,0
MT0000515256,english,3,4
MT0000518591,english,4,2
MT0000522450,unknown,4,2
MT0000522789,unknown,4,4
MT0000522938,unknown,4,3
MT0000523576,english,4,2
MT0000524741,unknown,0,0
MT0000526302,english,3,4
MT0000526867,english,3,0
MT0000534539,english,3,4
MT0000540286,english,5,5
MT0000546446,english,4,2
MT0000547065,english,1,2
MT0000549945,english,3,4
MT0000550961,english,3,0
MT0000553622,english,0,0
MT0000556349,english,3,4
MT0000562195,unknown,1,3
MT0000567692,english,3,4
MT0000570966,english,4,2
MT0000573766,unknown,1,3
MT0000576231,unknown,1,3
MT0000581530,unknown,0,0
MT0000595581,unknown,3,4
MT0000599398,english,3,4
MT0000603187,english,1,3
MT0000603561,english,3,4
MT0000604234,english,4,2
MT0000615489,english,4,2
MT0000619767,english,4,2
MT0000620635,unknown,3,4
MT0000621840,english,4,2
MT0000630628,english,1,3
MT0000631491,unknown,3,4
MT0000633351,english,5,5
MT0000636335,unknown,4,0
MT0000638424,english,3,4
MT0000638634,english,4,2
MT0000642549,unknown,1,3
MT0000643201,english,4,2
MT0000647818,english,4,2
MT0000652082,english,4,2
MT0000661250,english,5,5
MT0000661847,english,0,0
MT0000664362,english,1,3
MT0000666429,english,1,3
MT0000670865,english,4,2
MT0000672880,english,4,2
MT0000682947,unknown,1,3
MT0000685324,english,0,0
MT0000685538,english,3,4
MT0000685552,english,4,2
MT0000688115,english,0,5
MT0000688312,english,4,2
MT0000694316,english,2,1
MT0000698081,unknown,3,0
MT0000704913,english,2,1
MT0000707663,english,4,2
MT0000710146,unknown,3,0
MT0000711493,unknown,4,2
MT0000712071,english,4,2
MT0000712316,unknown,1,3
MT0000714708,english,0,0
MT0000716124,unknown,4,2
MT0000720686,english,4,2
MT0000721873,english,0,0
MT0000723464,english,0,0
MT0000724357,english,0,0
MT0000727738,english,0,0
MT0000729701,unknown,1,3
MT0000732206,unknown,3,4
MT0000732821,unknown,0,0
MT0000734482,english,5,5
MT0000735056,english,1,3
MT0000737624,unknown,1,2
MT0000737807,unknown,4,2
MT0000741489,english,1,3
MT0000744293,english,1,3
MT0000746822,unknown,0,0
MT0000747666,english,0,0
MT0000753074,english,3,0
MT0000754511,english,4,2
MT0000762097,english,3,5
MT0000763275,english,3,0
MT0000764951,english,3,4
MT0000766316,english,2,1
MT0000772749,unknown,3,4
MT0000773391,unknown,4,0
MT0000775053,english,4,0
MT0000776108,english,3,4
MT0000778102,english,0,0
MT0000780401,english,4,2
MT0000783307,english,1,3
MT0000789330,english,1,3
MT0000793161,unknown,3,0
MT0000796526,unknown,3,5
MT0000805883,unknown,0,0
MT0000807741,english,2,4
MT0000808227,english,1,3
MT0000811092,english,5,5
MT0000811743,english,3,0
MT0000821772,unknown,0,0
MT0000825920,english,3,4
MT0000826010,unknown,4,2
MT0000829531,english,4,2
MT0000829765,english,3,0
MT0000832464,english,0,0
MT0000834505,unknown,1,3
MT0000848769,english,4,4
MT0000850050,english,0,0
MT0000850957,english,2,1
MT0000851865,english,4,2
MT0000852582,english,1,3
MT0000853072,english,3,4
MT0000854722,english,0,0
MT0000857091,unknown,1,3
MT0000863232,english,2,4
MT0000863543,english,4,2
MT0000865478,unknown,4,2
MT0000871290,english,4,2
MT0000874482,english,1,3
MT0000875199,english,4,2
MT0000875520,english,4,2
MT0000886390,english,3,0
MT0000886723,unknown,0,0
MT0000888329,english,0,0
MT0000889229,english,5,5
MT0000892306,english,1,3
MT0000895003,english,2,1
MT0000895905,english,3,5
MT0000897883,unknown,1,3
MT0000900387,english,0,0
MT0000900995,english,5,5
MT0000901959,english,4,2
MT0000903225,english,4,2
MT0000906888,english,3,4
MT0000910270,english,1,3
MT0000913916,unknown,4,0
MT0000920227,english,5,5
MT0000922312,unknown,5,5
MT0000927561,english,1,3
MT0000931402,english,0,0
MT0000934613,english,1,3
MT0000936370,unknown,0,0
MT0000941301,unknown,4,2
MT0000945118,unknown,3,0
MT0000948111,english,3,4
MT0000949813,unknown,5,5
MT0000950090,english,4,0
MT0000954088,english,2,1
MT0000956340,english,4,2
MT0000971834,unknown,1,3
MT0000972004,unknown,1,3
MT0000973218,unknown,1,3
MT0000975216,unknown,4,2
MT0000980148,unknown,4,2
MT0000982297,unknown,4,2
MT0000984023,english,1,3
MT0000987523,unknown,4,2
MT0000992846,english,1,3
MT0000997306,unknown,2,1
MT0001016068,english,3,4
MT0001020011,english,3,4
MT0001026170,unknown,5,5
MT0001030436,english,3,4
MT0001032211,english,4,2
MT0001035786,unknown,1,2
MT0001042055,english,4,2
MT0001043721,english,4,2
MT0001051344,unknown,4,2
MT0001052263,unknown,0,0
MT0001053268,english,0,2
MT0001053762,unknown,1,3
MT0001057748,unknown,5,5
MT0001058887,english,4,2
MT0001062700,english,3,0
MT0001062974,unknown,1,3
MT0001068364,unknown,0,5
MT0001069996,unknown,4,2
MT0001082164,unknown,4,2
MT0001084055,unknown,3,4
MT0001084444,unknown,5,1
MT0001094338,unknown,5,5
MT0001095298,english,2,1
MT0001098562,unknown,5,5
MT0001101467,english,0,0
MT0001102610,english,4,2
MT0001104467,english,0,0
MT0001104727,unknown,4,2
MT0001106114,english,4,2
MT0001108070,unknown,0,5
MT0001109401,english,4,2
MT0001115644,english,4,2
MT0001116511,english,1,3
MT0001117815,english,4,2
MT0001121577,english,0,0
MT0001133011,unknown,2,1
MT0001134958,english,3,4
MT0001135075,unknown,4,2
MT0001137053,english,5,5
MT0001144930,english,4,2
MT0001152165,english,4,0
MT0001152664,english,4,0
MT0001153847,english,1,3
MT0001156310,unknown,3,4
MT0001157069,english,3,5
MT0001168323,english,3,0
MT0001169715,english,4,2
MT0001183783,english,3,0
MT0001189913,english,0,0
MT0001193202,english,1,3
MT0001193331,english,4,2
MT0001193971,english,4,2
MT0001194164,english,4,2
MT0001195535,english,3,4
MT0001202986,english,4,2
MT0001217651,english,4,2
MT0001227219,english,4,2
MT0001230193,english,1,3
MT0001230298,english,3,0
MT0001234946,unknown,4,2
MT0001236649,unknown,4,2
MT0001243097,english,3,4
MT0001243566,unknown,4,2
MT0001253889,unknown,0,0
MT0001256033,english,1,3
MT0001265984,english,4,2
MT0001266436,english,3,0
MT0001267997,english,4,4
MT0001276044,english,1,3
MT0001277283,english,4,2
MT0001284282,english,4,2
MT0001284801,english,3,5
MT0001287647,english,1,3
MT0001289749,unknown,4,3
MT0001292451,english,3,4
MT0001297031,english,3,4
MT0001298241,english,4,2
MT0001301827,english,3,5
MT0001302466,unknown,4,2
MT0001305231,unknown,0,0
MT0001305550,english,5,5
MT0001308506,unknown,4,2
MT0001309422,english,4,2
MT0001313815,english,4,2
MT0001318718,english,4,2
MT0001321861,english,4,2
MT0001323755,english,0,2
MT0001323890,unknown,2,4
MT0001328889,unknown,4,2
MT0001331047,english,3,5
MT0001332899,english,4,2
MT0001333258,unknown,4,2
MT0001335920,english,4,2
MT0001339839,unknown,1,3
MT0001340527,unknown,0,0
MT0001340713,unknown,0,0
MT0001347462,english,3,4
MT0001353828,english,0,0
MT0001356476,english,4,2
MT0001356637,english,1,3
MT0001361436,english,1,3
MT0001362313,english,4,2
MT0001368531,english,4,0
MT0001369981,english,3,4
MT0001370627,english,3,4
MT0001372070,english,4,2
MT0001376988,english,4,2
MT0001377616,english,4,2
MT0001377742,english,1,3
MT0001380360,english,1,3
MT0001383277,english,1,3
MT0001385947,english,4,2
MT0001391154,unknown,4,2
MT0001394087,unknown,0,0
MT0001395462,english,3,4
MT0001397431,english,4,2
MT0001404677,english,3,4
MT0001415729,unknown,1,3
MT0001417252,unknown,4,2
MT0001418045,unknown,4,2
MT0001419145,unknown,4,2
MT0001435061,english,3,4
MT0001436086,english,5,5
MT0001438043,unknown,3,0
MT0001440624,unknown,3,4
MT0001453285,english,3,5
MT0001459810,unknown,0,0
MT0001463745,unknown,0,0
MT0001472536,unknown,4,2
MT0001473110,english,5,1
MT0001473158,english,3,4
MT0001474073,unknown,4,2
MT0001477169,english,3,4
MT0001486960,english,4,4
MT0001494267,unknown,0,0
MT0001494812,english,4,2
MT0001497191,unknown,4,2
MT0001497786,english,5,5
MT0001504929,unknown,0,0
MT0001509368,english,4,2
MT0001509615,english,4,2
MT0001510617,english,1,3
MT0001511433,english,3,4
MT0001514284,english,1,2
MT0001515028,english,0,0
MT0001515531,unknown,4,2
MT0001518335,english,5,5
MT0001520918,unknown,1,3
MT0001521543,english,4,2
MT0001523435,english,3,4
MT0001526386,unknown,3,4
MT0001526514,english,4,2
MT0001528638,english,3,4
MT0001531856,english,4,2
MT0001531906,english,0,2
MT0001533920,unknown,3,4
MT0001542457,english,1,3
MT0001542676,unknown,0,0
MT0001547111,english,4,2
MT0001548914,unknown,3,4
MT0001553573,english,1,3
MT0001554870,english,1,3
MT0001566152,english,4,2
MT0001568638,unknown,2,1
MT0001574245,unknown,2,1
MT0001578777,english,1,3
MT0001583214,english,4,2
MT0001586807,unknown,2,1
MT0001590201,english,4,2
MT0001590644,english,1,3
MT0001593342,unknown,1,3
MT0001594582,english,3,0
MT0001595082,english,1,3
MT0001598707,unknown,4,2
MT0001605268,unknown,0,0
MT0001608499,english,2,1
MT0001609615,english,0,0
MT0001609626,unknown,1,3
MT0001610102,english,4,2
MT0001610914,unknown,1,3
MT0001613887,english,1,3
MT0001615005,english,4,2
MT0001615082,unknown,4,2
MT0001616074,unknown,4,2
MT0001624303,english,4,2
MT0001634305,english,1,3
MT0001638394,english,3,4
MT0001639011,english,4,2
MT0001641165,english,4,2
MT0001641166,unknown,1,3
MT0001641228,unknown,5,5
MT0001641430,unknown,3,4
MT0001642019,english,1,3
MT0001644811,english,2,1
MT0001646256,english,3,4
MT0001648703,english,1,3
MT0001653728,english,4,2
MT0001658982,english,3,4
MT0001661022,english,3,4
MT0001667621,unknown,3,0
MT0001671399,english,4,0
MT0001673884,english,5,5
MT0001676671,unknown,0,0
MT0001680969,unknown,3,4
MT0001696863,unknown,4,2
MT0001699798,english,2,1
MT0001701648,unknown,4,2
MT0001703346,unknown,3,4
MT0001705355,unknown,4,2
MT0001710592,english,4,2
MT0001729778,english,0,0
MT0001732928,unknown,3,5
MT0001736229,unknown,1,3
MT0001738256,english,1,3
MT0001741017,english,4,2
MT0001742519,unknown,3,4
MT0001747053,unknown,4,2
MT0001753457,unknown,0,5
MT0001757676,english,3,4
MT0001760172,unknown,3,4
MT0001765726,english,3,4
MT0001766004,english,1,3
MT0001768550,unknown,5,5
MT0001770136,english,1,3
MT0001779167,english,1,3
MT0001795697,english,2,1
MT0001798303,unknown,0,0
MT0001801454,english,0,0
MT0001810607,english,0,0
MT0001829666,english,4,2
MT0001831738,english,4,2
MT0001832838,english,4,0
MT0001835551,english,1,3
MT0001839466,english,3,4
MT0001841416,english,3,4
MT0001844620,unknown,4,2
MT0001852290,english,1,3
MT0001853221,unknown,1,3
MT0001855865,unknown,4,0
MT0001862892,english,0,0
MT0001863795,unknown,1,3
MT0001868336,unknown,3,0
MT0001870847,unknown,4,2
MT0001871732,unknown,4,2
MT0001877603,unknown,0,5
MT0001889075,english,4,2
MT0001889244,english,4,2
MT0001891229,unknown,2,1
MT0001891260,english,3,4
MT0001894368,unknown,4,4
MT0001898830,unknown,0,0
MT0001899447,english,3,0
MT0001899867,english,0,0
MT0001910188,unknown,4,2
MT0001916989,unknown,0,0
MT0001920501,english,3,4
MT0001927015,english,0,2
MT0001927474,english,0,0
MT0001927746,unknown,1,3
MT0001927921,english,2,1
MT0001929641,english,3,4
MT0001934410,english,1,3
MT0001934436,unknown,5,5
MT0001934726,english,4,2
MT0001938929,english,4,2
MT0001942272,english,4,2
MT0001943830,english,3,4
MT0001949173,english,3,4
MT0001952167,unknown,3,4
MT0001954919,english,5,5
MT0001962373,english,2,1
MT0001963447,english,1,3
MT0001967374,unknown,3,4
MT0001967655,english,4,2
MT0001972380,english,3,0
MT0001972829,english,3,0
MT0001974130,english,1,3
MT0001975228,unknown,1,3
MT0001978806,english,1,3
MT0001980613,english,0,0
MT0001982863,unknown,0,0
MT0001988811,english,3,0
MT0001989408,unknown,1,3
MT0001992879,english,1,3
MT0001993588,english,2,1
MT0001993943,unknown,2,1
MT0002006203,english,5,5
MT0002006862,english,2,4
MT0002007417,english,5,4
MT0002012491,unknown,1,3
MT0002014752,english,3,0
MT0002024101,english,1,3
MT0002024741,english,0,0
MT0002033217,unknown,3,4
MT0002033629,unknown,2,1
MT0002034238,english,0,0
MT0002050671,unknown,4,2
MT0002052101,english,2,1
MT0002053300,unknown,5,5
MT0002054074,english,1,3
MT0002057142,english,3,4
MT0002059011,unknown,1,3
MT0002060109,english,4,2
MT0002068648,english,4,2
MT0002070112,unknown,2,2
MT0002071907,unknown,1,3
MT0002078701,english,0,0
MT0002086401,unknown,3,4
MT0002087541,english,1,3
MT0002088249,english,4,2
MT0002099419,english,4,2
MT0002113056,english,3,4
MT0002119439,unknown,4,2
MT0002124238,unknown,2,1
MT0002126934,unknown,4,2
MT0002131125,english,1,3
MT0002132088,english,0,0
MT0002139311,english,4,2
MT0002142155,english,5,5
MT0002156561,unknown,0,0
MT0002161109,unknown,0,0
MT0002169629,english,1,3
MT0002177145,english,4,2
MT0002179342,english,1,2
MT0002193996,english,4,2
MT0002203952,unknown,4,4
MT0002210361,unknown,3,4
MT0002216668,english,3,4
MT0002218376,unknown,0,2
MT0002219036,unknown,3,4
MT0002219182,english,4,2
MT0002222944,english,4,2
MT0002222957,unknown,4,2
MT0002225477,english,4,2
MT0002233402,unknown,4,2
MT0002238737,english,2,3
MT0002239079,english,0,0
MT0002242128,unknown,4,4
MT0002249354,unknown,3,5
MT0002250135,english,3,4
MT0002252353,english,0,2
MT0002262181,unknown,2,1
MT0002272314,english,1,3
MT0002277261,english,4,2
MT0002291660,english,2,1
MT0002294387,english,4,2
MT0002297016,unknown,0,0
MT0002298774,english,1,3
MT0002307435,english,2,1
MT0002307493,unknown,0,0
MT0002308313,unknown,0,0
MT0002308613,unknown,0,0
MT0002316145,english,1,3
MT0002323154,unknown,0,0
MT0002325544,english,3,0
MT0002325863,unknown,4,2
MT0002327429,unknown,3,0
MT0002336535,english,5,5
MT0002337555,english,1,3
MT0002342346,english,4,2
MT0002343207,english,0,2
MT0002347246,english,4,2
MT0002349114,unknown,4,2
MT0002351905,english,3,0
MT0002355423,english,3,5
MT0002359628,english,0,0
MT0002360219,english,0,2
MT0002362108,english,4,2
MT0002366291,english,4,2
MT0002371970,english,3,0
MT0002372242,english,4,2
MT0002379222,unknown,4,2
MT0002379942,english,2,1
MT0002385077,unknown,1,3
MT0002390941,english,4,2
MT0002391847,unknown,3,4
MT0002396250,english,2,1
MT0002397625,english,0,0
MT0002399275,english,1,3
MT0002408351,unknown,5,5
MT0002415184,unknown,1,3
MT0002423836,unknown,1,3
MT0002438908,english,4,2
MT0002448379,unknown,0,5
MT0002460914,english,4,2
MT0002472723,english,2,1
MT0002472801,unknown,0,0
MT0002477987,english,3,4
MT0002479795,english,4,2
MT0002485672,english,4,2
MT0002500878,unknown,1,3
MT0002506076,unknown,0,0
MT0002510318,english,1,3
MT0002515172,english,3,5
MT0002519050,unknown,1,3
MT0002525905,unknown,3,5
MT0002532237,english,3,4
MT0002536460,unknown,2,1
MT0002538335,english,0,0
MT0002541988,english,3,5
MT0002548231,unknown,5,5
MT0002549047,english,4,0
MT0002549944,english,1,3
MT0002573253,unknown,3,0
MT0002580064,english,4,2
MT0002585767,english,5,5
MT0002591418,english,0,0
MT0002595792,english,3,4
MT0002602057,english,2,1
MT0002604697,english,4,0
MT0002619035,english,4,2
MT0002621498,english,1,3
MT0002628272,unknown,0,0
MT0002634024,english,4,2
MT0002638821,english,4,4
MT0002645049,english,1,2
MT0002653551,unknown,1,3
MT0002655864,english,4,2
MT0002659854,english,4,2
MT0002670113,unknown,4,4
MT0002672499,english,4,0
MT0002674708,unknown,3,4
MT0002675791,english,4,2
MT0002679562,unknown,3,0
MT0002698706,english,4,2
MT0002698827,english,3,4
MT0002699966,unknown,4,2
MT0002700026,english,4,2
MT0002701422,english,2,1
MT0002709704,english,1,2
MT0002711792,english,1,3
MT0002714093,english,0,0
MT0002714805,unknown,4,4
MT0002716927,english,4,2
MT0002737189,english,1,3
MT0002739845,english,1,3
MT0002760912,english,3,0
MT0002761408,english,1,3
MT0002762445,english,4,2
MT0002771537,english,3,0
MT0002772535,unknown,1,3
MT0002784741,english,4,2
MT0002785740,unknown,1,3
MT0002794078,unknown,2,1
MT0002803746,english,3,4
MT0002810052,english,1,3
MT0002811975,unknown,3,0
MT0002834532,unknown,2,1
MT0002840704,english,3,0
MT0002842988,english,1,3
MT0002844771,english,0,0
MT0002846256,english,3,0
MT0002858390,english,3,4
MT0002859848,english,0,0
MT0002874481,unknown,2,1
MT0002874900,unknown,1,3
MT0002875103,english,1,3
MT0002885173,unknown,3,5
MT0002889321,english,1,3
MT0002894033,english,2,1
MT0002894943,unknown,1,3
MT0002903697,english,3,0
MT0002905185,english,3,4
MT0002907679,english,0,2
MT0002908894,unknown,2,1
MT0002909109,english,4,2
MT0002915967,english,3,4
MT0002920876,english,3,4
MT0002928993,english,4,2
MT0002939380,english,1,3
MT0002940684,unknown,1,3
MT0002949712,english,1,3
MT0002951872,english,4,2
MT0002954708,english,1,3
MT0002955901,unknown,1,3
MT0002960288,english,0,0
MT0002960683,unknown,1,3
MT0002962258,english,2,1
MT0002965366,unknown,3,4
MT0002969144,english,3,0
MT0002973571,unknown,0,5
MT0002980543,english,3,4
MT0002983378,unknown,4,2
MT0002986568,english,0,0
MT0002999366,english,4,2
MT0003008724,english,1,3
MT0003012633,english,3,4
MT0003017303,unknown,0,0
MT0003019852,english,1,3
MT0003022328,unknown,0,0
MT0003023886,english,1,3
MT0003025046,english,4,2
MT0003025373,english,4,2
MT0003025883,english,3,4
MT0003028265,english,4,2
MT0003037596,unknown,4,4
MT0003037754,english,4,4
MT0003041246,english,1,3
MT0003044417,english,2,1
MT0003053135,unknown,3,4
MT0003072479,unknown,4,2
MT0003081304,english,3,4
MT0003081888,unknown,4,0
MT0003085195,english,1,3
MT0003085925,english,0,0
MT0003094118,english,4,2
MT0003097486,unknown,1,3
MT0003101727,unknown,1,2
MT0003102331,english,4,2
MT0003105414,unknown,3,4
MT0003106472,english,1,3
MT0003109823,english,3,4
MT0003114552,unknown,3,4
MT0003117846,english,1,3
MT0003119681,unknown,3,4
MT0003124476,english,2,1
MT0003129858,unknown,1,3
MT0003131369,english,4,2
MT0003131435,english,0,0
MT0003136077,unknown,1,3
MT0003137690,unknown,0,0
MT0003144898,english,1,3
MT0003146944,english,3,4
MT0003148189,english,0,2
MT0003149291,unknown,4,2
MT0003150748,unknown,5,1
MT0003163405,english,4,2
MT0003170370,unknown,3,4
MT0003170390,unknown,1,3
MT0003175531,english,1,3
MT0003179818,unknown,4,0
MT0003187533,unknown,3,4
MT0003189593,unknown,1,3
MT0003189890,english,4,2
MT0003209662,english,1,3
MT0003213617,english,0,0
MT0003213835,english,0,2
MT0003216840,english,4,2
MT0003224500,english,4,2
MT0003228768,english,3,4
MT0003237550,english,1,3
MT0003238922,unknown,0,0
MT0003243311,unknown,4,2
MT0003246728,english,4,2
MT0003248394,english,0,0
MT0003262589,english,4,2
MT0003263304,english,1,3
MT0003264792,english,4,4
MT0003272751,unknown,0,2
MT0003272904,english,0,0
MT0003274067,english,1,3
MT0003280103,english,4,2
MT0003285450,unknown,4,2
MT0003286463,english,0,2
MT0003287170,english,3,4
MT0003287931,english,0,0
MT0003294608,english,1,3
MT0003296174,unknown,0,0
MT0003299912,unknown,1,3
MT0003300388,english,0,0
MT0003304271,english,3,4
MT0003309945,english,1,3
MT0003311798,unknown,1,3
MT0003315880,english,2,1
MT0003320924,english,4,2
MT0003326925,english,1,3
MT0003328491,english,4,2
MT0003329820,english,4,0
MT0003330378,unknown,3,0
MT0003330393,unknown,3,4
MT0003336370,english,4,2
MT0003336800,english,1,3
MT0003337396,english,1,3
MT0003343422,english,5,5
MT0003344002,unknown,3,4
MT0003345751,english,1,3
MT0003349423,unknown,0,0
MT0003352308,english,3,4
MT0003353602,english,2,1
MT0003353794,english,3,5
MT0003354468,english,0,0
MT0003361206,unknown,4,2
MT0003362542,english,0,0
MT0003362617,english,3,4
MT0003366948,unknown,3,4
MT0003367947,unknown,1,3
MT0003382050,unknown,0,0
MT0003389088,english,4,2
MT0003390733,english,4,2
MT0003396470,unknown,2,1
MT0003402178,english,5,5
MT0003402538,english,3,0
MT0003402994,english,4,2
MT0003410384,unknown,0,0
MT0003420996,english,3,0
MT0003421433,english,0,0
MT0003428477,english,3,4
MT0003435704,english,0,0
MT0003440957,english,1,3
MT0003442366,unknown,1,3
MT0003444822,english,1,3
MT0003454112,unknown,5,5
MT0003462877,english,1,3
MT0003473344,english,3,0
MT0003475707,unknown,3,4
MT0003482336,english,1,3
MT0003496132,english,1,3
MT0003501434,english,4,2
MT0003501456,unknown,3,4
MT0003503243,english,1,3
MT0003504085,unknown,1,3
MT0003504525,english,4,2
MT0003510796,english,4,2
MT0003517837,english,0,0
MT0003530174,unknown,3,4
MT0003536193,english,0,0
MT0003539442,english,1,3
MT0003542756,english,3,4
MT0003546058,unknown,1,3
MT0003570082,english,4,2
MT0003585530,unknown,4,2
MT0003587042,english,1,3
MT0003594672,unknown,0,0
MT0003597979,english,4,2
MT0003598094,unknown,1,3
MT0003601752,unknown,5,5
MT0003603497,english,3,4
MT0003603772,english,0,0
MT0003612742,english,4,3
MT0003617309,english,4,2
MT0003629164,english,4,2
MT0003630870,english,4,2
MT0003639120,unknown,1,3
MT0003649209,english,2,1
MT0003655811,unknown,0,5
MT0003655884,english,5,5
MT0003659365,english,4,3
MT0003663435,english,4,2
MT0003669917,english,1,3
MT0003688494,unknown,5,5
MT0003691487,unknown,0,0
MT0003703624,unknown,3,5
MT0003710207,unknown,0,5
MT0003724610,unknown,1,2
MT0003728288,english,1,3
MT0003729518,english,4,2
MT0003732702,english,3,0
MT0003740052,english,0,0
MT0003741609,unknown,1,3
MT0003748227,english,2,4
MT0003753139,unknown,4,2
MT0003759483,english,3,0
MT0003762220,english,5,1
MT0003762339,english,1,3
MT0003768949,english,4,2
MT0003770678,english,4,2
MT0003774577,english,0,0
MT0003778826,unknown,0,2
MT0003782002,english,1,3
MT0003787478,unknown,0,2
MT0003788939,english,4,2
MT0003791678,english,0,0
MT0003792475,english,1,3
MT0003794106,unknown,0,2
MT0003795778,english,1,3
MT0003796752,english,3,0
MT0003799339,unknown,0,0
MT0003807077,unknown,0,2
MT0003808089,unknown,1,3
MT0003816162,unknown,1,3
MT0003821577,english,1,3
MT0003834848,unknown,4,3
MT0003837569,english,1,3
MT0003853483,unknown,3,4
MT0003857948,unknown,1,3
MT0003859252,english,2,1
MT0003861331,english,4,2
MT0003863509,english,3,0
MT0003868349,english,0,0
MT0003868390,english,1,3
MT0003869539,english,4,2
MT0003872021,unknown,4,2
MT0003878494,english,3,4
MT0003880691,english,0,2
MT0003881997,english,0,2
MT0003895439,unknown,0,0
MT0003898980,english,4,2
MT0003900455,unknown,4,2
MT0003903675,english,4,2
MT0003906833,english,4,2
MT0003907045,english,4,2
MT0003909053,english,0,0
MT0003909085,unknown,1,3
MT0003909575,english,0,0
MT0003917550,unknown,2,1
MT0003922883,english,0,0
MT0003930610,unknown,2,4
MT0003934644,english,0,0
MT0003935299,english,5,5
MT0003935485,unknown,4,2
MT0003942985,unknown,3,4
MT0003949060,unknown,4,2
MT0003956612,unknown,4,2
MT0003965796,english,4,2
MT0003968586,english,1,3
MT0003970870,english,3,5
MT0003974181,english,3,0
MT0003979876,english,1,3
MT0004001276,unknown,3,4
MT0004001989,english,4,2
MT0004012938,english,1,3
MT0004016308,unknown,1,3
MT0004018270,unknown,1,3
MT0004020993,english,4,2
MT0004025604,english,1,3
MT0004027946,unknown,4,2
MT0004028719,english,4,2
MT0004032071,unknown,1,3
MT0004033010,english,2,1
MT0004034604,unknown,0,0
MT0004036096,unknown,0,0
MT0004037272,unknown,0,0
MT0004068560,english,1,3
MT0004071684,unknown,3,4
MT0004072079,english,1,3
MT0004072837,unknown,5,5
MT0004073991,english,0,0
MT0004082588,unknown,5,5
MT0004085907,english,4,2
MT0004087145,english,1,3
MT0004089549,unknown,3,0
MT0004091857,english,4,0
MT0004093767,unknown,3,4
MT0004098601,english,5,5
MT0004113262,english,0,0
MT0004117319,english,3,5
MT0004122617,unknown,0,0
MT0004131058,unknown,3,5
MT0004131260,english,1,3
MT0004137658,english,1,3
MT0004139859,unknown,5,5
MT0004141823,english,4,2
MT0004156130,english,5,5
MT0004180568,english,4,2
MT0004184616,english,3,0
MT0004186970,unknown,1,3
MT0004187531,unknown,5,5
MT0004194402,english,3,4
MT0004197514,english,4,2
MT0004212108,english,3,5
MT0004219321,english,4,0
MT0004230500,unknown,3,4
MT0004232099,english,5,5
MT0004240748,english,1,3
MT0004254228,english,1,3
MT0004256890,english,3,4
MT0004260672,unknown,4,2
MT0004262978,english,3,0
MT0004263301,english,0,0
MT0004263956,unknown,3,4
MT0004269670,unknown,3,4
MT0004274911,unknown,4,2
MT0004287283,english,5,5
MT0004290389,english,2,2
MT0004293364,english,0,2
MT0004296158,unknown,3,0
MT0004301925,unknown,4,3
MT0004306521,english,4,0
MT0004316859,unknown,3,4
MT0004317784,english,4,2
MT0004331116,unknown,3,4
MT0004337195,english,2,1
MT0004338270,english,4,2
MT0004339430,unknown,3,4
MT0004342301,unknown,2,1
MT0004343785,unknown,4,0
MT0004352104,english,4,2
MT0004352726,english,3,0
MT0004362464,unknown,3,4
MT0004362501,english,0,0
MT0004383185,unknown,3,4
MT0004392421,unknown,3,4
MT0004395306,english,5,5
MT0004397754,english,0,0
MT0004400843,english,1,3
MT0004409960,unknown,1,3
MT0004414074,english,1,3
MT0004422924,english,4,2
MT0004425744,english,2,1
MT0004428604,unknown,4,2
MT0004440606,english,0,0
MT0004444570,english,1,2
MT0004447086,english,1,3
MT0004447226,unknown,3,4
MT0004458238,unknown,1,3
MT0004459450,english,1,3
MT0004469135,english,2,1
MT0004476235,english,0,0
MT0004485367,english,4,2
MT0004489039,english,3,4
MT0004497478,english,4,2
MT0004500770,english,3,4
MT0004506984,english,4,2
MT0004511265,english,1,3
MT0004512063,english,1,3
MT0004514306,english,1,3
MT0004523184,unknown,4,2
MT0004525980,english,2,1
MT0004537445,unknown,4,2
MT0004537620,unknown,3,4
MT0004540242,english,4,2
MT0004542745,english,3,4
MT0004548391,english,0,0
MT0004548595,unknown,1,3
MT0004550236,unknown,0,2
MT0004550434,english,4,3
MT0004550458,english,3,4
MT0004551480,english,4,2
MT0004555632,unknown,0,0
MT0004558203,english,1,3
MT0004558461,english,1,3
MT0004567504,unknown,4,2
MT0004584064,unknown,4,2
MT0004584067,unknown,4,2
MT0004588191,english,4,2
MT0004593880,unknown,4,2
MT0004609722,english,3,4
MT0004611952,unknown,3,0
MT0004625127,english,1,3
MT0004633915,unknown,4,2
MT0004643275,unknown,0,0
MT0004645468,english,1,3
MT0004660584,unknown,3,4
MT0004668394,unknown,5,5
MT0004669603,unknown,4,4
MT0004674397,english,4,2
MT0004676134,unknown,1,3
MT0004680723,unknown,0,0
MT0004681292,unknown,1,3
MT0004683099,english,4,2
MT0004692317,english,4,2
MT0004692456,english,0,2
MT0004692889,unknown,4,2
MT0004693207,unknown,3,5
MT0004699901,unknown,4,2
MT0004711079,english,2,1
MT0004715422,unknown,1,3
MT0004725201,english,3,0
MT0004725405,english,2,1
MT0004731150,unknown,4,2
MT0004739956,english,1,3
MT0004751933,unknown,0,0
MT0004754115,english,0,0
MT0004758223,english,5,5
MT0004759106,unknown,3,4
MT0004759588,english,1,3
MT0004772896,english,3,4
MT0004776502,unknown,3,0
MT0004776609,english,5,5
MT0004781165,english,3,5
MT0004798504,english,2,1
MT0004798790,english,0,0
MT0004807446,unknown,4,2
MT0004811602,english,1,3
MT0004812565,unknown,4,2
MT0004816612,english,0,0
MT0004817670,unknown,2,4
MT0004828213,unknown,4,2
MT0004829377,english,4,2
MT0004833310,unknown,3,0
MT0004836526,english,4,2
MT0004839107,unknown,0,0
MT0004840819,english,4,0
MT0004842694,english,3,4
MT0004844832,english,1,3
MT0004850406,english,4,2
MT0004850690,unknown,0,0
MT0004861138,english,3,4
MT0004864453,english,4,2
MT0004866559,english,2,1
MT0004867185,english,3,4
MT0004867564,unknown,4,4
MT0004869271,english,3,4
MT0004872217,english,2,1
MT0004882280,english,2,1
MT0004883551,english,4,2
MT0004890000,english,4,2
MT0004894364,unknown,1,3
MT0004896738,english,2,1
MT0004910983,english,3,4
MT0004911454,unknown,4,2
MT0004922692,unknown,0,5
MT0004925844,english,5,5
MT0004936799,english,3,4
MT0004942017,unknown,4,2
MT0004943985,english,2,1
MT0004948855,english,1,3
MT0004956006,unknown,1,3
MT0004958762,unknown,0,0
MT0004961409,english,1,3
MT0004962647,english,0,5
MT0004963809,english,3,4
MT0004970058,english,4,2
MT0004978135,unknown,0,0
MT0004982446,unknown,1,3
MT0004984433,unknown,0,0
MT0004997589,unknown,1,3
MT0004999812,unknown,1,3
MT0005001966,english,3,4
MT0005003824,unknown,4,2
MT0005004562,unknown,4,2
MT0005009715,unknown,3,4
MT0005023904,english,4,2
MT0005026798,english,1,3
MT0005028976,unknown,0,0
MT0005029328,english,1,3
MT0005030845,english,2,1
MT0005033429,english,4,2
MT0005039941,english,0,0
MT0005048376,unknown,3,5
MT0005054238,unknown,3,0
MT0005054643,unknown,2,1
MT0005060138,unknown,3,4
MT0005066971,unknown,3,4
MT0005068407,unknown,4,2
MT0005072543,english,3,4
MT0005074629,unknown,3,4
MT0005083488,unknown,3,0
MT0005083885,english,3,4
MT0005091539,unknown,0,0
MT0005094727,english,4,2
MT0005111463,english,4,0
MT0005112174,unknown,0,0
MT0005113916,english,4,2
MT0005115042,english,4,2
MT0005118426,english,0,2
MT0005126279,unknown,1,3
MT0005129157,unknown,0,0
MT0005134466,english,1,2
MT0005151875,unknown,4,2
MT0005155949,english,5,5
MT0005157391,unknown,4,4
MT0005157804,english,2,1
MT0005158273,english,4,0
MT0005163122,unknown,4,2
MT0005171537,english,2,1
MT0005171805,unknown,3,4
MT0005185986,unknown,4,2
MT0005189351,english,3,4
MT0005189820,english,3,0
MT0005198745,english,3,4
MT0005202791,english,1,3
MT0005213723,unknown,4,2
MT0005217073,unknown,3,4
MT0005221680,unknown,5,5
MT0005223794,english,1,3
MT0005239610,unknown,4,2
MT0005241287,english,0,0
MT0005241699,english,1,3
MT0005243931,english,1,3
MT0005253065,english,3,4
MT0005254421,unknown,4,2
MT0005260370,unknown,3,4
MT0005261375,unknown,0,0
MT0005261398,unknown,4,2
MT0005262725,english,3,4
MT0005265641,english,4,2
MT0005270263,unknown,0,2
MT0005272837,english,3,0
MT0005273525,unknown,1,3
MT0005285696,english,0,0
MT0005286165,english,1,3
MT0005287506,english,1,3
MT0005294278,english,3,0
MT0005304966,english,2,1
MT0005319891,english,1,3
MT0005330350,english,4,2
MT0005331755,english,4,2
MT0005336347,unknown,3,4
MT0005337249,unknown,1,3
MT0005344437,english,0,0
MT0005352508,unknown,1,2
MT0005352614,unknown,3,4
MT0005357887,unknown,2,1
MT0005379911,english,1,3
MT0005387539,english,1,3
MT0005389048,unknown,4,2
MT0005392036,unknown,0,0
MT0005403018,unknown,0,0
MT0005404111,english,4,2
MT0005404247,english,4,2
MT0005409948,english,4,2
MT0005411969,english,1,3
MT0005417719,english,0,0
MT0005422349,english,2,4
MT0005425770,unknown,4,2
MT0005425879,english,3,4
MT0005426130,english,1,3
MT0005431678,english,0,0
MT0005443513,english,5,4
MT0005451258,unknown,1,3
MT0005451862,english,4,2
MT0005454701,unknown,1,3
MT0005469880,english,4,2
MT0005478759,english,0,0
MT0005479384,unknown,4,2
MT0005486154,english,3,4
MT0005489029,unknown,4,2
MT0005497233,english,0,2
MT0005508168,unknown,0,0
MT0005511334,unknown,5,5
MT0005515169,english,1,3
MT0005519111,english,3,0
MT0005520274,unknown,4,2
MT0005523766,english,4,2
MT0005525446,unknown,3,0
MT0005537590,unknown,4,2
MT0005538688,unknown,4,2
MT0005540023,english,2,1
MT0005540907,english,4,2
MT0005550288,english,1,3
MT0005550441,unknown,3,5
MT0005556630,english,4,2
MT0005567133,english,1,3
MT0005568749,english,3,0
MT0005575348,english,0,0
MT0005592810,english,0,0
MT0005593407,english,4,2
MT0005595173,unknown,2,1
MT0005606947,unknown,1,3
MT0005608787,unknown,4,2
MT0005621435,english,5,5
MT0005623112,unknown,4,0
MT0005625323,english,4,2
MT0005625762,english,4,2
MT0005630273,english,3,0
MT0005638160,english,1,3
MT0005642770,english,1,3
MT0005651830,unknown,3,0
MT0005652563,english,0,2
MT0005655655,english,3,4
MT0005656534,english,3,4
MT0005658482,unknown,1,3
MT0005660001,english,3,5
MT0005666606,english,0,0
MT0005670101,unknown,3,4
MT0005673020,english,1,3
MT0005674518,unknown,4,4
MT0005675358,english,1,3
MT0005675532,unknown,3,0
MT0005695311,english,5,5
MT0005696421,unknown,0,0
MT0005697785,unknown,4,0
MT0005707044,english,4,2
MT0005713768,english,4,2
MT0005715379,english,3,0
MT0005715715,english,4,2
MT0005717206,unknown,4,4
MT0005723257,english,3,0
MT0005725657,english,1,3
MT0005727008,unknown,1,3
MT0005727783,english,4,4
MT0005735527,unknown,4,2
MT0005737276,unknown,4,2
MT0005740567,english,2,1
MT0005751512,english,1,3
MT0005752234,english,4,2
MT0005756784,english,4,2
MT0005760259,english,1,3
MT0005761702,english,0,0
MT0005763004,english,4,4
MT0005774267,english,1,3
MT0005775235,english,4,0
MT0005782528,unknown,4,0
MT0005798527,unknown,0,5
MT0005802574,english,3,4
MT0005804191,english,0,0
MT0005822463,english,5,5
MT0005822671,english,1,3
MT0005826176,english,1,3
MT0005827376,english,4,4
MT0005827477,unknown,1,3
MT0005830128,english,0,0
MT0005832516,unknown,4,4
MT0005846374,unknown,1,3
MT0005850999,english,3,0
MT0005863380,english,0,5
MT0005884980,english,3,4
MT0005897799,unknown,4,2
MT0005912220,english,0,0
MT0005916227,english,3,4
MT0005941732,unknown,4,2
MT0005944471,english,4,2
MT0005947724,unknown,3,0
MT0005951020,english,4,2
MT0005959692,english,3,4
MT0005963165,english,2,1
MT0005974256,english,1,3
MT0005981667,unknown,3,4
MT0005987148,unknown,0,0
MT0006001220,unknown,0,0
MT0006001707,english,2,1
MT0006007936,english,1,3
MT0006022752,english,4,2
MT0006036535,english,0,0
MT0006037085,english,4,2
MT0006039569,unknown,0,2
MT0006039798,english,0,0
MT0006044445,english,4,2
MT0006051904,unknown,4,2
MT0006055329,unknown,1,3
MT0006067841,english,1,3
MT0006070661,unknown,4,2
MT0006078896,english,1,3
MT0006090628,unknown,4,2
MT0006096934,unknown,0,2
MT0006107326,unknown,0,0
MT0006114773,english,1,3
MT0006115121,english,4,2
MT0006117018,unknown,2,1
MT0006129774,english,3,4
MT0006137300,english,5,5
MT0006137372,english,0,0
MT0006153804,unknown,4,2
MT0006157839,english,1,3
MT0006159067,english,4,4
MT0006164654,english,3,0
MT0006169551,english,4,2
MT0006171393,english,4,2
MT0006181559,english,2,4
MT0006188933,english,0,0
MT0006196650,english,4,2
MT0006204666,unknown,4,2
MT0006232679,english,1,3
MT0006234138,unknown,3,4
MT0006249493,unknown,1,3
MT0006254062,unknown,3,4
MT0006256204,english,1,3
MT0006263439,unknown,1,3
MT0006271664,unknown,4,2
MT0006292011,unknown,5,5
MT0006300381,unknown,1,3
MT0006314897,unknown,4,2
MT0006315323,unknown,3,4
MT0006324704,english,4,2
MT0006334050,unknown,5,5
MT0006348382,english,4,2
MT0006352493,unknown,4,0
MT0006356406,english,1,3
MT0006357085,english,1,3
MT0006357849,english,4,2
MT0006365604,english,0,5
MT0006367176,english,0,2
MT0006386327,unknown,4,2
MT0006391732,english,1,3
MT0006397809,english,2,1
MT0006400514,english,4,2
MT0006406298,english,4,2
MT0006409530,english,4,2
MT0006410285,english,0,0
MT0006410748,unknown,4,2
MT0006417602,english,3,0
MT0006421356,english,4,2
MT0006431184,english,3,4
MT0006431807,english,4,2
MT0006434833,english,1,3
MT0006459852,unknown,1,2
MT0006468621,unknown,4,0
MT0006475078,english,3,4
MT0006475970,english,0,0
MT0006482524,unknown,0,0
MT0006484633,english,1,3
MT0006486093,unknown,4,2
MT0006487252,unknown,1,3
MT0006487635,english,1,3
MT0006492385,english,5,5
MT0006497092,english,4,2
MT0006501280,unknown,2,1
MT0006510599,english,1,3
MT0006514225,english,1,3
MT0006516676,unknown,3,4
MT0006520567,unknown,4,2
MT0006522591,english,4,2
MT0006524432,unknown,1,3
MT0006528309,english,4,2
MT0006531857,english,1,3
MT0006534417,unknown,0,2
MT0006536592,english,1,3
MT0006540794,english,1,2
MT0006545202,english,1,3
MT0006552038,english,1,3
MT0006553309,english,0,2
MT0006553914,english,4,3
MT0006555035,unknown,5,5
MT0006559667,english,1,3
MT0006562479,unknown,4,4
MT0006564487,unknown,1,3
MT0006570517,unknown,4,2
MT0006573563,english,1,3
MT0006575669,unknown,4,2
MT0006581362,unknown,1,3
MT0006581441,unknown,3,4
MT0006587635,english,1,3
MT0006587819,english,4,2
MT0006609765,unknown,0,2
MT0006610139,unknown,0,0
MT0006612877,english,1,3
MT0006628590,unknown,1,3
MT0006633147,english,4,2
MT0006635536,english,3,4
MT0006640142,english,4,2
MT0006640857,unknown,4,4
MT0006641042,english,1,3
MT0006646428,unknown,3,0
MT0006650634,unknown,3,0
MT0006654122,english,4,2
MT0006658246,unknown,4,2
MT0006659841,unknown,4,2
MT0006662439,unknown,1,3
MT0006664862,unknown,1,3
MT0006672286,unknown,4,2
MT0006678796,unknown,1,3
MT0006683265,english,1,3
MT0006683875,english,1,3
MT0006695707,english,1,3
MT0006696891,unknown,1,3
MT0006708402,english,2,1
MT0006713730,english,2,2
MT0006723128,english,1,3
MT0006737689,english,1,3
MT0006738137,unknown,4,0
MT0006742179,english,1,3
MT0006744781,unknown,1,3
MT0006746691,english,1,3
MT0006746926,unknown,0,0
MT0006747288,english,0,0
MT0006751087,english,1,3
MT0006751853,unknown,4,2
MT0006754099,unknown,4,2
MT0006761058,english,0,0
MT0006761971,english,4,2
MT0006764092,unknown,0,2
MT0006769480,unknown,1,3
MT0006770955,english,4,2
MT0006771406,english,4,2
MT0006772811,unknown,3,5
MT0006773580,english,1,3
MT0006777027,unknown,0,5
MT0006778622,english,4,2
MT0006782965,unknown,3,4
MT0006784451,english,1,3
MT0006788512,english,1,3
MT0006790347,english,2,1
MT0006794235,unknown,4,2
MT0006795758,english,0,2
MT0006798861,english,1,3
MT0006800841,english,0,0
MT0006806145,english,1,3
MT0006810990,english,1,3
MT0006813360,english,4,4
MT0006814089,unknown,0,0
MT0006832360,english,1,3
MT0006833696,english,4,2
MT0006839715,english,0,0
MT0006843007,english,4,2
MT0006846075,english,4,2
MT0006862088,unknown,2,1
MT0006876450,english,1,3
MT0006877397,english,4,2
MT0006879985,english,4,2
MT0006880936,english,4,2
MT0006898523,unknown,4,2
MT0006903607,unknown,4,2
MT0006919273,english,4,2
MT0006919878,unknown,1,3
MT0006929157,english,0,0
MT0006933170,english,1,3
MT0006937715,english,4,2
MT0006939177,english,0,0
MT0006955716,english,4,4
MT0006983241,english,0,5
MT0006991912,english,4,4
MT0006992235,unknown,0,0
MT0006996768,unknown,4,2
MT0006999093,unknown,0,0
MT0007002901,unknown,3,4
MT0007013069,english,4,2
MT0007031334,unknown,4,2
MT0007037296,english,1,3
MT0007039041,unknown,4,2
MT0007039082,english,4,2
MT0007043504,english,4,2
MT0007043936,unknown,3,4
MT0007051057,english,3,4
MT0007051188,english,3,0
MT0007053424,english,4,2
MT0007057303,english,0,5
MT0007058512,english,1,3
MT0007064420,english,4,2
MT0007067293,english,4,2
MT0007068165,unknown,3,4
MT0007071481,english,4,2
MT0007072992,english,0,0
MT0007074655,english,1,3
MT0007075838,english,1,3
MT0007081433,english,4,2
MT0007087238,english,5,5
MT0007088972,unknown,4,2
MT0007099407,unknown,3,5
MT0007102148,english,4,4
MT0007102997,english,0,0
MT0007106784,english,3,4
MT0007107079,english,0,0
MT0007109938,english,0,2
MT0007113915,english,5,5
MT0007117290,english,4,2
MT0007119529,unknown,3,4
MT0007127869,english,1,3
MT0007132421,english,4,2
MT0007136180,english,4,2
MT0007142175,english,4,2
MT0007145736,unknown,4,2
MT0007147603,english,1,3
MT0007153265,unknown,3,4
MT0007164275,english,1,3
MT0007186714,english,3,4
MT0007190016,english,4,2
MT0007191313,unknown,4,2
MT0007199330,english,4,2
MT0007207422,unknown,3,4
MT0007207968,unknown,4,2
MT0007210245,english,1,3
MT0007232134,unknown,5,5
MT0007249337,unknown,4,2
MT0007257222,unknown,4,2
MT0007265208,unknown,3,4
MT0007267489,english,2,1
MT0007269020,english,1,3
MT0007274054,unknown,4,2
MT0007276457,english,1,3
MT0007280044,english,3,4
MT0007282148,english,3,4
MT0007310068,unknown,4,2
MT0007328300,unknown,0,0
MT0007329488,english,4,2
MT0007337206,english,1,3
MT0007338724,unknown,3,4
MT0007340697,english,2,1
MT0007342701,unknown,3,5
MT0007349422,english,4,2
MT0007349999,unknown,5,5
MT0007350911,english,4,2
MT0007351601,unknown,3,4
MT0007353661,english,0,0
MT0007356476,english,3,4
MT0007372035,unknown,3,4
MT0007376021,unknown,1,3
MT0007379559,unknown,1,3
MT0007379700,english,2,1
MT0007384768,english,4,2
MT0007389608,unknown,1,3
MT0007390015,english,4,2
MT0007393408,english,2,1
MT0007396257,unknown,4,2
MT0007401605,english,1,3
MT0007410187,english,3,4
MT0007412399,english,0,0
MT0007412921,english,1,2
MT0007413949,english,1,3
MT0007416772,unknown,0,0
MT0007419064,english,1,3
MT0007423667,english,1,3
MT0007433643,english,3,4
MT0007436293,unknown,0,2
MT0007438571,english,0,0
MT0007439502,unknown,0,0
MT0007442223,english,1,3
MT0007443823,unknown,3,0
MT0007451731,unknown,3,4
MT0007453133,unknown,1,3
MT0007453719,english,0,0
MT0007477802,english,0,0
MT0007493575,english,0,0
MT0007497706,unknown,3,4
MT0007499577,unknown,4,0
MT0007508173,english,0,0
MT0007522436,english,4,2
MT0007525777,english,3,4
MT0007530529,unknown,3,4
MT0007535042,unknown,4,2
MT0007550652,unknown,3,4
MT0007556029,english,3,4
MT0007562704,unknown,2,2
MT0007573212,unknown,1,3
MT0007583962,unknown,3,4
MT0007594485,unknown,4,2
MT0007602902,english,1,3
MT0007607008,english,0,2
MT0007610380,unknown,3,4
MT0007627521,english,1,3
MT0007644103,english,4,2
MT0007645808,english,0,0
MT0007652281,unknown,3,4
MT0007659703,english,1,3
MT0007663424,english,1,3
MT0007679931,unknown,1,3
MT0007696006,english,1,3
MT0007697753,unknown,4,2
MT0007707015,unknown,4,2
MT0007724694,unknown,4,2
MT0007728545,english,3,4
MT0007730975,english,4,2
MT0007757097,english,4,2
MT0007766156,english,0,0
MT0007780282,english,1,3
MT0007780572,english,1,3
MT0007795217,english,4,2
MT0007797719,english,3,4
MT0007799675,unknown,4,2
MT0007799677,unknown,0,0
MT0007805279,english,0,0
MT0007806202,english,1,3
MT0007812490,unknown,1,3
MT0007816041,unknown,3,4
MT0007818252,english,1,3
MT0007825188,english,1,3
MT0007828167,english,4,2
MT0007832902,english,1,3
MT0007833171,unknown,3,0
MT0007840454,unknown,3,4
MT0007859380,english,0,0
MT0007860263,english,3,4
MT0007866540,english,0,0
MT0007868583,english,4,2
MT0007871142,unknown,4,2
MT0007886392,english,3,4
MT0007899221,unknown,2,4
MT0007906518,english,4,2
MT0007912800,english,4,2
MT0007914044,unknown,3,4
MT0007924549,english,1,3
MT0007926918,english,1,3
MT0007934529,english,1,3
MT0007939281,english,1,3
MT0007941864,unknown,0,0
MT0007959122,english,1,3
MT0007961027,unknown,5,1
MT0007961100,english,1,3
MT0007978643,unknown,0,0
MT0007983016,english,4,2
MT0007991638,english,1,3
MT0007999856,english,4,3
MT0008007368,unknown,3,4
MT0008010047,unknown,3,4
MT0008018703,unknown,3,4
MT0008022729,english,2,1
MT0008029439,english,4,2
MT0008033398,unknown,3,4
MT0008045785,english,1,3
MT0008046899,english,4,2
MT0008068959,unknown,4,0
MT0008077089,unknown,3,4
MT0008077878,english,4,2
MT0008080519,unknown,3,4
MT0008084656,english,4,2
MT0008095407,unknown,1,3
MT0008105399,english,4,2
MT0008113039,english,4,2
MT0008120072,english,3,4
MT0008130158,english,2,1
MT0008131425,english,4,2
MT0008137868,unknown,1,3
MT0008138963,english,4,2
MT0008140480,unknown,0,0
MT0008144346,unknown,1,3
MT0008147388,english,1,3
MT0008148524,unknown,3,4
MT0008149831,english,1,3
MT0008154135,english,4,2
MT0008166411,unknown,2,2
MT0008166431,english,4,2
MT0008167476,unknown,2,4
MT0008170600,unknown,3,4
MT0008184180,english,1,3
MT0008208983,unknown,1,3
MT0008211502,english,4,2
MT0008222676,unknown,4,2
MT0008223344,unknown,3,4
MT0008236217,english,3,0
MT0008236389,english,4,2
MT0008237717,english,4,2
MT0008241153,english,3,4
MT0008241874,unknown,4,2
MT0008260235,unknown,1,3
MT0008267476,unknown,3,4
MT0008276763,english,4,2
MT0008276791,unknown,1,3
MT0008279825,english,4,2
MT0008296972,english,3,4
MT0008307409,english,4,2
MT0008307905,english,2,1
MT0008308461,english,0,0
MT0008313843,english,1,3
MT0008326282,unknown,0,0
MT0008327012,english,3,0
MT0008328152,unknown,4,2
MT0008328714,unknown,4,2
MT0008330365,unknown,0,0
MT0008340316,unknown,5,5
MT0008342962,unknown,0,0
MT0008345160,english,0,0
MT0008346862,unknown,1,3
MT0008347586,english,4,2
MT0008350331,english,1,3
MT0008352590,english,4,2
MT0008361425,english,1,3
MT0008363189,english,4,2
MT0008363839,english,2,2
MT0008368311,english,3,4
MT0008369750,unknown,4,2
MT0008371251,english,2,1
MT0008385501,english,1,3
MT0008386252,english,1,3
MT0008394478,english,0,0
MT0008397103,unknown,1,2
MT0008399774,unknown,3,5
MT0008401073,english,4,2
MT0008408635,english,5,5
MT0008421113,english,1,3
MT0008421900,english,3,4
MT0008425062,english,1,3
MT0008425616,english,1,3
MT0008428932,english,3,4
MT0008431795,english,4,2
MT0008449485,unknown,4,2
MT0008451831,unknown,1,3
MT0008455201,unknown,4,2
MT0008467210,unknown,0,2
MT0008468144,unknown,4,2
MT0008493270,english,3,4
MT0008497871,english,2,1
MT0008499614,english,1,3
MT0008503709,unknown,4,2
MT0008511909,english,0,0
MT0008512833,unknown,3,0
MT0008515901,english,5,5
MT0008530072,english,1,3
MT0008530652,english,3,4
MT0008537015,english,3,4
MT0008548050,english,0,0
MT0008554680,english,4,2
MT0008565530,english,1,3
MT0008570712,english,0,2
MT0008573252,english,1,3
MT0008575372,unknown,4,2
MT0008577171,unknown,4,2
MT0008578405,english,2,1
MT0008592019,unknown,4,2
MT0008596275,unknown,1,3
MT0008596505,english,3,0
MT0008596537,english,1,3
MT0008602863,english,0,2
MT0008604277,english,5,5
MT0008617674,unknown,4,2
MT0008632122,english,0,0
MT0008635124,english,1,3
MT0008636271,english,4,2
MT0008637830,unknown,4,2
MT0008640627,unknown,0,0
MT0008641724,english,4,2
MT0008644609,unknown,1,3
MT0008646690,unknown,0,0
MT0008649724,english,1,3
MT0008652185,english,1,3
MT0008665212,unknown,4,2
MT0008672387,english,1,3
MT0008673460,english,4,2
MT0008675527,unknown,0,0
MT0008684922,unknown,1,3
MT0008684978,english,4,2
MT0008686594,unknown,3,0
MT0008688962,unknown,1,3
MT0008690776,english,4,2
MT0008700460,unknown,0,2
MT0008704299,unknown,0,0
MT0008709705,english,3,0
MT0008716237,unknown,0,0
MT0008718991,unknown,3,4
MT0008722511,unknown,0,0
MT0008733057,unknown,4,2
MT0008734186,english,2,3
MT0008734289,english,1,3
MT0008740787,english,4,2
MT0008750426,english,3,0
MT0008753401,unknown,1,3
MT0008763007,unknown,5,4
MT0008776764,english,1,3
MT0008787199,unknown,1,3
MT0008790106,english,0,0
MT0008790360,english,1,3
MT0008791082,english,1,3
MT0008794071,english,2,2
MT0008797356,unknown,1,3
MT0008800327,english,1,3
MT0008806305,english,1,3
MT0008807220,unknown,1,3
MT0008813307,english,0,0
MT0008813309,english,4,2
MT0008819987,english,3,4
MT0008841966,unknown,0,0
MT0008863436,english,1,3
MT0008868862,unknown,1,3
MT0008869963,english,0,0
MT0008882630,english,1,3
MT0008883788,english,0,0
MT0008891523,english,0,0
MT0008899266,english,3,4
MT0008905908,english,0,5
MT0008947804,unknown,1,3
MT0008949592,unknown,4,2
MT0008953247,english,3,0
MT0008960612,english,4,2
MT0008963540,english,3,0
MT0008964909,unknown,4,2
MT0008966305,english,4,2
MT0008967700,unknown,1,2
MT0008969183,english,1,3
MT0008972801,english,4,2
MT0008979040,unknown,0,0
MT0008990300,unknown,0,0
MT0008999728,english,1,3
MT0008999898,english,3,4
MT0009000155,unknown,5,4
MT0009005900,english,0,0
MT0009008051,english,4,2
MT0009010830,english,4,2
MT0009016829,unknown,1,3
MT0009025287,english,4,2
MT0009025845,english,3,4
MT0009033072,unknown,0,0
MT0009041370,english,1,3
MT0009041848,english,0,0
MT0009043768,unknown,4,2
MT0009054976,english,0,0
MT0009075362,english,5,5
MT0009098212,unknown,4,2
MT0009112823,english,4,2
MT0009117202,english,2,1
MT0009123251,english,1,3
MT0009153900,english,4,2
MT0009161421,unknown,1,2
MT0009164591,english,4,2
MT0009164605,english,4,2
MT0009165729,english,1,3
MT0009169626,english,4,2
MT0009172291,english,1,3
MT0009174874,english,4,2
MT0009182700,unknown,3,4
MT0009185069,unknown,3,4
MT0009188643,english,4,2
MT0009196762,unknown,1,3
MT0009202768,unknown,0,5
MT0009206381,english,0,0
MT0009208842,english,4,2
MT0009213083,english,0,0
MT0009217411,english,0,2
MT0009220462,english,3,4
MT0009233872,english,4,0
MT0009239443,english,1,3
MT0009246394,english,4,2
MT0009253118,unknown,1,3
MT0009253379,english,4,2
MT0009263768,english,4,2
MT0009278329,english,4,2
MT0009289348,unknown,5,5
MT0009293226,unknown,1,3
MT0009295595,unknown,4,4
MT0009300582,english,0,0
MT0009306792,unknown,4,2
MT0009311775,english,1,3
MT0009312856,english,4,2
MT0009319587,english,1,3
MT0009320357,english,4,2
MT0009321428,english,4,2
MT0009346128,english,4,4
MT0009348908,english,4,2
MT0009351469,unknown,2,1
MT0009354859,unknown,4,2
MT0009360971,english,1,3
MT0009368615,english,4,2
MT0009375581,english,5,5
MT0009377947,unknown,3,5
MT0009378909,english,0,0
MT0009385684,english,0,0
MT0009389504,unknown,4,2
MT0009390091,english,0,0
MT0009400121,english,3,4
MT0009418269,english,1,3
MT0009421924,unknown,1,3
MT0009425259,english,1,3
MT0009430339,english,1,3
MT0009437817,unknown,0,0
MT0009464817,english,3,4
MT0009469599,english,4,2
MT0009485981,unknown,0,0
MT0009495280,english,3,4
MT0009495283,english,4,2
MT0009495284,english,3,4
MT0009495285,english,4,2
MT0009521580,english,4,2
MT0009533836,unknown,4,2
MT0009558355,unknown,4,2
MT0009577134,english,4,2
MT0009581924,unknown,0,0
MT0009601423,unknown,1,3
MT0009606151,unknown,0,5
MT0009614467,unknown,5,5
MT0009619048,english,4,2
MT0009619424,unknown,2,1
MT0009628869,unknown,3,4
MT0009631750,english,1,3
MT0009635389,english,2,1
MT0009635394,english,2,1
MT0009635397,english,2,1
MT0009693151,english,0,0
MT0009729892,unknown,0,0
MT0009740290,english,3,0
MT0009741521,english,3,0
MT0009741760,english,3,0
MT0009741773,unknown,4,2
MT0009741774,english,4,2
MT0009747294,unknown,2,1
MT0009769814,unknown,3,4
MT0009769816,unknown,3,5
MT0009781899,english,5,5
MT0009795009,english,0,0
MT0009800907,unknown,1,3
MT0009826820,unknown,4,2
MT0009844833,unknown,1,3
MT0009845069,unknown,5,5
MT0009845072,unknown,4,2
MT0009845270,unknown,4,2
MT0009845271,unknown,4,2
MT0009845272,unknown,4,2
MT0009845274,unknown,0,0
MT0009845275,unknown,0,0
MT0009845276,unknown,0,0
MT0009845278,unknown,4,2
MT0009868354,english,3,4
MT0009872131,english,1,3
MT0009897495,unknown,4,2
MT0009904717,english,0,2
MT0009908994,english,1,3
MT0009968194,english,4,2
MT0009976471,unknown,2,1
MT0009991160,unknown,3,4
MT0009996318,english,0,0
MT0009996319,unknown,0,0
MT0009996323,unknown,0,0
MT0010007878,english,3,4
MT0010007881,english,3,4
MT0010007882,english,3,0
MT0010049476,english,4,2
MT0010054305,english,4,0
MT0010065680,english,0,2
MT0010065686,english,4,2
MT0010076476,unknown,3,4
MT0010083757,english,3,0
MT0010085729,english,0,0
MT0010100277,english,0,0
MT0010100278,english,0,0
MT0010100279,english,0,0
MT0010100283,english,3,4
MT0010100285,english,0,0
MT0010100333,english,4,2
MT0010100428,english,3,0
MT0010100429,unknown,4,2
MT0010161903,unknown,4,2
MT0010169018,unknown,4,2
MT0010169019,english,1,2
MT0010203716,english,4,2
MT0010236541,english,0,2
MT0010237532,unknown,3,4
MT0010257371,english,4,2
MT0010261584,english,4,2
MT0010261588,english,4,2
MT0010278984,english,0,0
MT0010290775,english,4,2
MT0010290785,english,4,2
MT0010290788,english,3,4
MT0010290924,unknown,4,2
MT0010305995,english,4,4
MT0010310891,english,1,3
MT0010310894,english,1,3
MT0010310896,english,1,3
MT0010310897,english,1,3
MT0010310898,english,1,3
MT0010310899,english,1,3
MT0010344415,english,4,2
MT0010346228,english,1,3
MT0010363782,english,3,0
MT0010368848,english,2,1
MT0010369823,english,1,3
MT0010375510,english,2,1
MT0010379209,english,0,0
MT0010390464,unknown,2,1
MT0010392442,english,3,4
MT0010394619,english,3,4
MT0010405928,english,2,1
MT0010415730,unknown,1,3
MT0010437635,unknown,4,2
MT0010441634,unknown,2,1
MT0010444469,english,0,0
MT0010463505,unknown,2,1
MT0010465830,unknown,4,0
MT0010468178,english,0,0
MT0010474345,unknown,2,1
MT0010475525,unknown,2,1
MT0010477194,english,1,3
MT0010480965,english,1,3
MT0010481194,english,2,1
MT0010482550,english,4,2
MT0010484170,unknown,2,1
MT0010485559,english,2,1
MT0010485603,unknown,4,2
MT0010487366,english,2,1
MT0010487702,english,1,3
MT0010487769,unknown,2,1
MT0010487795,unknown,2,1
MT0010489498,unknown,2,1
MT0010490157,unknown,2,1
MT0010492983,unknown,4,2
MT0010498312,unknown,4,2
MT0010501618,unknown,2,1
MT0010502078,english,2,1
MT0010502743,unknown,2,4
MT0010506192,english,5,5
MT0010510852,english,2,1
MT0010512527,english,3,4
MT0010518490,unknown,2,1
MT0010524453,english,4,2
MT0010526041,english,1,3
MT0010534904,english,3,4
MT0010545132,english,3,4
MT0010548963,english,0,0
MT0010551970,english,0,5
MT0010552273,unknown,4,2
MT0010552303,english,4,2
MT0010552602,unknown,5,5
MT0010554620,english,2,1
MT0010574326,english,2,1
MT0010582452,english,2,1
MT0010585105,unknown,2,1
MT0010611876,english,4,0
MT0010612023,english,4,2
MT0010614368,unknown,3,4
MT0010615428,english,4,2
MT0010616215,english,4,2
MT0010617945,english,4,2
MT0010620026,english,0,0
MT0010623104,english,1,3
MT0010624346,english,4,2
MT0010630017,english,2,1
MT0010634279,unknown,5,5
MT0010638151,unknown,3,0
MT0010662602,unknown,3,5
MT0010665248,unknown,3,0
MT0010670378,english,4,2
MT0010674091,unknown,1,3
MT0010674530,english,0,0
MT0010674859,english,3,4
MT0010676114,english,2,1
MT0010681356,unknown,3,4
MT0010685188,unknown,5,4
MT0010687397,english,1,3
MT0010694663,unknown,5,1
MT0010694754,unknown,4,2
MT0010695865,english,0,0
MT0010701054,unknown,5,4
MT0010702898,english,3,4
MT0010705334,english,4,2
MT0010706869,english,0,0
MT0010707508,unknown,4,2
MT0010710874,english,5,4
MT0010712910,unknown,3,4
MT0010715611,english,2,1
MT0010723658,english,3,0
MT0010723756,english,3,4
MT0010724282,unknown,3,0
MT0010734696,unknown,1,3
MT0010736208,english,2,1
MT0010736281,english,2,1
MT0010739708,english,5,5
MT0010741252,unknown,0,0
MT0010741386,english,0,0
MT0010747096,unknown,4,2
MT0010751134,english,0,0
MT0010752894,unknown,4,2
MT0010753520,english,3,0
MT0010753736,unknown,5,1
MT0010754019,unknown,5,1
MT0010754290,english,4,2
MT0010755212,english,4,2
MT0010758927,unknown,3,4
MT0010765597,unknown,5,5
MT0010765607,unknown,2,4
MT0010773040,unknown,2,1
MT0010777106,english,5,1
MT0010778949,unknown,2,1
MT0010803094,unknown,5,5
MT0010803836,unknown,0,0
MT0010804974,unknown,3,0
MT0010810244,unknown,2,1
MT0010810859,unknown,0,0
MT0010815151,english,3,4
MT0010818060,unknown,4,2
MT0010823031,english,0,0
MT0010825992,unknown,2,1
MT0010835061,unknown,4,2
MT0010842738,unknown,5,5
MT0010849747,english,2,1
MT0010850805,english,0,0
MT0010851922,unknown,2,1
MT0010855214,unknown,5,5
MT0010855417,unknown,2,1
MT0010857270,english,2,1
MT0010862394,english,3,4
MT0010864096,unknown,2,1
MT0010883435,english,4,2
MT0010894865,english,2,1
MT0010897525,english,2,1
MT0010900969,unknown,0,0
MT0010902792,english,2,1
MT0010911637,unknown,3,5
MT0010922381,english,4,2
MT0010953323,unknown,2,2
MT0010956902,english,2,1
MT0010956907,unknown,3,4
MT0010965655,unknown,5,5
MT0010967419,english,1,3
MT0010978213,english,2,1
MT0010979481,unknown,3,4
MT0010980499,english,4,4
MT0010983830,english,4,2
MT0010984486,unknown,5,5
MT0010998105,unknown,2,4
MT0011032905,unknown,3,4
MT0011051663,unknown,4,2
MT0011066228,unknown,5,1
MT0011069243,english,1,3
MT0011079284,unknown,2,1
MT0011083648,english,1,3
MT0011095825,english,2,2
MT0011104152,unknown,2,1
MT0011145388,english,0,0
MT0011157091,unknown,2,1
MT0011158114,unknown,2,4
MT0011162069,english,3,4
MT0011173257,unknown,2,1
MT0011176903,unknown,2,1
MT0011191619,unknown,2,3
MT0011204639,english,1,3
MT0011230792,unknown,5,5
MT0011250965,unknown,5,5
MT0011252339,unknown,5,1
MT0011252708,english,5,1
MT0011259078,unknown,3,4
MT0011292112,english,5,5
MT0011302120,english,3,4
MT0011308097,english,2,1
MT0011322528,english,1,3
MT0011327325,unknown,3,4
MT0011328325,unknown,4,2
MT0011332604,english,0,0
MT0011342337,english,4,0
MT0011348776,english,2,1
MT0011353873,english,1,3
MT0011354857,unknown,2,1
MT0011354952,unknown,2,1
MT0011356991,unknown,3,0
MT0011358600,english,2,1
MT0011361934,english,1,3
MT0011369407,english,1,3
MT0011372756,unknown,3,4
MT0011374266,english,1,3
MT0011374342,english,2,1
MT0011376343,english,0,0
MT0011378875,english,1,3
MT0011380622,unknown,2,1
MT0011387901,english,1,3
MT0011391187,english,4,2
MT0011391356,english,2,1
MT0011393132,unknown,2,1
MT0011395375,english,2,2
MT0011398970,english,5,5
MT0011403548,english,5,5
MT0011411969,english,2,1
MT0011413068,unknown,2,1
MT0011426003,english,2,1
MT0011440705,unknown,5,5
MT0011447062,unknown,0,0
MT0011448384,unknown,4,2
MT0011448773,english,2,1
MT0011451296,english,3,0
MT0011458668,unknown,2,4
MT0011465608,unknown,3,0
MT0011487003,english,2,1
MT0011489804,unknown,2,1
MT0011503204,english,5,1
MT0011510700,english,1,3
MT0011558921,english,3,0
MT0011560587,unknown,3,4
MT0011564855,unknown,3,0
MT0011574534,unknown,1,3
MT0011575842,unknown,3,4
MT0011575852,unknown,1,3
MT0011581506,unknown,1,3
MT0011594970,english,5,5
MT0011612883,unknown,3,4
MT0011628266,unknown,2,1
MT0011650689,english,3,4
MT0011659985,english,5,5
MT0011667212,unknown,3,4
MT0011677264,english,1,2
MT0011697297,unknown,2,1
MT0011701692,unknown,2,1
MT0011702301,unknown,3,4
MT0011707340,english,4,2
MT0011709169,unknown,2,1
MT0011711263,unknown,2,1
MT0011711878,english,3,4
MT0011712337,english,2,1
MT0011715190,unknown,2,1
MT0011716005,english,1,3
MT0011718667,unknown,4,0
MT0011724911,unknown,2,1
MT0011724999,unknown,3,4
MT0011739779,english,4,0
MT0011741035,english,4,2
MT0011755407,unknown,3,0
MT0011767762,english,4,2
MT0011772341,english,4,2
MT0011776369,english,3,0
MT0011785029,unknown,4,2
MT0011786799,unknown,5,1
MT0011797446,unknown,4,2
MT0011800641,english,3,4
MT0011808566,english,4,2
MT0011809659,english,0,0
MT0011818239,english,3,4
MT0011821215,english,4,2
MT0011827018,english,1,3
MT0011836087,unknown,3,0
MT0011836290,unknown,4,2
MT0011842354,english,0,0
MT0011847514,english,4,2
MT0011861922,english,4,2
MT0011862487,english,3,4
MT0011869625,english,4,2
MT0011870505,english,2,3
MT0011876383,unknown,3,4
MT0011878109,english,1,3
MT0011879943,english,1,3
MT0011881944,english,4,2
MT0011886148,unknown,3,0
MT0011886864,english,5,5
MT0011894681,english,3,4
MT0011895175,unknown,5,5
MT0011895910,english,4,2
MT0011896804,english,4,2
MT0011899302,unknown,4,0
MT0011903519,unknown,2,1
MT0011906602,unknown,5,5
MT0011908274,english,3,5
MT0011909571,english,2,1
MT0011910522,english,2,0
MT0011912059,unknown,4,2
MT0011914836,english,2,3
MT0011916674,english,0,0
MT0011916784,unknown,0,0
MT0011919136,unknown,2,1
MT0011920419,english,2,1
MT0011921060,english,4,2
MT0011922080,unknown,4,2
MT0011922905,english,4,2
MT0011924283,english,4,0
MT0011924316,english,0,2
MT0011924930,english,0,5
MT0011928183,english,4,2
MT0011929096,english,3,0
MT0011930865,unknown,3,4
MT0011933875,english,4,2
MT0011937155,english,1,3
MT0011937271,english,5,5
MT0011938737,unknown,4,2
MT0011940781,english,1,3
MT0011943335,english,1,3
MT0011943549,english,2,1
MT0011944405,english,1,3
MT0011945841,english,4,2
MT0011950450,english,3,5
MT0011953228,unknown,4,2
MT0011953631,unknown,2,1
MT0011957429,english,4,2
MT0011959819,english,1,3
MT0011960348,unknown,0,0
MT0011961925,english,4,2
MT0011963777,english,1,3
MT0011966998,unknown,2,1
MT0011968204,unknown,1,3
MT0011969592,unknown,2,1
MT0011971415,unknown,0,0
MT0011974870,unknown,3,4
MT0011975274,english,4,2
MT0011982393,english,3,4
MT0011991382,english,1,3
MT0011996860,unknown,2,1
MT0011997914,unknown,1,3
MT0011999773,english,1,3
MT0012000832,english,2,4
MT0012001409,english,4,2
MT0012001684,english,0,0
MT0012004661,unknown,2,1
MT0012004909,english,2,1
MT0012004929,english,0,0
MT0012005920,english,0,0
MT0012008752,unknown,3,5
MT0012009054,english,1,3
MT0012009606,unknown,3,0
MT0012011991,english,2,1
MT0012013969,english,3,4
MT0012014382,english,1,3
MT0012016955,english,2,1
MT0012017035,english,2,2
MT0012020062,unknown,5,5
MT0012023721,english,2,1
MT0012025242,unknown,4,2
MT0012025969,unknown,2,1
MT0012027536,unknown,3,4
MT0012028572,english,4,2
MT0012030545,english,4,2
MT0012030591,english,4,2
MT0012030863,english,4,2
MT0012031327,english,4,2
MT0012033786,english,4,2
MT0012034242,english,2,1
MT0012035583,english,4,0
MT0012036571,unknown,3,4
MT0012041920,english,4,2
MT0012061041,unknown,2,1
MT0012067911,english,2,2
MT0012073768,unknown,2,4
MT0012091487,unknown,2,1
MT0012096485,unknown,3,4
MT0012100576,english,2,1
MT0012112600,unknown,3,4
MT0012116237,english,2,1
MT0012122028,english,4,2
MT0012124855,unknown,1,3
MT0012151268,unknown,5,5
MT0012159808,english,3,4
MT0012168286,english,1,3
MT0012195806,unknown,4,2
MT0012198225,unknown,5,5
MT0012202513,unknown,2,2
MT0012222183,unknown,3,0
MT0012240177,unknown,3,4
MT0012247942,unknown,4,2
MT0012259307,unknown,3,4
MT0012261257,unknown,4,4
MT0012276467,unknown,3,4
MT0012292188,unknown,2,2
MT0012312232,unknown,3,4
MT0012317309,english,4,4
MT0012330276,english,5,5
MT0012330796,unknown,2,1
MT0012331779,unknown,2,1
MT0012333553,english,4,0
MT0012333749,unknown,2,1
MT0012333771,unknown,2,1
MT0012334245,english,4,2
MT0012337307,unknown,3,4
MT0012383717,unknown,2,1
MT0012396528,english,1,3
MT0012398546,english,4,2
MT0012408058,unknown,4,2
MT0012416069,unknown,2,1
MT0012417408,unknown,5,5
MT0012430736,english,4,2
MT0012435412,unknown,4,2
MT0012438211,english,4,2
MT0012454159,unknown,2,1
MT0012454284,unknown,2,4
MT0012455611,english,4,2
MT0012459878,english,1,3
MT0012481933,unknown,0,0
MT0012505137,english,2,1
MT0012509093,english,0,0
MT0012521149,english,2,1
MT0012532120,unknown,1,3
MT0012534566,unknown,2,1
MT0012591057,unknown,5,5
MT0012600718,unknown,5,5
MT0012601428,unknown,5,5
MT0012615075,unknown,2,1
MT0012619690,english,2,4
MT0012634038,english,4,2
MT0012637285,english,2,1
MT0012639323,english,4,2
MT0012645597,english,2,4
MT0012648496,unknown,2,1
MT0012649676,english,2,1
MT0012658386,english,3,4
MT0012658636,unknown,2,1
MT0012666474,english,4,2
MT0012675695,unknown,3,4
MT0012677096,unknown,3,0
MT0012678840,unknown,4,2
MT0012682565,unknown,0,0
MT0012697686,english,3,5
MT0012698055,english,2,1
MT0012700338,unknown,4,2
MT0012738934,english,2,1
MT0012740185,english,2,1
MT0012742379,unknown,2,4
MT0012745818,unknown,5,5
MT0012766840,unknown,3,4
MT0012773883,english,2,4
MT0012777233,english,2,1
MT0012794033,unknown,4,2
MT0012798988,unknown,2,1
MT0012811141,english,2,1
MT0012823048,english,3,4
MT0012840331,unknown,2,1
MT0012844418,english,4,2
MT0012846850,unknown,2,4
MT0012854734,english,3,4
MT0012855159,english,2,1
MT0012862507,english,2,1
MT0012863101,english,2,1
MT0012865192,english,2,1
MT0012869295,unknown,2,1
MT0012888230,unknown,3,0
MT0012893353,unknown,5,5
MT0012895822,english,3,4
MT0012900592,english,2,1
MT0012909507,english,2,1
MT0012914763,english,2,1
MT0012924767,unknown,3,4
MT0012930833,english,4,2
MT0012932812,unknown,5,5
MT0012933678,english,5,1
MT0012941049,unknown,4,0
MT0012956323,unknown,1,3
MT0012976100,english,3,4
MT0012988776,english,3,4
MT0013003902,english,2,4
MT0013027205,unknown,2,1
MT0013044535,unknown,3,4
MT0013056573,english,5,5
MT0013056830,english,2,1
MT0013058008,english,1,3
MT0013064857,english,4,2
MT0013070871,english,5,4
MT0013075504,unknown,2,4
MT0013078262,unknown,2,1
MT0013080259,unknown,3,4
MT0013087767,english,2,1
MT0013095380,unknown,4,2
MT0013101577,english,1,3
MT0013104929,english,2,1
MT0013115311,english,3,4
MT0013145806,unknown,3,0
MT0013151367,unknown,2,1
MT0013156036,english,1,3
MT0013161246,english,2,1
MT0013166908,unknown,2,4
MT0013173557,unknown,3,4
MT0013176970,english,3,4
MT0013177702,english,3,0
MT0013184611,english,1,3
MT0013186132,english,3,4
MT0013193016,english,3,4
MT0013198028,unknown,3,4
MT0013201347,english,4,0
MT0013208607,unknown,2,1
MT0013209458,english,2,1
MT0013216725,english,4,2
MT0013219857,english,5,5
MT0013228223,english,0,5
MT0013235939,unknown,5,5
MT0013236693,english,4,2
MT0013244644,unknown,2,1
MT0013260233,english,3,4
MT0013275745,unknown,4,2
MT0013280170,english,3,4
MT0013282123,unknown,3,4
MT0013283837,english,4,4
MT0013289749,english,2,1
MT0013299412,unknown,3,4
MT0013305470,unknown,3,0
MT0013305827,english,2,4
MT0013313448,unknown,5,5
MT0013328261,english,5,5
MT0013349760,english,4,2
MT0013350034,english,3,4
MT0013366460,unknown,2,1
MT0013386240,unknown,4,4
MT0013389935,unknown,4,4
MT0013401931,unknown,2,1
MT0013411556,english,0,0
MT0013416300,english,5,5
MT0013417325,unknown,2,1
MT0013418800,english,2,1
MT0013429054,unknown,5,1
MT0013458428,english,3,4
MT0013464231,english,0,0
MT0013477850,unknown,5,1
MT0013486354,unknown,2,4
MT0013504689,unknown,3,4
MT0013524535,english,0,0
MT0013577074,unknown,3,4
MT0013583287,english,2,1
MT0013590244,english,4,2
MT0013602925,english,2,1
MT0013610517,unknown,4,2
MT0013610638,english,1,3
MT0013612461,english,4,2
MT0013613711,english,2,3
MT0013616609,english,0,2
MT0013621344,unknown,1,3
MT0013633209,unknown,2,1
MT0013637631,english,1,3
MT0013649307,english,0,0
MT0013652136,unknown,5,1
MT0013658337,english,4,2
MT0013667097,unknown,4,2
MT0013673733,unknown,3,4
MT0013676763,english,3,4
MT0013678986,english,0,0
MT0013693326,english,4,2
MT0013726148,unknown,3,4
MT0013732158,unknown,2,1
MT0013743441,english,2,1
MT0013746403,english,5,5
MT0013747898,unknown,4,2
MT0013751364,english,0,0
MT0013752990,english,4,2
MT0013758625,english,5,5
MT0013764945,english,4,2
MT0013790748,unknown,0,0
MT0013795989,english,5,1
MT0013800071,english,5,5
MT0013803861,unknown,3,4
MT0013809129,unknown,2,1
MT0013809208,english,4,2
MT0013820793,unknown,3,4
MT0013822237,unknown,2,1
MT0013824918,unknown,3,4
MT0013833732,english,3,0
MT0013868618,english,2,2
MT0013881862,english,2,1
MT0013885218,unknown,2,1
MT0013900095,english,2,1
MT0013901316,unknown,2,1
MT0013904850,unknown,4,2
MT0013906090,english,2,1
MT0013914319,unknown,1,2
MT0013921881,english,2,1
MT0013923586,english,5,4
MT0013924254,english,2,1
MT0013929650,english,2,1
MT0013955066,english,4,2
MT0013960578,english,2,1
MT0013979875,english,5,1
MT0013999544,unknown,5,1
MT0014005525,english,4,2
MT0014046859,unknown,3,4
MT0014050974,unknown,3,4
MT0014062404,unknown,3,0
MT0014082915,english,3,4
MT0014084173,unknown,2,1
MT0014084256,unknown,5,5
MT0014116864,english,2,1
MT0014118699,english,3,4
MT0014121590,english,2,1
MT0014127375,unknown,3,4
MT0014134790,unknown,2,1
MT0014135173,english,2,1
MT0014157389,unknown,4,2
MT0014173367,unknown,5,1
MT0014192212,unknown,2,1
MT0014204470,unknown,3,4
MT0014209882,english,2,1
MT0014215479,english,4,2
MT0014439055,english,1,3
MT0014443758,unknown,5,5
MT0014444602,unknown,2,1
MT0014445318,unknown,2,1
MT0014472963,english,3,4
MT0014475915,unknown,3,4
MT0014489361,unknown,2,1
MT0014489482,unknown,2,1
MT0014498396,english,2,1
MT0014507179,unknown,5,5
MT0014544554,unknown,4,2
MT0014550042,unknown,1,3
MT0014553025,english,3,4
MT0014553172,english,3,4
MT0014554353,english,0,0
MT0014555701,english,0,0
MT0014576739,unknown,0,0
MT0014581361,english,2,1
MT0014581911,unknown,4,2
MT0014584319,english,2,1
MT0014584473,english,3,4
MT0014586720,english,2,1
MT0014594482,english,2,1
MT0014597919,unknown,3,4
MT0014612093,english,2,1
MT0014615863,english,2,1
MT0014619583,english,4,2
MT0014624309,english,2,1
MT0014650353,english,2,1
MT0014650360,english,2,1
MT0014656064,unknown,2,1
MT0014664637,english,2,1
MT0014665667,english,2,1
MT0014665693,english,4,2
MT0014668887,unknown,5,5
MT0014693814,english,3,5
MT0014703649,english,4,2
MT0014724547,english,5,5
MT0014737299,unknown,2,1
MT0014752461,english,0,5
MT0014756127,english,2,1
MT0014762437,english,2,1
MT0014781093,english,1,2
MT0014790813,english,2,1
MT0014794891,unknown,4,2
MT0014798420,english,2,1
MT0014804830,english,2,1
MT0014817509,unknown,2,1
MT0014826870,english,5,5
MT0014833239,unknown,2,1
MT0014838459,english,2,1
MT0014844849,unknown,2,1
MT0014845647,english,2,1
MT0014852191,unknown,2,3
MT0014853937,unknown,3,4
MT0014859055,english,2,1
MT0014874934,unknown,5,5
MT0014878397,unknown,4,2
MT0014880463,english,2,1
MT0014936205,english,4,2
MT0014936656,english,3,4
MT0014948707,english,4,3
MT0014953592,english,4,2
MT0014957211,english,0,0
MT0014961114,unknown,4,2
MT0014964772,english,4,2
MT0014974957,english,1,3
MT0014979000,unknown,0,0
MT0014980594,english,1,3
MT0014984545,unknown,4,2
MT0014986470,unknown,5,1
MT0014992158,unknown,0,0
MT0014992356,english,2,1
MT0014997916,english,5,1
MT0015004289,unknown,3,4
MT0015004867,english,1,3
MT0015005100,english,5,1
MT0015007103,unknown,3,4
MT0015019608,english,1,3
MT0015020070,unknown,0,0
MT0015020231,unknown,0,0
MT0015026273,english,2,1
MT0015026293,english,5,5
MT0015028144,english,5,5
MT0015032338,english,3,4
MT0015034564,english,2,1
MT0015139461,english,3,4
MT0015396140,unknown,0,0
MT0015428521,english,3,4
MT0015456449,unknown,0,0
MT0015465230,english,3,4
MT0015469804,english,4,2
MT0015471594,english,3,4
MT0015477550,english,3,4
MT0015494518,english,2,1
MT0015506396,english,2,1
MT0015506741,english,5,5
MT0015510419,unknown,3,4
MT0015511866,english,2,1
MT0015514030,unknown,5,5
MT0015541501,english,1,3
MT0015546206,english,3,0
MT0015587436,english,2,1
MT0015599764,english,2,1
MT0015604179,unknown,5,5
MT0015632625,unknown,0,0
MT0015653546,unknown,2,4
MT0015659520,unknown,2,1
MT0015664499,unknown,4,4
MT0015665796,english,3,4
MT0015680193,unknown,1,3
MT0015682649,unknown,5,5
MT0015689411,unknown,4,2
MT0015689749,unknown,4,2
MT0015694210,unknown,1,3
MT0015696773,unknown,3,4
MT0015706588,english,3,4
MT0015708437,english,2,1
MT0015709701,english,0,0
MT0015713000,unknown,2,1
MT0015715008,english,2,1
MT0015720220,unknown,4,3
MT0015742096,unknown,4,2
MT0015760726,english,5,1
MT0015849191,unknown,4,2
MT0015883602,english,2,1
MT0015885791,unknown,2,1
MT0015889071,english,2,1
MT0015896210,unknown,0,0
MT0015908129,unknown,2,1
MT0015918974,unknown,3,4
MT0015929505,english,2,1
MT0015934550,unknown,2,1
MT0015940634,english,1,3
MT0015950558,english,2,1
MT0015962332,english,2,1
MT0015971175,english,2,1
MT0016469828,english,0,0
MT0016743722,english,2,1
MT0016770768,english,1,3
MT0016887233,english,5,5
MT0016897938,english,5,5
MT0016913402,english,2,1
MT0016915093,english,2,1
MT0016918508,english,2,1
MT0016932218,english,5,5
MT0016933152,english,2,1
MT0016956738,unknown,2,1
MT0016963741,unknown,0,0
MT0016971741,english,2,1
MT0016972827,unknown,2,1
MT0016976154,english,2,1
MT0016981570,unknown,2,1
MT0016987100,unknown,2,1
MT0016990726,unknown,2,1
MT0017031590,english,2,1
MT0017475710,english,2,1
MT0017657810,english,5,1
MT0017667847,unknown,2,1
MT0017672677,unknown,3,4
MT0017683327,unknown,2,4
MT0017797643,unknown,4,2
MT0017954224,unknown,0,0
MT0017957157,unknown,1,3
MT0017971951,english,0,0
MT0018024152,english,1,3
MT0018029465,english,4,2
MT0018031959,english,1,3
MT0018044514,english,4,2
MT0018288135,english,1,3
MT0018376280,english,3,0
MT0018450519,english,0,0
MT0018453545,unknown,3,4
MT0018573219,unknown,4,2
MT0018617125,unknown,3,0
MT0018651126,english,4,2
MT0018669856,english,1,3
MT0018793776,english,4,2
MT0018861433,unknown,3,4
MT0018886935,unknown,4,2
MT0019352491,english,4,2
MT0019446620,unknown,4,2
MT0019511872,unknown,0,0
MT0019766193,english,3,4
MT0020009125,english,4,2
MT0020034314,english,1,3
MT0026135542,english,4,2
MT0026143373,unknown,1,3
MT0026158301,unknown,0,0
MT0026228956,unknown,0,0
MT0026236933,english,4,2
MT0026330298,english,5,5
MT0026378461,english,5,5
MT0026405027,unknown,5,5
MT0026414107,english,0,0
MT0026520343,english,2,1
MT0026607275,english,0,5
MT0026608644,unknown,0,0
MT0026624084,english,1,3
MT0026655309,unknown,5,5
MT0026681751,english,1,3
MT0026682960,english,2,1
MT0026690204,unknown,3,4
MT0026697228,english,5,5
MT0026707664,unknown,0,0
MT0026712161,english,0,0
MT0026719173,english,1,3
MT0026727455,english,2,1
MT0026734083,english,2,1
MT0026753145,english,1,3
MT0026753600,unknown,1,3
MT0026753827,english,2,1
MT0026772613,unknown,2,1
MT0026776967,english,4,2
MT0026790435,english,2,1
MT0026795261,english,2,1
MT0026811443,english,2,1
MT0026826094,english,4,2
MT0026827978,unknown,4,2
MT0026866290,unknown,2,1
MT0026898936,english,2,1
MT0026900439,english,5,1
MT0026903849,english,1,3
MT0026905937,english,3,4
MT0026919017,unknown,3,4
MT0026930415,english,3,4
MT0026933516,english,2,1
MT0026950915,unknown,2,1
MT0026957996,unknown,4,0
MT0026963572,english,2,1
MT0026969225,unknown,2,1
MT0026971941,english,4,2
MT0026972072,english,3,0
MT0026973347,unknown,4,2
MT0026973618,unknown,2,2
MT0026985012,english,0,2
MT0026987140,english,1,3
MT0026990793,english,3,4
MT0026999750,english,1,3
MT0027002598,unknown,4,2
MT0027002641,unknown,4,2
MT0027023212,english,4,2
MT0027032503,english,1,3
MT0027035970,unknown,2,1
MT0027048677,unknown,2,1
MT0027048746,unknown,4,2
MT0027053023,english,2,1
MT0027064560,unknown,3,0
MT0027072382,english,4,2
MT0027073298,unknown,2,1
MT0027075208,english,1,3
MT0027100467,unknown,5,5
MT0027100747,unknown,3,5
MT0027108305,unknown,2,1
MT0027112893,english,1,3
MT0027149420,english,2,1
MT0027182657,english,5,1
MT0027256574,unknown,5,1
MT0027317557,english,0,0
MT0027320606,unknown,4,2
MT0027345606,unknown,1,3
MT0027478016,unknown,2,1
MT0027535695,english,1,3
MT0027696140,english,4,2
MT0027797339,english,5,1
MT0027834332,unknown,2,1
MT0027835071,unknown,2,1
MT0027859587,english,5,1
MT0027976714,english,0,0
MT0028066739,unknown,4,2
MT0028081047,english,1,3
MT0028116568,english,3,4
MT0028124490,unknown,2,1
MT0028129662,unknown,3,4
MT0028159092,unknown,2,1
MT0028167155,english,1,3
MT0028172888,english,1,3
MT0028196052,unknown,2,1
MT0028200740,unknown,3,0
MT0028213435,english,2,1
MT0028220133,unknown,4,2
MT0028228337,english,4,4
MT0028241237,english,2,1
MT0028242839,english,3,4
MT0028293340,english,4,2
MT0028335228,english,2,1
MT0028338292,english,2,1
MT0028342814,unknown,2,0
MT0028345470,english,2,1
MT0028348785,english,1,3
MT0028372740,english,4,2
MT0028374210,english,2,1
MT0028403561,unknown,5,5
MT0028405583,english,2,1
MT0028414490,unknown,0,0
MT0028425911,english,2,1
MT0028445777,english,1,3
MT0028452849,english,1,3
MT0028469910,unknown,1,3
MT0028471202,english,1,3
MT0028485956,unknown,4,2
MT0028495262,unknown,4,2
MT0028498801,english,5,5
MT0028550964,unknown,3,0
MT0028560561,unknown,2,1
MT0028569169,english,3,0
MT0028576698,unknown,4,2
MT0028577920,english,5,5
MT0028585667,unknown,5,5
MT0028587966,english,2,1
MT0028593700,english,4,2
MT0028596249,unknown,5,5
MT0028602128,unknown,0,2
MT0028602140,unknown,4,2
MT0028603801,english,0,2
MT0028609181,english,4,2
MT0028615001,english,0,2
MT0028617351,unknown,4,2
MT0028617657,english,0,0
MT0028617797,english,2,1
MT0028623145,english,2,1
MT0028627699,english,2,1
MT0028633715,unknown,2,1
MT0028648077,unknown,2,1
MT0028649897,unknown,5,1
MT0028655327,unknown,5,5
MT0028691865,english,3,4
MT0028694655,english,0,0
MT0028697763,unknown,4,2
MT0028698324,english,0,0
MT0028709149,unknown,5,5
MT0028717129,unknown,3,4
MT0028750297,english,2,1
MT0028752173,english,2,1
MT0028753982,english,4,2
MT0028754256,english,1,3
MT0028758101,english,2,1
MT0028772639,english,2,1
MT0028790582,english,2,1
MT0028793036,unknown,2,1
MT0028798040,english,1,3
MT0028798502,english,3,4
MT0028803170,unknown,2,2
MT0028810073,unknown,2,1
MT0028810869,english,2,1
MT0028813190,english,2,1
MT0028813196,english,2,1
MT0028877759,unknown,3,4
MT0028878677,unknown,5,5
MT0028888763,english,3,4
MT0028915582,english,0,2
MT0028929933,unknown,3,4
MT0028931344,unknown,2,1
MT0028937743,english,4,2
MT0028942506,english,4,0
MT0028947009,unknown,3,4
MT0029045449,unknown,3,4
MT0029063409,unknown,0,0
MT0029065626,english,4,2
MT0029080694,unknown,4,0
MT0029091265,english,5,5
MT0029096179,unknown,3,4
MT0029099688,unknown,2,3
MT0029133325,english,5,1
MT0029165558,unknown,2,1
MT0029166572,english,3,4
MT0029196396,english,1,3
MT0029492542,unknown,1,3
MT0029553110,unknown,2,2
MT0029574551,unknown,5,5
MT0029767615,unknown,2,1
MT0029772184,english,1,3
MT0029825641,english,4,2
MT0029852139,unknown,5,0
MT0029861029,english,3,4
MT0029861679,unknown,3,5
MT0029874624,unknown,2,1
MT0029877658,unknown,2,2
MT0029976595,unknown,5,1
MT0030006612,english,4,2
MT0030007733,english,2,1
MT0030036616,unknown,3,4
MT0030074137,english,3,4
MT0030075668,unknown,2,1
MT0030097307,english,4,2
MT0030097602,english,3,4
MT0030124886,unknown,2,1
MT0030153479,unknown,2,1
MT0030155408,unknown,3,4
MT0030160582,english,2,1
MT0030177407,english,2,1
MT0030184605,english,2,1
MT0030203700,english,2,1
MT0030203729,english,2,1
MT0030211400,english,2,1
MT0030212531,english,5,1
MT0030214520,english,1,3
MT0030233759,english,2,1
MT0030234774,unknown,1,3
MT0030247926,english,3,4
MT0030248025,english,0,0
MT0030252676,unknown,2,4
MT0030271679,unknown,5,1
MT0030273093,unknown,2,1
MT0030282816,unknown,3,0
MT0030282917,unknown,4,2
MT0030286920,unknown,5,5
MT0030289937,english,5,5
MT0030291182,english,5,5
MT0030297713,unknown,2,1
MT0030304982,unknown,3,4
MT0030311936,unknown,2,1
MT0030319227,english,0,0
MT0030321464,unknown,0,0
MT0030324011,english,1,3
MT0030327630,english,1,3
MT0030349080,english,4,2
MT0030362174,english,0,0
MT0030362299,english,5,4
MT0030369896,english,3,4
MT0030400613,unknown,2,1
MT0030407300,english,1,2
MT0030422114,unknown,4,2
MT0030435905,unknown,2,1
MT0030438262,english,2,1
MT0030442334,unknown,0,0
MT0030481692,english,2,1
MT0030481897,unknown,3,4
MT0030484925,english,2,1
MT0030487841,english,4,2
MT0030489320,english,1,3
MT0030494794,unknown,5,1
MT0030495725,unknown,3,0
MT0030499533,english,4,0
MT0030504803,english,1,3
MT0030646708,english,2,1
MT0030677343,unknown,4,0
MT0030968017,english,0,0
MT0031024722,english,5,5
MT0031036016,unknown,3,4
MT0031049140,english,2,1
MT0031292023,unknown,4,2
MT0031336251,unknown,2,1
MT0031365452,unknown,5,1
MT0031375281,english,3,4
MT0031462756,unknown,2,1
MT0031495046,unknown,3,4
MT0031508823,unknown,2,1
MT0031514928,unknown,1,3
MT0031544440,unknown,3,0
MT0031548988,english,4,2
MT0031555265,english,2,1
MT0031574394,english,4,3
MT0031600223,unknown,3,4
MT0031615488,unknown,0,0
MT0031618741,english,2,1
MT0031626819,english,4,2
MT0031661393,english,2,1
MT0031664726,english,2,1
MT0031685353,unknown,2,1
MT0031693432,english,5,5
MT0031716439,unknown,2,4
MT0031721956,unknown,4,2
MT0031726825,english,2,1
MT0031733848,english,3,4
MT0031783178,unknown,3,4
MT0031807708,unknown,3,0
MT0031826295,english,5,1
MT0031826774,english,3,4
MT0031827474,unknown,5,5
MT0031834881,english,2,1
MT0031841471,english,2,4
MT0031855026,unknown,5,5
MT0031861483,english,1,3
MT0031868141,english,4,2
MT0031875986,english,1,3
MT0031886830,unknown,5,5
MT0031892359,unknown,5,5
MT0031893087,english,4,2
MT0031898123,unknown,2,1
MT0031901408,unknown,0,0
MT0031903528,english,4,2
MT0031907365,unknown,0,0
MT0031912859,english,3,4
MT0031914705,unknown,2,1
MT0031917087,english,4,2
MT0031917220,unknown,5,5
MT0031919267,unknown,3,4
MT0031919561,english,1,3
MT0031922089,unknown,2,1
MT0031924755,english,2,1
MT0031925901,english,2,1
MT0031926476,unknown,2,1
MT0031939057,english,4,0
MT0031940284,unknown,2,1
MT0031951901,unknown,0,0
MT0031952089,unknown,2,1
MT0031964947,english,2,1
MT0031972398,unknown,2,1
MT0031979912,english,2,1
MT0031995272,unknown,2,1
MT0031996487,english,4,0
MT0031996897,english,1,3
MT0032001427,english,4,2
MT0032039381,unknown,2,1
MT0032048707,english,4,2
MT0032050779,english,1,3
MT0032060949,english,2,1
MT0032061091,english,1,3
MT0032061241,unknown,3,4
MT0032093528,english,3,4
MT0032157716,english,2,1
MT0032181833,unknown,4,2
MT0032235381,english,2,1
MT0032297238,unknown,2,1
MT0032332758,english,2,1
MT0032405040,unknown,0,0
MT0032405359,english,4,2
MT0032623363,unknown,2,1
MT0032628164,english,3,4
MT0032643023,english,1,3
MT0032651589,english,2,1
MT0032665811,english,1,3
MT0032673223,english,1,3
MT0032682675,english,4,2
MT0032698237,unknown,3,4
MT0032698280,unknown,3,4
MT0032701682,english,4,2
MT0032723940,english,0,0
MT0032724130,unknown,3,4
MT0032757175,english,0,5
MT0032760813,unknown,4,2
MT0032768117,english,3,4
MT0032768122,english,4,2
MT0032778604,english,3,0
MT0032782452,english,0,0
MT0032892262,english,2,1
MT0032957418,english,4,2
MT0033004298,unknown,4,2
MT0033061162,english,4,2
MT0033084992,unknown,2,1
MT0033097471,english,2,1
MT0033126079,unknown,1,3
MT0033155511,english,2,1
MT0033159895,english,2,1
MT0033177286,unknown,0,0
MT0033218453,english,5,5
MT0033226848,english,2,1
MT0033252621,english,2,1
MT0033258989,english,5,1
MT0033262254,english,0,2
MT0033262547,english,4,2
MT0033287096,english,1,3
MT0033287114,unknown,1,3
MT0033293296,unknown,1,3
MT0033317646,unknown,2,1
MT0033319941,english,2,1
MT0033326377,unknown,5,5
MT0033345959,english,5,5
MT0033376569,english,0,0
MT0033380436,unknown,3,4
MT0033381821,english,1,2
MT0033388898,unknown,4,2
MT0033389924,unknown,2,1
MT0033391277,english,3,4
MT0033391280,unknown,5,5
MT0033397838,unknown,2,1
MT0033397942,english,3,4
MT0033399262,unknown,5,5
MT0033410438,english,3,4
MT0033415296,unknown,5,1
MT0033430737,english,1,3
MT0033442719,unknown,0,0
MT0033443279,unknown,2,1
MT0033444885,unknown,2,1
MT0033459750,english,3,4
MT0033461826,unknown,3,4
MT0033470806,english,4,4
MT0033473090,english,0,0
MT0033493473,english,5,5
MT0033512773,english,4,2
MT0033717316,english,4,2
MT0033733581,english,0,0
MT0033784855,unknown,4,2
MT0033818006,english,5,5
MT0033841575,english,4,2
MT0033940994,unknown,3,4
MT0033958450,english,2,1
MT0033974184,english,2,1
MT0033987987,english,2,1
MT0033993440,english,2,1
MT0033998763,unknown,2,2
MT0034005433,unknown,4,2
MT0034013916,english,2,1
MT0034015731,unknown,2,1
MT0034064577,english,0,0
MT0034085485,unknown,3,0
MT0034094847,english,2,1
MT0034106363,unknown,0,0
MT0034113973,english,1,3
MT0034125967,english,4,2
MT0034130398,unknown,5,1
MT0034136847,english,5,5
MT0034138322,english,2,1
MT0034148562,unknown,2,1
MT0034160981,unknown,2,4
MT0034165427,unknown,3,4
MT0034186195,unknown,2,1
MT0034186620,unknown,2,1
MT0034191542,english,3,4
MT0034197846,english,3,4
MT0034203861,unknown,3,4
MT0034210118,unknown,4,2
MT0034211183,english,4,2
MT0034212119,unknown,3,4
MT0034225020,english,4,2
MT0034230990,english,4,4
MT0034378005,unknown,2,1
MT0034403159,english,4,2
MT0034403951,english,2,1
MT0034408055,unknown,4,2
MT0034410340,english,3,4
MT0034422157,english,4,0
MT0034426806,english,1,3
MT0034429136,english,2,1
MT0034518366,english,2,1
MT0034549623,english,2,1
MT0034551604,english,3,4
MT0034552648,english,0,0
MT0034555338,unknown,2,1
MT0034560618,english,5,5
MT0034563474,english,4,2
MT0034574251,english,4,0
MT0034577222,unknown,4,4
MT0034577404,english,4,4
MT0034670435,english,2,1
MT0034677542,english,5,1
MT0034694413,english,2,1
MT0034695587,unknown,3,4
MT0034706827,english,3,4
MT0034731020,unknown,4,4
MT0034800740,english,1,3
MT0034816599,unknown,4,2
MT0034852831,english,2,1
MT0034893754,unknown,3,4
MT0034988131,english,4,2
MT0034991842,english,2,1
MT0034992204,english,4,2
MT0034992752,unknown,4,2
MT0034992958,english,2,1
MT0034996484,english,1,3
MT0035000258,unknown,3,4
MT0035007057,unknown,3,4
MT0035014333,unknown,3,4
MT0035037927,english,0,0
MT0035108409,english,3,4
MT0035119161,english,4,2
MT0035133312,unknown,4,2
MT0035241621,unknown,1,3
MT0035241675,english,1,3
MT0035285414,english,1,3
MT0035316286,english,4,2
MT0035322836,english,2,1
MT0035323832,unknown,3,4
MT0035327119,unknown,2,1
MT0035332435,english,4,2
MT0035332835,english,2,1
MT0035334027,unknown,2,1
MT0035518031,unknown,0,0
MT0035833639,english,3,4
MT0035974809,english,5,5
MT0035974819,english,5,5
MT0036111736,unknown,1,3
MT0036111751,unknown,1,3
MT0036111757,english,1,3
MT0036217440,unknown,1,3
MT0036368550,english,0,2
MT0039250520,english,0,2
MT0040033011,unknown,4,4
MT0041030749,english,3,4
