track_id,cluster__ConvVAEplusLyrics_KMeans,cluster__ConvVAEplusLyrics_Agglomerative,"cluster__ConvVAEplusLyrics_DBSCANeps=0.5,ms=3",cluster__RawAudioMeanplusLyrics_KMeans,cluster__RawAudioMeanplusLyrics_Agglomerative,cluster__RawAudioMeanplusLyrics_DBSCANfailed,cluster__PCArawFused_KMeans,cluster__PCArawFused_Agglomerative,cluster__PCArawFused_DBSCANfailed
MT0000008995,2,1,-1,1,0,-1,1,0,-1
MT0000011357,4,3,-1,5,1,-1,3,4,-1
MT0000026571,2,0,-1,3,1,-1,2,5,-1
MT0000027422,4,3,-1,2,3,-1,0,1,-1
MT0000030834,2,1,-1,1,0,-1,1,0,-1
MT0000031210,2,1,-1,4,0,-1,4,3,-1
MT0000038502,1,4,-1,0,5,-1,5,2,-1
MT0000040773,0,2,-1,1,4,-1,1,0,-1
MT0000042939,4,3,-1,2,2,-1,0,1,-1
MT0000043184,2,1,-1,1,4,-1,1,0,-1
MT0000044741,2,1,-1,3,1,-1,2,5,-1
MT0000045345,2,1,-1,5,1,-1,3,4,-1
MT0000048600,0,0,-1,5,1,-1,3,4,-1
MT0000059269,2,1,-1,4,0,-1,4,3,-1
MT0000063684,3,1,-1,5,1,-1,3,4,-1
MT0000066236,1,4,-1,5,3,-1,3,4,-1
MT0000066421,3,1,-1,3,1,-1,2,5,-1
MT0000080053,5,2,-1,1,4,-1,1,0,-1
MT0000082188,2,1,-1,1,0,-1,1,0,-1
MT0000089238,1,0,-1,5,3,-1,3,4,-1
MT0000089410,2,1,-1,1,4,-1,1,0,-1
MT0000091401,5,2,-1,1,4,-1,1,0,-1
MT0000091781,0,0,-1,3,1,-1,2,5,-1
MT0000092637,2,1,-1,1,4,-1,1,0,-1
MT0000093583,3,1,-1,3,1,-1,2,5,-1
MT0000095414,0,0,-1,3,1,-1,2,5,-1
MT0000097948,3,1,-1,4,0,-1,4,3,-1
MT0000103049,4,5,0,4,0,-1,4,3,-1
MT0000103874,2,1,-1,3,1,-1,2,5,-1
MT0000105492,2,1,-1,1,4,-1,1,0,-1
MT0000117176,0,1,-1,1,0,-1,1,0,-1
MT0000119701,0,2,-1,4,0,-1,4,0,-1
MT0000119987,5,2,-1,2,2,-1,0,2,-1
MT0000124779,0,0,-1,5,3,-1,3,4,-1
MT0000128573,5,0,-1,5,1,-1,3,4,-1
MT0000133200,3,2,-1,0,5,-1,5,2,-1
MT0000135916,0,0,-1,3,1,-1,2,4,-1
MT0000144160,0,0,-1,5,1,-1,3,4,-1
MT0000145509,4,3,-1,0,2,-1,5,2,-1
MT0000146284,2,1,-1,1,0,-1,1,0,-1
MT0000146966,3,1,-1,0,5,-1,5,2,-1
MT0000147182,4,1,-1,5,1,-1,3,4,-1
MT0000151451,2,1,-1,3,1,-1,2,5,-1
MT0000151529,5,0,-1,4,4,-1,4,0,-1
MT0000162219,0,0,-1,3,1,-1,2,5,-1
MT0000164441,0,0,-1,4,0,-1,4,3,-1
MT0000169174,4,3,-1,2,3,-1,0,1,-1
MT0000169836,5,4,-1,5,1,-1,3,4,-1
MT0000171421,2,1,-1,5,3,-1,3,1,-1
MT0000171852,2,1,-1,1,0,-1,1,0,-1
MT0000174580,2,1,-1,5,1,-1,3,1,-1
MT0000175597,0,0,-1,1,4,-1,1,0,-1
MT0000177878,2,0,-1,1,0,-1,1,0,-1
MT0000185453,2,1,-1,4,0,-1,4,3,-1
MT0000185601,3,2,-1,2,2,-1,0,2,-1
MT0000186467,1,4,-1,2,2,-1,0,1,-1
MT0000190640,4,3,-1,0,5,-1,5,2,-1
MT0000192913,1,2,-1,2,3,-1,0,1,-1
MT0000192982,1,3,-1,3,1,-1,2,5,-1
MT0000195705,1,0,-1,5,1,-1,3,5,-1
MT0000197431,3,2,-1,3,4,-1,2,5,-1
MT0000202045,1,0,-1,2,2,-1,0,1,-1
MT0000214287,4,0,-1,3,1,-1,2,5,-1
MT0000216849,3,1,-1,2,2,-1,0,2,-1
MT0000218346,0,0,-1,2,2,-1,0,2,-1
MT0000225806,2,1,-1,2,3,-1,0,1,-1
MT0000231442,4,5,-1,0,2,-1,5,2,-1
MT0000231784,3,3,-1,0,2,-1,5,2,-1
MT0000245808,3,1,-1,1,4,-1,2,0,-1
MT0000252574,3,0,-1,5,1,-1,3,4,-1
MT0000255724,2,0,-1,2,2,-1,0,1,-1
MT0000258223,4,5,-1,3,4,-1,2,0,-1
MT0000258646,5,2,-1,2,3,-1,0,1,-1
MT0000265621,0,0,-1,5,1,-1,3,4,-1
MT0000268576,0,0,-1,3,1,-1,2,5,-1
MT0000270200,3,1,-1,2,2,-1,0,2,-1
MT0000271454,3,1,-1,3,1,-1,2,5,-1
MT0000271970,1,4,-1,0,5,-1,5,2,-1
MT0000273374,2,0,-1,1,4,-1,1,0,-1
MT0000277032,3,2,-1,1,4,-1,1,0,-1
MT0000277633,5,2,-1,4,0,-1,4,0,-1
MT0000283043,4,5,-1,5,1,-1,3,4,-1
MT0000287606,3,5,-1,4,0,-1,4,3,-1
MT0000287921,1,4,-1,0,5,-1,5,2,-1
MT0000289116,2,1,-1,1,4,-1,1,0,-1
MT0000292000,3,2,-1,5,3,-1,0,1,-1
MT0000293345,0,0,-1,2,3,-1,0,4,-1
MT0000299291,2,0,-1,2,3,-1,0,1,-1
MT0000310204,3,1,-1,2,3,-1,0,4,-1
MT0000312152,3,1,-1,1,4,-1,1,0,-1
MT0000315363,5,2,-1,2,2,-1,0,2,-1
MT0000315392,2,1,-1,5,3,-1,3,4,-1
MT0000316110,3,1,-1,2,2,-1,0,1,-1
MT0000318206,1,0,-1,0,5,-1,5,2,-1
MT0000318279,0,2,-1,5,1,-1,3,4,-1
MT0000320757,2,1,-1,5,3,-1,0,1,-1
MT0000321394,1,0,-1,2,2,-1,0,1,-1
MT0000321824,2,1,-1,3,1,-1,2,5,-1
MT0000325093,2,1,-1,2,3,-1,0,1,-1
MT0000335310,0,0,-1,3,1,-1,2,4,-1
MT0000348553,3,1,-1,1,0,-1,1,0,-1
MT0000353361,0,0,-1,3,1,-1,3,4,-1
MT0000369188,3,5,-1,2,3,-1,0,1,-1
MT0000370694,3,2,-1,3,4,-1,2,5,-1
MT0000380307,0,0,-1,1,4,-1,1,0,-1
MT0000380971,5,2,-1,1,4,-1,1,0,-1
MT0000391566,0,0,-1,5,1,-1,3,4,-1
MT0000398595,4,5,-1,5,1,-1,3,4,-1
MT0000408441,3,2,-1,4,0,-1,4,3,-1
MT0000409922,2,1,-1,5,1,-1,3,5,-1
MT0000419956,1,4,-1,5,3,-1,3,4,-1
MT0000421504,4,5,-1,1,4,-1,1,0,-1
MT0000425270,5,2,-1,2,2,-1,0,1,-1
MT0000426880,5,4,-1,3,1,-1,2,0,-1
MT0000436815,4,1,-1,2,3,-1,0,2,-1
MT0000441552,1,0,-1,2,3,-1,0,1,-1
MT0000446304,0,0,-1,3,1,-1,2,4,-1
MT0000447539,4,5,-1,4,0,-1,4,3,-1
MT0000456939,1,4,-1,0,5,-1,5,2,-1
MT0000460480,0,1,-1,3,1,-1,2,5,-1
MT0000463371,4,3,-1,2,3,-1,0,1,-1
MT0000475876,5,2,-1,3,1,-1,2,5,-1
MT0000481304,4,0,-1,5,1,-1,3,4,-1
MT0000487439,3,1,-1,4,0,-1,4,3,-1
MT0000497520,5,2,-1,2,3,-1,0,1,-1
MT0000515256,2,5,-1,1,4,-1,1,0,-1
MT0000518591,3,1,-1,2,2,-1,0,2,-1
MT0000523576,0,0,-1,5,1,-1,3,4,-1
MT0000526302,4,5,-1,4,0,-1,4,3,-1
MT0000526867,0,0,-1,1,4,-1,1,0,-1
MT0000534539,4,0,-1,1,4,-1,1,0,-1
MT0000540286,2,1,-1,4,0,-1,4,3,-1
MT0000546446,3,1,-1,2,3,-1,0,1,-1
MT0000547065,5,2,-1,5,3,-1,3,1,-1
MT0000549945,4,5,-1,1,0,-1,1,0,-1
MT0000550961,0,0,-1,3,4,-1,2,0,-1
MT0000553622,1,3,-1,3,1,-1,2,5,-1
MT0000556349,3,2,-1,1,0,-1,1,0,-1
MT0000567692,3,1,-1,1,4,-1,2,0,-1
MT0000570966,5,3,-1,1,4,-1,2,0,-1
MT0000599398,0,0,-1,3,1,-1,2,5,-1
MT0000603187,1,3,-1,5,1,-1,3,4,-1
MT0000603561,0,0,-1,4,0,-1,4,3,-1
MT0000604234,1,4,-1,5,3,-1,3,4,-1
MT0000615489,5,2,-1,0,5,-1,5,2,-1
MT0000619767,3,1,-1,2,3,-1,0,2,-1
MT0000621840,5,2,-1,3,1,-1,2,5,-1
MT0000630628,0,4,-1,2,2,-1,5,1,-1
MT0000633351,2,1,-1,3,1,-1,2,5,-1
MT0000638424,0,0,-1,3,4,-1,2,0,-1
MT0000638634,2,1,-1,3,4,-1,2,0,-1
MT0000643201,2,0,-1,5,3,-1,0,4,-1
MT0000647818,3,0,-1,5,1,-1,3,4,-1
MT0000652082,2,0,-1,3,1,-1,2,5,-1
MT0000661250,2,1,-1,4,0,-1,1,0,-1
MT0000661847,4,5,-1,5,1,-1,3,4,-1
MT0000664362,5,2,-1,3,1,-1,2,5,-1
MT0000666429,3,0,-1,2,2,-1,0,1,-1
MT0000670865,0,1,-1,3,1,-1,2,5,-1
MT0000672880,5,0,-1,5,3,-1,3,4,-1
MT0000685324,2,0,-1,2,3,-1,0,4,-1
MT0000685538,3,2,-1,3,1,-1,2,5,-1
MT0000685552,3,2,-1,5,3,-1,3,4,-1
MT0000688115,2,1,-1,1,0,-1,1,0,-1
MT0000688312,1,1,-1,2,2,-1,0,1,-1
MT0000694316,1,4,-1,2,3,-1,0,1,-1
MT0000704913,3,2,-1,5,1,-1,3,4,-1
MT0000707663,0,1,-1,3,4,-1,2,0,-1
MT0000712071,3,1,-1,3,1,-1,2,5,-1
MT0000714708,5,2,-1,5,1,-1,3,4,-1
MT0000720686,1,0,-1,0,2,-1,5,1,-1
MT0000721873,2,1,-1,2,3,-1,0,1,-1
MT0000723464,1,4,-1,5,1,-1,3,4,-1
MT0000724357,5,2,-1,3,1,-1,2,4,-1
MT0000727738,5,2,-1,5,1,-1,3,4,-1
MT0000734482,1,4,-1,4,0,-1,4,3,-1
MT0000735056,1,4,-1,0,5,-1,5,2,-1
MT0000741489,4,3,-1,0,5,-1,5,2,-1
MT0000744293,0,3,-1,2,3,-1,0,1,-1
MT0000747666,1,3,-1,3,1,-1,2,0,-1
MT0000753074,3,2,-1,3,4,-1,2,0,-1
MT0000754511,4,1,-1,1,4,-1,2,0,-1
MT0000762097,4,5,-1,1,4,-1,1,0,-1
MT0000763275,0,0,-1,1,4,-1,1,0,-1
MT0000764951,0,0,-1,4,0,-1,4,3,-1
MT0000766316,3,1,-1,1,4,-1,1,0,-1
MT0000775053,5,5,-1,1,4,-1,1,0,-1
MT0000776108,2,1,-1,1,4,-1,2,0,-1
MT0000778102,5,2,-1,3,1,-1,2,5,-1
MT0000780401,3,1,-1,2,3,-1,0,1,-1
MT0000783307,1,2,-1,2,3,-1,0,1,-1
MT0000789330,0,3,-1,2,3,-1,0,1,-1
MT0000807741,0,1,-1,1,4,-1,1,0,-1
MT0000808227,1,0,-1,0,2,-1,5,2,-1
MT0000811092,0,0,-1,1,4,-1,1,0,-1
MT0000811743,2,0,-1,3,1,-1,2,5,-1
MT0000825920,0,0,-1,1,4,-1,1,0,-1
MT0000829531,5,2,-1,5,3,-1,0,1,-1
MT0000829765,0,2,-1,3,1,-1,2,5,-1
MT0000832464,3,1,-1,1,4,-1,1,5,-1
MT0000848769,3,1,-1,1,0,-1,1,0,-1
MT0000850050,3,1,-1,1,0,-1,1,0,-1
MT0000850957,1,4,-1,5,1,-1,3,5,-1
MT0000851865,5,2,-1,5,3,-1,3,4,-1
MT0000852582,1,1,-1,2,3,-1,0,1,-1
MT0000853072,0,0,-1,1,0,-1,1,0,-1
MT0000854722,2,1,-1,5,3,-1,3,4,-1
MT0000863232,4,5,-1,5,1,-1,3,4,-1
MT0000863543,3,2,-1,2,1,-1,0,1,-1
MT0000871290,2,0,-1,3,1,-1,2,5,-1
MT0000874482,4,5,-1,2,2,-1,0,2,-1
MT0000875199,2,1,-1,0,5,-1,5,1,-1
MT0000875520,3,2,-1,0,2,-1,5,1,-1
MT0000886390,2,1,-1,3,4,-1,2,0,-1
MT0000888329,0,0,-1,3,1,-1,2,4,-1
MT0000889229,1,4,-1,1,4,-1,1,0,-1
MT0000892306,4,5,-1,2,2,-1,5,2,-1
MT0000895003,1,3,-1,0,2,-1,5,2,-1
MT0000895905,0,0,-1,4,0,-1,4,3,-1
MT0000900387,5,2,-1,5,1,-1,3,5,-1
MT0000900995,0,3,-1,4,0,-1,4,3,-1
MT0000901959,5,2,-1,5,1,-1,3,4,-1
MT0000903225,0,0,-1,2,2,-1,0,1,-1
MT0000906888,0,0,-1,3,1,-1,2,5,-1
MT0000910270,1,4,-1,2,3,-1,0,1,-1
MT0000920227,4,5,-1,1,0,-1,1,0,-1
MT0000927561,0,3,-1,0,5,-1,5,2,-1
MT0000931402,0,0,-1,3,4,-1,2,5,-1
MT0000934613,0,0,-1,2,3,-1,0,4,-1
MT0000948111,3,2,-1,3,4,-1,2,5,-1
MT0000950090,2,0,-1,2,2,-1,0,1,-1
MT0000954088,5,4,-1,3,1,-1,3,5,-1
MT0000956340,1,4,-1,5,1,-1,3,5,-1
MT0000984023,4,3,-1,0,5,-1,5,2,-1
MT0000992846,3,0,-1,2,2,-1,0,1,-1
MT0001016068,3,2,-1,1,4,-1,1,0,-1
MT0001020011,4,5,-1,3,4,-1,2,0,-1
MT0001030436,2,1,-1,1,4,-1,1,0,-1
MT0001032211,3,2,-1,3,4,-1,2,5,-1
MT0001042055,0,0,-1,3,1,-1,3,4,-1
MT0001043721,5,2,-1,3,1,-1,3,5,-1
MT0001053268,0,0,-1,5,1,-1,3,4,-1
MT0001058887,3,1,-1,5,1,-1,3,5,-1
MT0001062700,2,0,-1,1,4,-1,1,0,-1
MT0001095298,3,1,-1,5,1,-1,3,4,-1
MT0001101467,5,2,-1,0,2,-1,5,2,-1
MT0001102610,0,0,-1,2,3,-1,0,1,-1
MT0001104467,0,0,-1,5,1,-1,3,4,-1
MT0001106114,5,2,-1,3,1,-1,2,5,-1
MT0001109401,1,3,-1,2,2,-1,0,1,-1
MT0001115644,2,1,-1,2,3,-1,0,1,-1
MT0001116511,1,4,-1,0,5,-1,5,2,-1
MT0001117815,2,1,-1,2,2,-1,0,1,-1
MT0001121577,4,0,-1,5,3,-1,0,4,-1
MT0001134958,0,0,-1,1,0,-1,1,0,-1
MT0001137053,0,0,-1,1,4,-1,1,0,-1
MT0001144930,2,0,-1,2,2,-1,0,1,-1
MT0001152165,2,1,-1,5,1,-1,3,4,-1
MT0001152664,0,0,-1,3,4,-1,2,5,-1
MT0001153847,3,1,-1,5,3,-1,3,4,-1
MT0001157069,1,4,-1,4,0,-1,4,3,-1
MT0001168323,0,0,-1,1,4,-1,1,0,-1
MT0001169715,5,2,-1,5,1,-1,3,5,-1
MT0001183783,2,1,-1,1,0,-1,1,0,-1
MT0001189913,5,2,-1,5,1,-1,3,4,-1
MT0001193202,4,3,-1,0,5,-1,5,2,-1
MT0001193331,5,5,-1,2,3,-1,0,1,-1
MT0001193971,0,0,-1,5,3,-1,3,4,-1
MT0001194164,3,1,-1,1,4,-1,1,0,-1
MT0001195535,2,1,-1,5,1,-1,3,4,-1
MT0001202986,2,1,-1,3,1,-1,2,5,-1
MT0001217651,5,2,-1,0,2,-1,5,2,-1
MT0001227219,3,2,-1,4,0,-1,4,3,-1
MT0001230193,1,3,-1,2,2,-1,0,2,-1
MT0001230298,2,0,-1,3,1,-1,2,5,-1
MT0001243097,0,5,-1,1,4,-1,1,0,-1
MT0001256033,3,1,-1,0,2,-1,5,1,-1
MT0001265984,0,3,-1,5,3,-1,3,1,-1
MT0001266436,2,1,-1,5,1,-1,3,4,-1
MT0001267997,2,0,-1,1,4,-1,1,0,-1
MT0001276044,4,5,-1,0,5,-1,5,2,-1
MT0001277283,0,0,-1,2,3,-1,0,2,-1
MT0001284282,2,0,-1,5,1,-1,3,4,-1
MT0001284801,3,1,-1,1,4,-1,1,0,-1
MT0001287647,5,1,-1,0,5,-1,5,2,-1
MT0001292451,5,2,-1,1,4,-1,1,0,-1
MT0001297031,3,1,-1,3,1,-1,2,5,-1
MT0001298241,3,2,-1,5,1,-1,3,4,-1
MT0001301827,2,1,-1,4,0,-1,4,3,-1
MT0001305550,2,0,-1,4,0,-1,4,3,-1
MT0001309422,2,0,-1,5,1,-1,3,4,-1
MT0001313815,2,1,-1,3,1,-1,3,5,-1
MT0001318718,3,0,-1,3,1,-1,2,5,-1
MT0001321861,5,2,-1,0,5,-1,5,2,-1
MT0001323755,4,5,-1,5,1,-1,3,4,-1
MT0001331047,2,1,-1,4,0,-1,4,3,-1
MT0001332899,2,0,-1,5,1,-1,3,5,-1
MT0001335920,5,2,-1,2,3,-1,0,1,-1
MT0001347462,0,0,-1,3,4,-1,2,5,-1
MT0001353828,1,4,-1,5,3,-1,3,1,-1
MT0001356476,3,1,-1,2,3,-1,0,4,-1
MT0001356637,2,2,-1,3,1,-1,2,5,-1
MT0001361436,1,4,-1,0,5,-1,5,2,-1
MT0001362313,2,1,-1,3,1,-1,2,5,-1
MT0001368531,0,2,-1,3,4,-1,2,5,-1
MT0001369981,2,1,-1,4,0,-1,4,0,-1
MT0001370627,2,0,-1,4,0,-1,1,0,-1
MT0001372070,2,0,-1,5,1,-1,3,4,-1
MT0001376988,1,4,-1,0,2,-1,5,1,-1
MT0001377616,0,0,-1,3,4,-1,2,0,-1
MT0001377742,4,3,-1,0,5,-1,5,2,-1
MT0001380360,4,3,-1,0,5,-1,5,2,-1
MT0001383277,5,2,-1,2,2,-1,0,2,-1
MT0001385947,0,0,-1,2,3,-1,0,1,-1
MT0001395462,2,1,-1,1,4,-1,1,0,-1
MT0001397431,1,3,-1,5,3,-1,3,4,-1
MT0001404677,3,1,-1,1,0,-1,1,0,-1
MT0001435061,3,1,-1,3,1,-1,2,5,-1
MT0001436086,2,1,-1,4,0,-1,4,3,-1
MT0001453285,2,1,-1,5,1,-1,3,4,-1
MT0001473110,5,2,-1,5,1,-1,3,4,-1
MT0001473158,5,2,-1,4,0,-1,4,3,-1
MT0001477169,4,5,-1,3,1,-1,2,5,-1
MT0001486960,5,2,-1,3,4,-1,2,5,-1
MT0001494812,3,0,-1,5,1,-1,3,4,-1
MT0001497786,3,1,-1,3,4,-1,2,5,-1
MT0001509368,3,1,-1,5,1,-1,3,4,-1
MT0001509615,1,3,-1,1,4,-1,1,0,-1
MT0001510617,1,0,-1,5,1,-1,3,4,-1
MT0001511433,4,5,-1,1,0,-1,1,0,-1
MT0001514284,3,1,-1,3,1,-1,2,5,-1
MT0001515028,2,1,-1,1,4,-1,1,0,-1
MT0001518335,2,1,-1,4,0,-1,4,0,-1
MT0001521543,3,1,-1,5,1,-1,3,4,-1
MT0001523435,5,2,-1,1,4,-1,1,0,-1
MT0001526514,4,0,-1,2,2,-1,0,1,-1
MT0001528638,5,0,-1,4,0,-1,4,0,-1
MT0001531856,3,1,-1,5,1,-1,3,4,-1
MT0001531906,4,5,-1,2,3,-1,0,1,-1
MT0001542457,3,1,-1,0,5,-1,5,2,-1
MT0001547111,0,3,-1,3,4,-1,2,0,-1
MT0001553573,1,0,-1,2,2,-1,0,1,-1
MT0001554870,5,4,-1,0,5,-1,5,2,-1
MT0001566152,2,1,-1,5,1,-1,3,4,-1
MT0001578777,1,3,-1,0,5,-1,5,2,-1
MT0001583214,4,0,-1,0,5,-1,5,2,-1
MT0001590201,3,1,-1,2,3,-1,0,1,-1
MT0001590644,4,5,-1,2,2,-1,0,1,-1
MT0001594582,0,0,-1,3,1,-1,2,5,-1
MT0001595082,4,3,-1,0,2,-1,5,2,-1
MT0001608499,4,1,-1,1,4,-1,1,0,-1
MT0001609615,2,1,-1,2,3,-1,0,1,-1
MT0001610102,3,2,-1,2,3,-1,0,1,-1
MT0001613887,4,3,-1,0,5,-1,5,1,-1
MT0001615005,2,1,-1,2,2,-1,0,1,-1
MT0001624303,0,0,-1,5,3,-1,3,4,-1
MT0001634305,5,4,-1,2,3,-1,0,4,-1
MT0001638394,4,3,-1,4,0,-1,4,3,-1
MT0001639011,0,0,-1,2,3,-1,0,1,-1
MT0001641165,5,4,-1,2,3,-1,0,4,-1
MT0001642019,4,3,-1,0,2,-1,5,2,-1
MT0001644811,2,0,-1,3,1,-1,2,4,-1
MT0001646256,0,0,-1,1,0,-1,1,0,-1
MT0001648703,1,3,-1,0,5,-1,5,2,-1
MT0001653728,4,5,-1,1,4,-1,1,0,-1
MT0001658982,0,0,-1,4,0,-1,4,3,-1
MT0001661022,0,0,-1,4,0,-1,4,3,-1
MT0001671399,0,0,-1,2,3,-1,0,1,-1
MT0001673884,2,1,-1,4,0,-1,4,3,-1
MT0001699798,0,0,-1,5,3,-1,3,4,-1
MT0001710592,4,1,-1,2,2,-1,0,1,-1
MT0001729778,2,1,-1,3,1,-1,3,5,-1
MT0001738256,5,2,-1,2,3,-1,0,2,-1
MT0001741017,3,0,-1,2,2,-1,0,1,-1
MT0001757676,5,2,-1,1,4,-1,1,0,-1
MT0001765726,0,0,-1,1,4,-1,1,0,-1
MT0001766004,1,4,-1,2,2,-1,0,1,-1
MT0001770136,5,2,-1,0,2,-1,5,2,-1
MT0001779167,2,0,-1,0,5,-1,5,2,-1
MT0001795697,5,2,-1,5,3,-1,3,1,-1
MT0001801454,5,4,-1,0,5,-1,5,2,-1
MT0001810607,3,0,-1,5,1,-1,3,4,-1
MT0001829666,3,1,-1,5,1,-1,3,4,-1
MT0001831738,2,1,-1,2,3,-1,0,1,-1
MT0001832838,2,1,-1,5,3,-1,3,4,-1
MT0001835551,0,2,-1,0,5,-1,5,2,-1
MT0001839466,2,1,-1,3,1,-1,2,5,-1
MT0001841416,5,2,-1,1,4,-1,1,0,-1
MT0001852290,5,2,-1,0,5,-1,5,2,-1
MT0001862892,2,1,-1,3,4,-1,2,5,-1
MT0001889075,5,4,-1,2,2,-1,0,1,-1
MT0001889244,3,2,-1,3,4,-1,2,5,-1
MT0001891260,2,1,-1,1,4,-1,1,0,-1
MT0001899447,2,1,-1,1,4,-1,1,0,-1
MT0001899867,3,2,-1,5,3,-1,3,4,-1
MT0001920501,3,1,-1,3,1,-1,2,5,-1
MT0001927015,5,2,-1,3,1,-1,2,5,-1
MT0001927474,0,0,-1,2,3,-1,0,1,-1
MT0001927921,1,3,-1,5,3,-1,3,4,-1
MT0001929641,3,1,-1,3,4,-1,2,0,-1
MT0001934410,5,2,-1,5,3,-1,0,1,-1
MT0001934726,3,1,-1,1,4,-1,1,0,-1
MT0001938929,5,4,-1,1,0,-1,1,0,-1
MT0001942272,0,0,-1,2,3,-1,0,1,-1
MT0001943830,0,3,-1,4,0,-1,4,3,-1
MT0001949173,2,1,-1,1,0,-1,1,0,-1
MT0001954919,2,0,-1,1,4,-1,1,0,-1
MT0001962373,1,4,-1,5,3,-1,3,4,-1
MT0001963447,4,3,-1,0,5,-1,5,2,-1
MT0001967655,0,0,-1,5,1,-1,3,4,-1
MT0001972380,2,0,-1,3,4,-1,2,0,-1
MT0001972829,2,1,-1,3,4,-1,2,0,-1
MT0001974130,0,3,-1,0,5,-1,5,2,-1
MT0001978806,5,4,-1,3,1,-1,2,5,-1
MT0001980613,4,5,-1,5,1,-1,3,4,-1
MT0001988811,2,0,-1,3,1,-1,2,5,-1
MT0001992879,1,4,-1,0,5,-1,5,2,-1
MT0001993588,5,4,-1,2,2,-1,0,2,-1
MT0002006203,2,1,-1,1,4,-1,1,0,-1
MT0002006862,5,2,-1,5,1,-1,3,5,-1
MT0002007417,2,1,-1,4,0,-1,4,3,-1
MT0002014752,0,0,-1,4,0,-1,4,0,-1
MT0002024101,3,1,-1,0,5,-1,5,2,-1
MT0002024741,2,1,-1,5,3,-1,3,4,-1
MT0002034238,2,1,-1,5,1,-1,3,4,-1
MT0002052101,3,1,-1,2,3,-1,0,1,-1
MT0002054074,2,0,-1,4,0,-1,4,3,-1
MT0002057142,0,1,-1,4,0,-1,4,3,-1
MT0002060109,0,0,-1,2,3,-1,0,1,-1
MT0002068648,1,3,-1,0,2,-1,5,2,-1
MT0002078701,1,3,-1,5,1,-1,3,4,-1
MT0002087541,0,3,-1,2,3,-1,0,1,-1
MT0002088249,3,2,-1,5,1,-1,3,5,-1
MT0002099419,5,1,-1,3,1,-1,2,5,-1
MT0002113056,4,5,-1,1,4,-1,1,0,-1
MT0002131125,5,2,-1,0,5,-1,5,2,-1
MT0002132088,0,0,-1,5,1,-1,3,4,-1
MT0002139311,2,1,-1,5,3,-1,3,4,-1
MT0002142155,0,0,-1,4,0,-1,4,0,-1
MT0002169629,1,5,-1,2,2,-1,0,1,-1
MT0002177145,5,4,-1,5,1,-1,3,4,-1
MT0002179342,3,3,-1,2,3,-1,0,1,-1
MT0002193996,5,0,-1,5,1,-1,0,1,-1
MT0002216668,2,1,-1,3,1,-1,2,5,-1
MT0002219182,3,2,-1,3,4,-1,2,0,-1
MT0002222944,4,5,-1,2,3,-1,0,1,-1
MT0002225477,5,2,-1,0,5,-1,5,2,-1
MT0002238737,0,0,-1,3,1,-1,2,4,-1
MT0002239079,5,2,-1,3,4,-1,2,5,-1
MT0002250135,0,0,-1,3,1,-1,2,5,-1
MT0002252353,1,2,-1,0,2,-1,5,1,-1
MT0002272314,1,0,-1,2,2,-1,0,1,-1
MT0002277261,0,0,-1,3,1,-1,2,5,-1
MT0002291660,1,4,-1,5,3,-1,3,4,-1
MT0002294387,2,1,-1,2,2,-1,0,2,-1
MT0002298774,1,3,-1,0,5,-1,5,2,-1
MT0002307435,0,1,-1,3,1,-1,2,5,-1
MT0002316145,1,4,-1,2,2,-1,0,1,-1
MT0002325544,2,0,-1,3,1,-1,2,5,-1
MT0002336535,2,0,-1,1,0,-1,1,0,-1
MT0002337555,1,4,-1,2,2,-1,0,4,-1
MT0002342346,3,1,-1,2,2,-1,0,1,-1
MT0002343207,3,1,-1,1,4,-1,1,0,-1
MT0002347246,5,2,-1,3,1,-1,3,5,-1
MT0002351905,5,2,-1,5,3,-1,0,1,-1
MT0002355423,4,5,-1,1,4,-1,1,0,-1
MT0002359628,0,0,-1,3,1,-1,2,5,-1
MT0002360219,5,0,-1,5,1,-1,3,4,-1
MT0002362108,3,2,-1,5,1,-1,3,4,-1
MT0002366291,3,1,-1,5,1,-1,3,5,-1
MT0002371970,1,3,-1,1,4,-1,1,0,-1
MT0002372242,5,2,-1,2,3,-1,0,2,-1
MT0002379942,4,3,-1,5,1,-1,3,4,-1
MT0002390941,1,3,-1,3,1,-1,2,5,-1
MT0002396250,0,0,-1,2,3,-1,0,1,-1
MT0002397625,2,0,-1,5,3,-1,3,4,-1
MT0002399275,5,2,-1,0,2,-1,5,1,-1
MT0002438908,4,5,-1,1,4,-1,1,0,-1
MT0002460914,5,2,-1,2,2,-1,0,1,-1
MT0002472723,2,1,-1,2,3,-1,0,4,-1
MT0002477987,2,0,-1,4,0,-1,4,3,-1
MT0002479795,1,3,-1,0,2,-1,5,2,-1
MT0002485672,1,0,-1,1,4,-1,1,0,-1
MT0002510318,0,2,-1,5,3,-1,3,4,-1
MT0002515172,4,5,-1,1,0,-1,1,0,-1
MT0002532237,5,2,-1,1,4,-1,1,0,-1
MT0002538335,3,2,-1,5,1,-1,3,4,-1
MT0002541988,2,1,-1,3,4,-1,2,0,-1
MT0002549047,3,1,-1,3,4,-1,2,0,-1
MT0002549944,3,1,-1,2,2,-1,0,1,-1
MT0002580064,3,2,-1,2,3,-1,0,1,-1
MT0002585767,2,3,-1,3,4,-1,2,5,-1
MT0002591418,2,0,-1,3,1,-1,2,5,-1
MT0002595792,2,5,-1,1,4,-1,1,0,-1
MT0002602057,5,2,-1,3,1,-1,2,5,-1
MT0002604697,2,0,-1,2,3,-1,0,1,-1
MT0002619035,0,0,-1,5,3,-1,3,4,-1
MT0002621498,1,3,-1,0,5,-1,5,2,-1
MT0002634024,2,3,-1,3,1,-1,2,5,-1
MT0002638821,0,0,-1,1,4,-1,1,0,-1
MT0002645049,5,2,-1,5,1,-1,3,4,-1
MT0002655864,5,5,-1,5,1,-1,3,4,-1
MT0002659854,4,0,-1,2,3,-1,0,1,-1
MT0002672499,3,2,-1,5,3,-1,3,4,-1
MT0002675791,4,0,-1,5,1,-1,3,4,-1
MT0002698706,5,0,-1,2,2,-1,0,1,-1
MT0002698827,4,5,-1,4,0,-1,4,0,-1
MT0002700026,3,0,-1,0,5,-1,5,2,-1
MT0002701422,4,3,-1,5,3,-1,3,1,-1
MT0002709704,3,2,-1,2,2,-1,0,1,-1
MT0002711792,1,3,-1,0,2,-1,5,2,-1
MT0002714093,0,1,-1,5,3,-1,3,4,-1
MT0002716927,0,0,-1,2,2,-1,0,1,-1
MT0002737189,5,2,-1,2,3,-1,0,1,-1
MT0002739845,0,0,-1,0,2,-1,5,2,-1
MT0002760912,2,0,-1,3,1,-1,2,5,-1
MT0002761408,4,0,-1,0,2,-1,5,2,-1
MT0002762445,3,4,-1,5,3,-1,3,4,-1
MT0002771537,2,1,-1,3,1,-1,2,5,-1
MT0002784741,5,3,-1,5,3,-1,3,1,-1
MT0002803746,0,0,-1,3,1,-1,2,5,-1
MT0002810052,1,3,-1,0,5,-1,5,2,-1
MT0002840704,5,2,-1,3,1,-1,2,5,-1
MT0002842988,5,4,-1,2,3,-1,0,1,-1
MT0002844771,0,0,-1,3,1,-1,2,5,-1
MT0002846256,2,1,-1,3,1,-1,2,5,-1
MT0002858390,5,0,-1,3,1,-1,2,4,-1
MT0002859848,2,1,-1,5,1,-1,3,1,-1
MT0002875103,5,2,-1,2,2,-1,0,1,-1
MT0002889321,1,5,-1,0,5,-1,5,2,-1
MT0002894033,5,2,-1,3,1,-1,2,5,-1
MT0002903697,0,3,-1,3,1,-1,2,5,-1
MT0002905185,3,2,-1,4,0,-1,1,0,-1
MT0002907679,2,1,-1,0,2,-1,5,1,-1
MT0002909109,5,2,-1,5,3,-1,3,2,-1
MT0002915967,3,1,1,1,4,-1,2,0,-1
MT0002920876,0,2,-1,1,0,-1,1,0,-1
MT0002928993,2,1,-1,5,1,-1,3,5,-1
MT0002939380,5,1,-1,5,1,-1,3,1,-1
MT0002949712,4,5,-1,0,5,-1,5,2,-1
MT0002951872,3,1,-1,0,5,-1,5,2,-1
MT0002954708,4,5,-1,2,2,-1,0,1,-1
MT0002960288,0,3,-1,3,1,-1,2,5,-1
MT0002962258,5,2,-1,0,2,-1,5,2,-1
MT0002969144,0,0,-1,5,1,-1,3,4,-1
MT0002980543,0,3,-1,4,0,-1,4,0,-1
MT0002986568,2,1,-1,5,3,-1,3,4,-1
MT0002999366,3,2,-1,5,1,-1,3,4,-1
MT0003008724,1,3,-1,2,2,-1,0,1,-1
MT0003012633,0,1,-1,1,0,-1,1,0,-1
MT0003019852,2,0,-1,0,5,-1,5,2,-1
MT0003023886,4,3,-1,0,5,-1,5,1,-1
MT0003025046,2,0,-1,5,1,-1,3,4,-1
MT0003025373,2,1,-1,2,2,-1,0,1,-1
MT0003025883,0,1,-1,5,1,-1,3,4,-1
MT0003028265,0,0,-1,3,1,-1,2,5,-1
MT0003037754,1,0,-1,3,1,-1,3,5,-1
MT0003041246,1,0,-1,2,2,-1,0,1,-1
MT0003044417,3,2,-1,2,2,-1,0,1,-1
MT0003081304,5,2,-1,1,4,-1,2,0,-1
MT0003085195,5,4,-1,0,5,-1,5,2,-1
MT0003085925,0,0,-1,5,1,-1,3,4,-1
MT0003094118,5,2,-1,2,3,-1,0,1,-1
MT0003102331,5,2,-1,2,2,-1,0,4,-1
MT0003106472,5,2,-1,2,3,-1,0,4,-1
MT0003109823,2,0,-1,5,1,-1,3,4,-1
MT0003117846,1,2,-1,2,2,-1,5,2,-1
MT0003124476,5,2,-1,5,3,-1,3,1,-1
MT0003131369,2,1,-1,3,1,-1,2,5,-1
MT0003131435,2,1,-1,5,1,-1,3,4,-1
MT0003144898,1,5,-1,2,2,-1,0,1,-1
MT0003146944,4,5,0,1,0,-1,1,0,-1
MT0003148189,4,5,-1,2,3,-1,0,1,-1
MT0003163405,4,0,-1,5,1,-1,3,4,-1
MT0003175531,3,1,-1,5,3,-1,3,4,-1
MT0003189890,3,1,-1,3,1,-1,2,5,-1
MT0003209662,0,2,-1,2,2,-1,0,1,-1
MT0003213617,2,1,-1,3,1,-1,2,5,-1
MT0003213835,3,2,-1,2,3,-1,0,1,-1
MT0003216840,0,1,-1,2,2,-1,0,1,-1
MT0003224500,4,2,-1,0,5,-1,5,2,-1
MT0003228768,2,1,-1,3,4,-1,2,5,-1
MT0003237550,1,0,-1,5,3,-1,3,4,-1
MT0003246728,1,2,-1,5,3,-1,3,4,-1
MT0003248394,1,0,-1,5,1,-1,3,4,-1
MT0003262589,4,5,-1,2,2,-1,0,1,-1
MT0003263304,5,0,-1,5,1,-1,3,4,-1
MT0003264792,5,2,-1,3,1,-1,2,5,-1
MT0003272904,2,0,-1,2,2,-1,0,1,-1
MT0003274067,3,0,-1,3,4,-1,2,5,-1
MT0003280103,0,0,-1,3,1,-1,2,5,-1
MT0003286463,5,2,-1,5,1,-1,3,5,-1
MT0003287170,4,5,-1,4,0,-1,4,3,-1
MT0003287931,2,1,-1,2,3,-1,0,1,-1
MT0003294608,4,5,-1,0,2,-1,5,2,-1
MT0003300388,0,0,-1,5,1,-1,3,5,-1
MT0003304271,2,1,-1,1,4,-1,1,0,-1
MT0003309945,4,3,-1,5,1,-1,3,5,-1
MT0003315880,3,2,-1,5,3,-1,3,4,-1
MT0003320924,2,1,-1,4,0,-1,4,0,-1
MT0003326925,3,4,-1,0,5,-1,5,2,-1
MT0003328491,3,1,-1,1,4,-1,1,0,-1
MT0003329820,5,1,-1,2,3,-1,0,1,-1
MT0003336370,3,1,-1,1,0,-1,1,0,-1
MT0003336800,1,4,-1,0,2,-1,5,1,-1
MT0003337396,1,3,-1,0,5,-1,5,2,-1
MT0003343422,0,3,-1,3,4,-1,2,5,-1
MT0003345751,4,3,-1,0,2,-1,5,2,-1
MT0003352308,0,3,-1,4,0,-1,4,3,-1
MT0003353602,2,1,-1,2,2,-1,0,1,-1
MT0003353794,2,1,-1,3,1,-1,2,5,-1
MT0003354468,0,0,-1,5,1,-1,3,4,-1
MT0003362542,3,1,-1,2,3,-1,0,1,-1
MT0003362617,3,1,-1,4,0,-1,4,0,-1
MT0003389088,0,2,-1,2,2,-1,0,1,-1
MT0003390733,3,1,-1,3,1,-1,2,5,-1
MT0003402178,4,5,-1,4,0,-1,4,3,-1
MT0003402538,3,1,-1,3,4,-1,2,5,-1
MT0003402994,5,2,-1,2,3,-1,0,1,-1
MT0003420996,0,2,-1,1,4,-1,1,0,-1
MT0003421433,2,5,-1,2,3,-1,0,4,-1
MT0003428477,0,0,-1,4,0,-1,4,3,-1
MT0003435704,2,1,-1,2,2,-1,0,1,-1
MT0003440957,3,2,-1,0,2,-1,5,2,-1
MT0003444822,1,1,-1,2,3,-1,0,4,-1
MT0003462877,1,4,-1,0,2,-1,5,2,-1
MT0003473344,4,5,-1,3,1,-1,2,5,-1
MT0003482336,5,4,-1,2,3,-1,0,1,-1
MT0003496132,5,4,-1,2,2,-1,0,1,-1
MT0003501434,1,3,-1,5,3,-1,3,4,-1
MT0003503243,3,1,-1,0,5,-1,5,2,-1
MT0003504525,5,2,-1,5,1,-1,3,5,-1
MT0003510796,5,2,-1,2,3,-1,0,1,-1
MT0003517837,3,0,-1,5,3,-1,3,4,-1
MT0003536193,3,1,-1,0,5,-1,5,2,-1
MT0003539442,1,2,-1,0,5,-1,5,2,-1
MT0003542756,3,2,-1,4,0,-1,4,0,-1
MT0003570082,3,2,-1,5,1,-1,3,4,-1
MT0003587042,4,3,-1,0,5,-1,5,2,-1
MT0003597979,3,1,-1,5,1,-1,3,4,-1
MT0003603497,0,0,-1,3,1,-1,2,4,-1
MT0003603772,5,2,-1,3,1,-1,2,5,-1
MT0003612742,5,2,-1,0,2,-1,5,2,-1
MT0003617309,2,1,-1,0,5,-1,5,2,-1
MT0003629164,3,1,-1,5,1,-1,3,4,-1
MT0003630870,5,2,-1,3,1,-1,2,5,-1
MT0003649209,5,2,-1,2,3,-1,0,1,-1
MT0003655884,2,0,-1,4,0,-1,4,3,-1
MT0003659365,2,1,-1,0,5,-1,5,2,-1
MT0003663435,5,0,-1,5,1,-1,3,4,-1
MT0003669917,0,0,-1,2,3,-1,0,1,-1
MT0003728288,4,3,-1,0,5,-1,5,2,-1
MT0003729518,1,4,-1,2,2,-1,0,2,-1
MT0003732702,2,0,-1,3,1,-1,2,5,-1
MT0003740052,2,1,-1,3,1,-1,2,5,-1
MT0003748227,5,2,-1,1,4,-1,1,0,-1
MT0003759483,0,0,-1,5,1,-1,3,4,-1
MT0003762220,3,1,-1,3,4,-1,2,0,-1
MT0003762339,1,3,-1,0,5,-1,5,2,-1
MT0003768949,3,1,-1,5,3,-1,0,4,-1
MT0003770678,3,2,-1,5,1,-1,3,4,-1
MT0003774577,5,2,-1,2,2,-1,0,1,-1
MT0003782002,1,3,-1,2,3,-1,0,1,-1
MT0003788939,3,1,-1,0,2,-1,5,1,-1
MT0003791678,0,0,-1,2,3,-1,0,4,-1
MT0003792475,0,1,-1,2,2,-1,0,1,-1
MT0003795778,2,1,-1,2,2,-1,0,1,-1
MT0003796752,2,1,-1,1,4,-1,1,0,-1
MT0003821577,0,3,-1,0,5,-1,5,2,-1
MT0003837569,4,3,-1,0,5,-1,5,2,-1
MT0003859252,5,2,-1,5,3,-1,3,1,-1
MT0003861331,5,2,-1,5,3,-1,3,1,-1
MT0003863509,2,1,-1,5,1,-1,3,4,-1
MT0003868349,0,0,-1,5,1,-1,3,4,-1
MT0003868390,4,5,-1,2,2,-1,0,1,-1
MT0003869539,1,1,-1,5,3,-1,3,4,-1
MT0003878494,0,3,-1,3,1,-1,2,5,-1
MT0003880691,0,3,-1,2,2,-1,0,1,-1
MT0003881997,5,2,-1,5,3,-1,3,4,-1
MT0003898980,0,0,-1,5,1,-1,3,4,-1
MT0003903675,5,2,-1,2,3,-1,0,1,-1
MT0003906833,5,2,-1,5,3,-1,3,4,-1
MT0003907045,0,0,-1,5,1,-1,3,4,-1
MT0003909053,2,1,-1,3,1,-1,3,5,-1
MT0003909575,3,2,-1,1,4,-1,1,0,-1
MT0003922883,3,1,-1,5,3,-1,3,4,-1
MT0003934644,2,1,-1,2,3,-1,0,1,-1
MT0003935299,2,0,-1,1,0,-1,1,0,-1
MT0003965796,5,2,-1,2,3,-1,0,4,-1
MT0003968586,1,3,-1,2,5,-1,0,2,-1
MT0003970870,2,1,-1,1,0,-1,1,0,-1
MT0003974181,2,1,-1,1,0,-1,1,0,-1
MT0003979876,4,4,-1,0,5,-1,5,2,-1
MT0004001989,2,1,-1,2,2,-1,0,1,-1
MT0004012938,1,3,-1,0,2,-1,5,2,-1
MT0004020993,2,1,-1,0,5,-1,5,2,-1
MT0004025604,4,5,-1,2,2,-1,0,1,-1
MT0004028719,0,0,-1,3,1,-1,2,5,-1
MT0004033010,3,2,-1,2,3,-1,0,1,-1
MT0004068560,0,3,-1,0,5,-1,5,2,-1
MT0004072079,1,4,-1,0,5,-1,5,2,-1
MT0004073991,5,2,-1,5,1,-1,3,5,-1
MT0004085907,1,3,-1,2,2,-1,0,1,-1
MT0004087145,2,0,-1,2,3,-1,0,1,-1
MT0004091857,3,2,-1,5,3,-1,3,4,-1
MT0004098601,4,5,-1,3,1,-1,2,5,-1
MT0004113262,5,4,-1,2,3,-1,0,1,-1
MT0004117319,2,0,-1,1,0,-1,1,0,-1
MT0004131260,1,4,-1,0,5,-1,5,2,-1
MT0004137658,1,3,-1,2,3,-1,0,1,-1
MT0004141823,3,2,-1,3,4,-1,2,5,-1
MT0004156130,0,3,-1,1,4,-1,2,0,-1
MT0004180568,2,0,-1,3,1,-1,2,5,-1
MT0004184616,5,2,-1,5,1,-1,3,4,-1
MT0004194402,3,1,-1,3,1,-1,2,5,-1
MT0004197514,5,3,-1,2,3,-1,0,4,-1
MT0004212108,2,1,-1,1,4,-1,2,0,-1
MT0004219321,2,0,-1,1,4,-1,2,0,-1
MT0004232099,3,1,-1,1,4,-1,1,0,-1
MT0004240748,1,3,-1,2,3,-1,0,1,-1
MT0004254228,1,4,-1,0,5,-1,5,2,-1
MT0004256890,2,1,-1,1,4,-1,1,0,-1
MT0004262978,0,0,-1,3,1,-1,2,5,-1
MT0004263301,2,1,-1,5,3,-1,3,4,-1
MT0004287283,3,2,-1,3,4,-1,2,0,-1
MT0004290389,1,3,-1,3,1,-1,3,4,-1
MT0004293364,5,2,-1,5,3,-1,3,1,-1
MT0004306521,2,1,-1,5,3,-1,0,4,-1
MT0004317784,1,0,-1,3,1,-1,2,5,-1
MT0004337195,3,2,-1,3,4,-1,2,5,-1
MT0004338270,3,1,-1,1,4,-1,2,0,-1
MT0004352104,1,1,-1,5,3,-1,3,4,-1
MT0004352726,2,1,-1,3,4,-1,2,0,-1
MT0004362501,2,1,-1,5,3,-1,3,4,-1
MT0004395306,0,0,-1,3,1,-1,2,5,-1
MT0004397754,5,2,-1,3,1,-1,2,5,-1
MT0004400843,2,1,-1,0,2,-1,5,1,-1
MT0004414074,1,4,-1,0,5,-1,5,2,-1
MT0004422924,2,2,-1,2,2,-1,0,4,-1
MT0004425744,2,1,-1,5,3,-1,3,1,-1
MT0004440606,1,4,-1,5,1,-1,3,4,-1
MT0004444570,3,2,-1,3,1,-1,2,5,-1
MT0004447086,1,4,-1,2,3,-1,0,1,-1
MT0004459450,1,4,-1,0,2,-1,5,2,-1
MT0004469135,2,1,-1,5,3,-1,3,4,-1
MT0004476235,3,1,-1,1,0,-1,1,0,-1
MT0004485367,0,0,-1,4,0,-1,4,0,-1
MT0004489039,0,0,-1,4,0,-1,4,3,-1
MT0004497478,4,3,-1,2,3,-1,0,1,-1
MT0004500770,2,1,-1,1,4,-1,1,0,-1
MT0004506984,0,0,-1,3,1,-1,2,5,-1
MT0004511265,1,3,-1,2,2,-1,0,2,-1
MT0004512063,1,1,-1,0,2,-1,5,2,-1
MT0004514306,0,0,-1,0,5,-1,5,2,-1
MT0004525980,1,0,-1,3,1,-1,2,5,-1
MT0004540242,0,2,-1,2,3,-1,0,1,-1
MT0004542745,5,2,-1,3,4,-1,2,5,-1
MT0004548391,5,2,-1,2,3,-1,0,1,-1
MT0004550434,1,4,-1,0,5,-1,5,2,-1
MT0004550458,5,2,-1,1,4,-1,1,0,-1
MT0004551480,5,4,-1,3,1,-1,2,5,-1
MT0004558203,4,3,-1,0,5,-1,5,2,-1
MT0004558461,1,0,-1,0,2,-1,5,1,-1
MT0004588191,3,2,-1,5,3,-1,3,4,-1
MT0004609722,2,0,-1,3,1,-1,2,5,-1
MT0004625127,0,0,-1,0,5,-1,5,2,-1
MT0004645468,1,2,-1,0,5,-1,5,2,-1
MT0004674397,1,3,-1,5,1,-1,3,5,-1
MT0004683099,3,5,-1,0,5,-1,5,2,-1
MT0004692317,2,1,-1,2,3,-1,0,1,-1
MT0004692456,2,1,-1,0,2,-1,5,2,-1
MT0004711079,3,1,-1,3,4,-1,2,5,-1
MT0004725201,0,0,-1,3,4,-1,2,5,-1
MT0004725405,3,2,-1,2,2,-1,0,1,-1
MT0004739956,4,3,-1,0,5,-1,5,2,-1
MT0004754115,2,3,-1,5,1,-1,3,4,-1
MT0004758223,2,0,-1,1,0,-1,1,0,-1
MT0004759588,1,3,-1,0,5,-1,5,2,-1
MT0004772896,2,0,-1,1,4,-1,1,0,-1
MT0004776609,2,1,-1,3,4,-1,2,0,-1
MT0004781165,3,2,-1,4,0,-1,4,3,-1
MT0004798504,1,1,-1,2,2,-1,0,1,-1
MT0004798790,1,3,-1,3,1,-1,2,5,-1
MT0004811602,1,4,-1,0,5,-1,5,2,-1
MT0004816612,0,0,-1,3,1,-1,2,5,-1
MT0004829377,3,2,-1,2,3,-1,0,1,-1
MT0004836526,1,4,-1,2,2,-1,0,1,-1
MT0004840819,2,1,-1,3,1,-1,2,5,-1
MT0004842694,1,3,-1,1,0,-1,1,0,-1
MT0004844832,1,3,-1,0,2,-1,5,1,-1
MT0004850406,5,4,-1,2,3,-1,0,1,-1
MT0004861138,5,2,-1,1,4,-1,2,5,-1
MT0004864453,1,4,-1,2,2,-1,0,1,-1
MT0004866559,5,2,-1,1,1,-1,1,0,-1
MT0004867185,5,2,-1,3,1,-1,2,5,-1
MT0004869271,0,0,-1,1,4,-1,1,0,-1
MT0004872217,5,2,-1,0,2,-1,5,2,-1
MT0004882280,3,3,-1,5,3,-1,0,1,-1
MT0004883551,5,0,-1,5,3,-1,3,4,-1
MT0004890000,3,1,-1,2,3,-1,0,1,-1
MT0004896738,3,2,-1,2,3,-1,0,1,-1
MT0004910983,0,0,-1,3,1,-1,2,5,-1
MT0004925844,0,0,-1,5,1,-1,3,4,-1
MT0004936799,1,3,-1,3,1,-1,2,0,-1
MT0004943985,5,5,-1,3,1,-1,2,5,-1
MT0004948855,1,4,-1,0,5,-1,5,2,-1
MT0004961409,1,3,-1,2,2,-1,0,1,-1
MT0004962647,4,5,-1,3,1,-1,2,5,-1
MT0004963809,2,1,-1,4,0,-1,4,3,-1
MT0004970058,5,2,-1,2,3,-1,0,4,-1
MT0005001966,0,5,-1,3,1,-1,2,5,-1
MT0005023904,3,2,-1,3,1,-1,2,5,-1
MT0005026798,1,3,-1,0,5,-1,5,2,-1
MT0005029328,2,0,-1,2,2,-1,0,2,-1
MT0005030845,5,1,-1,2,3,-1,0,1,-1
MT0005033429,1,0,-1,5,3,-1,3,4,-1
MT0005039941,1,4,-1,2,2,-1,0,1,-1
MT0005072543,1,2,-1,4,0,-1,4,0,-1
MT0005083885,0,0,-1,1,4,-1,1,0,-1
MT0005094727,3,0,-1,5,1,-1,3,4,-1
MT0005111463,2,1,-1,5,1,-1,3,4,-1
MT0005113916,0,0,-1,3,1,-1,2,5,-1
MT0005115042,2,1,-1,3,4,-1,2,0,-1
MT0005118426,2,1,-1,1,4,-1,1,0,-1
MT0005134466,0,2,-1,0,2,-1,5,1,-1
MT0005155949,2,0,-1,3,1,-1,2,5,-1
MT0005157804,4,0,-1,3,1,-1,2,5,-1
MT0005158273,2,1,-1,1,4,-1,1,0,-1
MT0005171537,1,4,-1,2,3,-1,0,1,-1
MT0005189351,2,1,-1,3,4,-1,2,5,-1
MT0005189820,2,1,-1,3,1,-1,2,5,-1
MT0005198745,2,0,-1,1,4,-1,1,0,-1
MT0005202791,1,3,-1,0,5,-1,5,2,-1
MT0005223794,1,3,-1,0,5,-1,5,2,-1
MT0005241287,0,2,-1,3,4,-1,2,0,-1
MT0005241699,3,2,-1,0,5,-1,5,2,-1
MT0005243931,4,5,-1,0,5,-1,5,1,-1
MT0005253065,2,1,-1,3,1,-1,2,5,-1
MT0005262725,0,3,-1,4,0,-1,4,3,-1
MT0005265641,5,2,-1,3,4,-1,2,5,-1
MT0005272837,3,2,-1,1,4,-1,1,0,-1
MT0005285696,0,5,-1,3,1,-1,2,5,-1
MT0005286165,1,3,-1,0,5,-1,5,1,-1
MT0005287506,1,3,-1,2,2,-1,0,1,-1
MT0005294278,2,1,-1,1,4,-1,2,0,-1
MT0005304966,5,4,-1,0,2,-1,5,2,-1
MT0005319891,4,3,-1,0,5,-1,5,2,-1
MT0005330350,3,2,-1,3,1,-1,2,5,-1
MT0005331755,2,1,-1,2,2,-1,0,4,-1
MT0005344437,2,0,-1,3,1,-1,2,5,-1
MT0005379911,0,0,-1,5,1,-1,3,4,-1
MT0005387539,1,0,-1,0,5,-1,5,2,-1
MT0005404111,5,2,-1,5,3,-1,3,1,-1
MT0005404247,2,0,-1,5,3,-1,3,4,-1
MT0005409948,5,2,-1,2,2,-1,0,1,-1
MT0005411969,5,0,-1,2,2,-1,0,1,-1
MT0005417719,5,2,-1,5,3,-1,3,4,-1
MT0005422349,0,2,-1,1,4,-1,1,0,-1
MT0005425879,4,5,-1,4,0,-1,4,3,-1
MT0005426130,5,2,-1,5,3,-1,3,4,-1
MT0005431678,5,2,-1,0,2,-1,5,2,-1
MT0005443513,0,0,-1,1,4,-1,2,0,-1
MT0005451862,0,0,-1,2,3,-1,0,4,-1
MT0005469880,5,2,-1,5,1,-1,3,4,-1
MT0005478759,3,1,-1,0,2,-1,5,2,-1
MT0005486154,1,0,-1,4,0,-1,4,0,-1
MT0005497233,5,2,-1,3,4,-1,2,5,-1
MT0005515169,3,1,-1,0,5,-1,5,2,-1
MT0005519111,2,0,-1,5,1,-1,3,4,-1
MT0005523766,5,2,-1,2,3,-1,0,1,-1
MT0005540023,4,1,-1,3,1,-1,2,5,-1
MT0005540907,5,2,-1,5,3,-1,3,4,-1
MT0005550288,2,1,-1,2,2,-1,0,1,-1
MT0005556630,0,0,-1,3,1,-1,2,5,-1
MT0005567133,1,3,-1,0,2,-1,5,1,-1
MT0005568749,2,0,-1,4,0,-1,4,3,-1
MT0005575348,4,5,-1,3,4,-1,2,0,-1
MT0005592810,3,2,-1,2,2,-1,0,4,-1
MT0005593407,3,1,-1,3,1,-1,2,5,-1
MT0005621435,3,2,-1,1,4,-1,1,0,-1
MT0005625323,5,2,-1,2,3,-1,0,1,-1
MT0005625762,5,2,-1,2,3,-1,0,1,-1
MT0005630273,1,0,-1,3,1,-1,2,5,-1
MT0005638160,4,5,-1,0,5,-1,5,1,-1
MT0005642770,5,4,-1,0,5,-1,5,2,-1
MT0005652563,1,1,-1,0,5,-1,5,2,-1
MT0005655655,2,1,-1,1,4,-1,1,0,-1
MT0005656534,0,0,-1,1,4,-1,1,0,-1
MT0005660001,3,1,-1,4,0,-1,4,0,-1
MT0005666606,3,2,-1,5,3,-1,3,4,-1
MT0005673020,5,4,-1,0,2,-1,5,2,-1
MT0005675358,3,1,-1,2,3,-1,0,1,-1
MT0005695311,2,0,-1,4,0,-1,4,3,-1
MT0005707044,1,4,-1,2,2,-1,0,1,-1
MT0005713768,3,2,-1,2,3,-1,0,1,-1
MT0005715379,3,1,-1,5,3,-1,3,4,-1
MT0005715715,0,0,-1,2,2,-1,0,4,-1
MT0005723257,2,1,-1,4,0,-1,4,0,-1
MT0005725657,3,1,-1,2,3,-1,0,1,-1
MT0005727783,2,1,-1,3,1,-1,2,5,-1
MT0005740567,2,1,-1,1,0,-1,1,0,-1
MT0005751512,1,4,-1,0,2,-1,5,2,-1
MT0005752234,5,2,-1,5,1,-1,3,4,-1
MT0005756784,5,2,-1,5,1,-1,3,5,-1
MT0005760259,1,2,-1,2,3,-1,0,1,-1
MT0005761702,3,1,-1,5,3,-1,3,4,-1
MT0005763004,5,2,-1,5,1,-1,3,5,-1
MT0005774267,1,1,-1,2,3,-1,0,4,-1
MT0005775235,5,0,-1,5,1,-1,3,4,-1
MT0005802574,5,3,-1,3,4,-1,2,5,-1
MT0005804191,2,0,-1,1,1,-1,1,0,-1
MT0005822463,0,1,-1,4,0,-1,4,3,-1
MT0005822671,1,3,-1,2,2,-1,0,1,-1
MT0005826176,3,2,-1,2,3,-1,0,1,-1
MT0005827376,2,1,-1,5,1,-1,3,5,-1
MT0005830128,2,1,-1,3,1,-1,2,5,-1
MT0005850999,2,0,-1,1,4,-1,1,0,-1
MT0005863380,0,0,-1,3,1,-1,3,5,-1
MT0005884980,4,5,-1,3,4,-1,2,0,-1
MT0005912220,2,1,-1,5,1,-1,3,4,-1
MT0005916227,3,1,-1,1,4,-1,1,0,-1
MT0005944471,2,1,-1,2,3,-1,0,1,-1
MT0005951020,0,2,-1,0,5,-1,5,2,-1
MT0005959692,1,4,-1,4,0,-1,4,3,-1
MT0005963165,2,1,-1,5,1,-1,3,5,-1
MT0005974256,5,0,-1,2,3,-1,0,4,-1
MT0006001707,1,3,-1,2,3,-1,0,1,-1
MT0006007936,5,2,-1,0,5,-1,5,2,-1
MT0006022752,3,1,-1,3,1,-1,2,5,-1
MT0006036535,2,1,-1,3,4,-1,2,0,-1
MT0006037085,3,0,-1,3,4,-1,2,5,-1
MT0006039798,0,1,-1,2,3,-1,0,4,-1
MT0006044445,0,0,-1,3,1,-1,2,0,-1
MT0006067841,5,4,-1,2,2,-1,0,2,-1
MT0006078896,1,3,-1,2,2,-1,0,1,-1
MT0006114773,0,3,-1,0,2,-1,5,2,-1
MT0006115121,0,0,-1,2,2,-1,0,1,-1
MT0006129774,2,1,-1,1,4,-1,1,0,-1
MT0006137300,4,5,-1,1,4,-1,1,0,-1
MT0006137372,1,3,-1,1,4,-1,2,0,-1
MT0006157839,5,1,-1,3,1,-1,2,5,-1
MT0006159067,3,1,-1,1,4,-1,1,0,-1
MT0006164654,5,0,-1,5,3,-1,3,4,-1
MT0006169551,4,5,-1,3,4,-1,2,0,-1
MT0006171393,2,0,-1,4,0,-1,4,3,-1
MT0006181559,5,5,-1,1,4,-1,1,0,-1
MT0006188933,5,2,-1,1,0,-1,1,0,-1
MT0006196650,5,2,-1,5,3,-1,3,4,-1
MT0006232679,3,1,-1,2,2,-1,0,2,-1
MT0006256204,1,4,-1,0,5,-1,5,2,-1
MT0006324704,0,0,-1,5,1,-1,3,4,-1
MT0006348382,2,1,-1,5,1,-1,3,5,-1
MT0006356406,1,3,-1,0,5,-1,5,2,-1
MT0006357085,3,1,-1,2,2,-1,0,1,-1
MT0006357849,1,0,-1,2,3,-1,0,1,-1
MT0006365604,1,3,-1,2,2,-1,0,1,-1
MT0006367176,2,1,-1,2,2,-1,0,2,-1
MT0006391732,5,4,-1,0,5,-1,5,2,-1
MT0006397809,3,2,-1,2,2,-1,0,1,-1
MT0006400514,4,5,-1,3,4,-1,2,0,-1
MT0006406298,5,2,-1,5,3,-1,0,4,-1
MT0006409530,1,2,-1,5,3,-1,3,4,-1
MT0006410285,2,1,-1,3,1,-1,3,5,-1
MT0006417602,5,0,-1,3,1,-1,2,5,-1
MT0006421356,2,1,-1,1,4,-1,1,0,-1
MT0006431184,0,0,-1,1,0,-1,1,0,-1
MT0006431807,5,3,-1,2,3,-1,0,1,-1
MT0006434833,5,4,-1,5,3,-1,3,4,-1
MT0006475078,2,0,-1,4,0,-1,4,0,-1
MT0006475970,5,2,-1,3,1,-1,2,5,-1
MT0006484633,1,3,-1,0,5,-1,5,2,-1
MT0006487635,1,3,-1,0,5,-1,5,2,-1
MT0006492385,2,1,-1,4,0,-1,4,3,-1
MT0006497092,4,5,-1,5,1,-1,3,4,-1
MT0006510599,1,4,-1,2,3,-1,0,4,-1
MT0006514225,0,0,-1,2,2,-1,0,1,-1
MT0006522591,4,5,-1,3,4,-1,2,5,-1
MT0006528309,2,1,-1,3,1,-1,3,5,-1
MT0006531857,1,3,-1,0,5,-1,5,2,-1
MT0006536592,2,1,-1,5,3,-1,3,4,-1
MT0006540794,5,2,-1,2,2,-1,0,1,-1
MT0006545202,1,3,-1,0,5,-1,5,2,-1
MT0006552038,4,5,-1,0,2,-1,5,1,-1
MT0006553309,4,5,-1,2,3,-1,0,4,-1
MT0006553914,5,0,-1,0,5,-1,5,2,-1
MT0006559667,1,3,-1,0,5,-1,5,2,-1
MT0006573563,1,3,-1,0,5,-1,5,2,-1
MT0006587635,4,0,-1,0,5,-1,5,2,-1
MT0006587819,4,0,-1,1,4,-1,1,0,-1
MT0006612877,1,3,-1,0,5,-1,5,2,-1
MT0006633147,0,0,-1,3,1,-1,2,5,-1
MT0006635536,0,0,-1,3,1,-1,2,4,-1
MT0006640142,3,2,-1,5,1,-1,3,4,-1
MT0006641042,1,3,-1,0,5,-1,5,2,-1
MT0006654122,4,0,-1,0,2,-1,5,2,-1
MT0006683265,4,3,-1,0,5,-1,5,2,-1
MT0006683875,4,5,-1,5,3,-1,3,4,-1
MT0006695707,4,3,-1,0,5,-1,5,2,-1
MT0006708402,5,3,-1,5,3,-1,3,4,-1
MT0006713730,0,0,-1,1,4,-1,1,0,-1
MT0006723128,1,4,-1,2,2,-1,5,2,-1
MT0006737689,2,1,-1,0,2,-1,5,2,-1
MT0006742179,4,3,-1,2,2,-1,0,2,-1
MT0006746691,3,1,-1,0,5,-1,5,2,-1
MT0006747288,3,1,-1,2,3,-1,0,1,-1
MT0006751087,5,4,-1,0,5,-1,5,2,-1
MT0006761058,2,0,-1,5,1,-1,3,1,-1
MT0006761971,5,2,-1,5,3,-1,0,1,-1
MT0006770955,3,2,-1,2,2,-1,0,1,-1
MT0006771406,3,2,-1,2,3,-1,0,1,-1
MT0006773580,4,5,-1,2,2,-1,0,1,-1
MT0006778622,5,0,-1,2,1,-1,0,1,-1
MT0006784451,1,4,-1,0,5,-1,5,2,-1
MT0006788512,4,5,-1,2,2,-1,0,1,-1
MT0006790347,1,3,-1,2,3,-1,0,1,-1
MT0006795758,5,2,-1,3,1,-1,3,4,-1
MT0006798861,5,4,-1,0,5,-1,5,2,-1
MT0006800841,3,2,-1,5,1,-1,3,4,-1
MT0006806145,4,5,-1,0,2,-1,5,2,-1
MT0006810990,1,4,-1,0,5,-1,5,2,-1
MT0006813360,4,0,-1,1,4,-1,1,0,-1
MT0006832360,4,3,-1,0,5,-1,5,2,-1
MT0006833696,0,0,-1,2,2,-1,0,1,-1
MT0006839715,0,2,-1,2,3,-1,0,1,-1
MT0006843007,2,1,-1,2,2,-1,0,1,-1
MT0006846075,0,0,-1,3,1,-1,2,5,-1
MT0006876450,0,1,-1,4,0,-1,4,0,-1
MT0006877397,3,0,-1,5,1,-1,3,4,-1
MT0006879985,5,4,-1,5,1,-1,3,4,-1
MT0006880936,0,0,-1,5,1,-1,3,4,-1
MT0006919273,2,1,-1,3,4,-1,2,0,-1
MT0006929157,5,4,-1,5,3,-1,3,4,-1
MT0006933170,3,4,-1,2,2,-1,0,1,-1
MT0006937715,2,1,-1,2,3,-1,0,1,-1
MT0006939177,5,2,-1,5,1,-1,3,5,-1
MT0006955716,3,2,-1,2,3,-1,0,1,-1
MT0006983241,5,0,-1,5,1,-1,3,4,-1
MT0006991912,2,0,-1,1,4,-1,1,0,-1
MT0007013069,0,0,-1,3,1,-1,2,5,-1
MT0007037296,1,4,-1,0,5,-1,5,1,-1
MT0007039082,2,0,-1,2,2,-1,0,1,-1
MT0007043504,5,2,-1,3,1,-1,2,5,-1
MT0007051057,3,1,-1,1,0,-1,1,0,-1
MT0007051188,4,0,-1,3,1,-1,2,5,-1
MT0007053424,4,5,-1,2,3,-1,0,4,-1
MT0007057303,3,2,-1,3,1,-1,2,5,-1
MT0007058512,1,0,-1,0,5,-1,5,2,-1
MT0007064420,2,1,-1,1,4,-1,1,0,-1
MT0007067293,0,0,-1,2,3,-1,0,4,-1
MT0007071481,5,2,-1,3,1,-1,2,5,-1
MT0007072992,2,1,-1,3,1,-1,2,5,-1
MT0007074655,1,4,-1,0,5,-1,5,2,-1
MT0007075838,4,5,-1,2,2,-1,0,1,-1
MT0007081433,2,0,-1,3,1,-1,2,5,-1
MT0007087238,0,0,-1,3,1,-1,2,4,-1
MT0007102148,2,1,-1,4,0,-1,4,3,-1
MT0007102997,0,0,-1,3,1,-1,2,4,-1
MT0007106784,3,1,-1,3,1,-1,2,5,-1
MT0007107079,4,5,-1,1,4,-1,1,0,-1
MT0007109938,5,4,-1,0,2,-1,5,1,-1
MT0007113915,0,0,-1,1,1,-1,2,0,-1
MT0007117290,0,0,-1,5,1,-1,3,5,-1
MT0007127869,5,4,-1,2,2,-1,0,1,-1
MT0007132421,5,2,-1,5,3,-1,0,4,-1
MT0007136180,5,0,-1,2,2,-1,0,1,-1
MT0007142175,5,2,-1,2,3,-1,0,1,-1
MT0007147603,5,2,-1,3,1,-1,2,5,-1
MT0007164275,5,5,-1,0,5,-1,5,2,-1
MT0007186714,2,0,-1,1,4,-1,1,0,-1
MT0007190016,0,5,-1,3,1,-1,2,5,-1
MT0007199330,4,2,-1,2,3,-1,0,2,-1
MT0007210245,5,4,-1,2,2,-1,0,1,-1
MT0007267489,2,1,-1,3,1,-1,2,5,-1
MT0007269020,1,3,-1,2,3,-1,0,1,-1
MT0007276457,2,1,-1,0,5,-1,5,2,-1
MT0007280044,2,0,-1,3,1,-1,2,5,-1
MT0007282148,0,0,-1,1,4,-1,1,0,-1
MT0007329488,5,2,-1,2,3,-1,0,1,-1
MT0007337206,3,1,-1,0,5,-1,5,2,-1
MT0007340697,5,4,-1,5,3,-1,3,1,-1
MT0007349422,5,2,-1,5,1,-1,3,4,-1
MT0007350911,2,1,-1,5,1,-1,3,4,-1
MT0007353661,0,0,-1,3,1,-1,2,5,-1
MT0007356476,2,0,-1,1,4,-1,1,0,-1
MT0007379700,5,4,-1,5,3,-1,3,4,-1
MT0007384768,3,1,-1,1,4,-1,1,0,-1
MT0007390015,0,0,-1,3,1,-1,2,5,-1
MT0007393408,0,0,-1,3,1,-1,2,5,-1
MT0007401605,1,4,-1,0,2,-1,5,2,-1
MT0007410187,2,0,-1,1,4,-1,1,0,-1
MT0007412399,5,2,-1,3,1,-1,2,5,-1
MT0007412921,0,0,-1,3,1,-1,2,4,-1
MT0007413949,4,3,-1,0,5,-1,5,2,-1
MT0007419064,5,2,-1,0,2,-1,5,2,-1
MT0007423667,1,0,-1,0,5,-1,5,2,-1
MT0007433643,0,0,-1,3,1,-1,2,5,-1
MT0007438571,2,0,-1,0,2,-1,5,1,-1
MT0007442223,1,3,-1,0,5,-1,5,2,-1
MT0007453719,3,1,-1,3,4,-1,2,5,-1
MT0007477802,1,3,-1,2,3,-1,0,1,-1
MT0007493575,5,1,-1,3,4,-1,2,5,-1
MT0007508173,0,2,-1,3,4,-1,2,5,-1
MT0007522436,5,2,-1,2,3,-1,0,1,-1
MT0007525777,2,1,-1,1,4,-1,1,0,-1
MT0007556029,3,1,-1,1,0,-1,1,0,-1
MT0007602902,0,3,-1,0,5,-1,5,2,-1
MT0007607008,3,2,-1,2,3,-1,0,1,-1
MT0007627521,1,3,-1,0,5,-1,5,2,-1
MT0007644103,2,1,-1,3,1,-1,2,5,-1
MT0007645808,5,2,-1,0,5,-1,5,2,-1
MT0007659703,5,4,-1,0,5,-1,5,2,-1
MT0007663424,5,4,-1,0,5,-1,5,2,-1
MT0007696006,4,1,-1,0,5,-1,5,2,-1
MT0007728545,3,1,-1,5,3,-1,3,4,-1
MT0007730975,0,5,-1,3,1,-1,3,5,-1
MT0007757097,5,2,-1,2,2,-1,0,1,-1
MT0007766156,3,1,-1,5,1,-1,3,4,-1
MT0007780282,1,5,-1,2,2,-1,0,1,-1
MT0007780572,1,4,-1,0,2,-1,5,2,-1
MT0007795217,1,3,-1,2,2,-1,0,1,-1
MT0007797719,2,1,-1,4,0,-1,4,3,-1
MT0007805279,5,2,-1,5,1,-1,3,4,-1
MT0007806202,2,3,-1,0,5,-1,5,2,-1
MT0007818252,1,3,-1,0,2,-1,5,2,-1
MT0007825188,2,0,-1,0,5,-1,5,2,-1
MT0007828167,4,5,-1,5,1,-1,3,4,-1
MT0007832902,2,1,-1,0,2,-1,5,2,-1
MT0007859380,3,2,-1,5,1,-1,3,5,-1
MT0007860263,2,1,-1,1,4,-1,1,0,-1
MT0007866540,5,2,-1,2,2,-1,0,1,-1
MT0007868583,5,4,-1,5,1,-1,3,4,-1
MT0007886392,3,1,-1,3,4,-1,2,5,-1
MT0007906518,4,0,-1,2,3,-1,0,1,-1
MT0007912800,2,1,-1,5,3,-1,3,4,-1
MT0007924549,1,3,-1,2,3,-1,0,1,-1
MT0007926918,0,0,-1,0,2,-1,5,2,-1
MT0007934529,1,4,-1,0,5,-1,5,2,-1
MT0007939281,1,4,-1,2,3,-1,0,2,-1
MT0007959122,2,1,-1,0,2,-1,5,2,-1
MT0007961100,1,4,-1,0,5,-1,5,2,-1
MT0007983016,0,0,-1,5,3,-1,3,4,-1
MT0007991638,1,3,-1,2,2,-1,0,1,-1
MT0007999856,5,4,-1,0,5,-1,5,2,-1
MT0008022729,1,4,-1,5,3,-1,3,4,-1
MT0008029439,5,4,-1,1,0,-1,1,0,-1
MT0008045785,1,3,-1,0,2,-1,5,2,-1
MT0008046899,5,2,-1,5,1,-1,3,5,-1
MT0008077878,5,2,-1,2,2,-1,0,1,-1
MT0008084656,1,1,-1,2,2,-1,0,1,-1
MT0008105399,4,5,-1,5,1,-1,3,4,-1
MT0008113039,3,1,-1,2,3,-1,0,2,-1
MT0008120072,3,1,-1,1,0,-1,1,0,-1
MT0008130158,1,3,-1,0,5,-1,5,2,-1
MT0008131425,0,0,-1,3,1,-1,2,5,-1
MT0008138963,3,1,-1,3,4,-1,2,5,-1
MT0008147388,1,3,-1,0,5,-1,5,2,-1
MT0008149831,4,3,-1,2,3,-1,0,1,-1
MT0008154135,0,0,-1,3,1,-1,2,5,-1
MT0008166431,3,2,-1,2,2,-1,0,2,-1
MT0008184180,3,1,-1,5,3,-1,3,4,-1
MT0008211502,2,1,-1,0,5,-1,5,2,-1
MT0008236217,2,1,-1,5,1,-1,3,4,-1
MT0008236389,2,0,-1,5,1,-1,3,4,-1
MT0008237717,3,1,-1,2,2,-1,0,1,-1
MT0008241153,3,1,-1,1,0,-1,1,0,-1
MT0008276763,0,0,-1,2,2,-1,0,2,-1
MT0008279825,2,1,-1,2,3,-1,0,1,-1
MT0008296972,0,3,-1,1,0,-1,1,0,-1
MT0008307409,4,5,-1,5,1,-1,3,4,-1
MT0008307905,1,4,-1,2,3,-1,0,1,-1
MT0008308461,3,1,-1,3,1,-1,2,5,-1
MT0008313843,3,1,-1,2,3,-1,0,1,-1
MT0008327012,3,1,-1,3,1,-1,2,5,-1
MT0008345160,3,2,-1,0,2,-1,5,1,-1
MT0008347586,5,1,-1,2,2,-1,0,1,-1
MT0008350331,5,3,-1,2,3,-1,0,1,-1
MT0008352590,3,1,-1,3,4,-1,2,0,-1
MT0008361425,3,3,-1,5,3,-1,0,1,-1
MT0008363189,3,0,-1,5,1,-1,3,4,-1
MT0008363839,4,5,-1,3,1,-1,2,5,-1
MT0008368311,4,1,-1,1,4,-1,1,0,-1
MT0008371251,4,0,-1,3,4,-1,2,0,-1
MT0008385501,1,3,-1,2,2,-1,0,1,-1
MT0008386252,1,4,-1,0,5,-1,5,2,-1
MT0008394478,3,2,-1,2,3,-1,0,1,-1
MT0008401073,5,2,-1,2,2,-1,0,1,-1
MT0008408635,4,5,-1,1,4,-1,1,0,-1
MT0008421113,4,1,-1,0,5,-1,5,2,-1
MT0008421900,4,0,-1,1,0,-1,1,0,-1
MT0008425062,1,4,-1,5,1,-1,3,4,-1
MT0008425616,1,3,-1,0,5,-1,5,2,-1
MT0008428932,0,0,-1,1,4,-1,1,0,-1
MT0008431795,2,1,-1,5,3,-1,3,4,-1
MT0008493270,5,2,-1,4,0,-1,4,3,-1
MT0008497871,1,4,-1,2,3,-1,0,1,-1
MT0008499614,4,3,-1,2,3,-1,0,1,-1
MT0008511909,5,4,-1,5,3,-1,3,4,-1
MT0008515901,3,2,-1,1,4,-1,1,0,-1
MT0008530072,1,3,-1,0,2,-1,5,2,-1
MT0008530652,2,0,-1,4,0,-1,4,0,-1
MT0008537015,2,2,-1,1,0,-1,1,0,-1
MT0008548050,2,1,-1,3,1,-1,2,5,-1
MT0008554680,1,4,-1,5,1,-1,3,4,-1
MT0008565530,1,3,-1,0,5,-1,5,2,-1
MT0008570712,5,2,-1,2,2,-1,0,1,-1
MT0008573252,1,3,-1,0,2,-1,5,2,-1
MT0008578405,4,5,-1,2,3,-1,0,1,-1
MT0008596505,0,0,-1,5,1,-1,3,4,-1
MT0008596537,5,2,-1,2,2,-1,0,1,-1
MT0008602863,5,2,-1,0,5,-1,5,2,-1
MT0008604277,1,3,-1,1,0,-1,1,0,-1
MT0008632122,0,0,-1,5,1,-1,3,4,-1
MT0008635124,4,5,-1,0,5,-1,5,2,-1
MT0008636271,4,3,-1,2,3,-1,0,1,-1
MT0008641724,5,4,-1,2,3,-1,0,4,-1
MT0008649724,1,3,-1,2,2,-1,0,1,-1
MT0008652185,1,3,-1,0,5,-1,5,2,-1
MT0008672387,3,2,-1,0,5,-1,5,2,-1
MT0008673460,2,0,-1,5,1,-1,3,4,-1
MT0008684978,2,1,-1,5,1,-1,3,4,-1
MT0008690776,0,1,-1,2,2,-1,0,1,-1
MT0008709705,3,1,-1,3,4,-1,2,0,-1
MT0008734186,4,3,-1,2,2,-1,0,1,-1
MT0008734289,4,3,-1,0,2,-1,5,2,-1
MT0008740787,4,3,-1,3,1,-1,2,5,-1
MT0008750426,5,3,-1,3,1,-1,2,5,-1
MT0008776764,5,4,-1,2,2,-1,0,1,-1
MT0008790106,0,0,-1,5,1,-1,3,4,-1
MT0008790360,1,3,-1,0,5,-1,5,2,-1
MT0008791082,1,3,-1,0,5,-1,5,2,-1
MT0008794071,4,5,-1,3,1,-1,2,5,-1
MT0008800327,4,5,-1,2,2,-1,0,1,-1
MT0008806305,4,3,-1,0,5,-1,5,2,-1
MT0008813307,4,1,-1,5,1,-1,3,4,-1
MT0008813309,3,2,-1,0,5,-1,5,2,-1
MT0008819987,4,0,-1,1,4,-1,1,0,-1
MT0008863436,1,3,-1,2,3,-1,0,1,-1
MT0008869963,0,0,-1,3,4,-1,2,0,-1
MT0008882630,1,1,-1,2,2,-1,0,1,-1
MT0008883788,3,1,-1,3,1,-1,2,5,-1
MT0008891523,2,1,-1,2,3,-1,0,4,-1
MT0008899266,3,1,-1,4,0,-1,4,3,-1
MT0008905908,2,1,-1,5,1,-1,3,4,-1
MT0008953247,5,2,-1,1,0,-1,1,0,-1
MT0008960612,1,4,-1,3,4,-1,2,5,-1
MT0008963540,0,1,-1,5,1,-1,3,4,-1
MT0008966305,3,2,-1,5,3,-1,3,4,-1
MT0008969183,0,1,-1,2,2,-1,0,1,-1
MT0008972801,5,4,-1,5,3,-1,0,1,-1
MT0008999728,4,3,-1,0,5,-1,5,2,-1
MT0008999898,4,5,-1,4,0,-1,4,3,-1
MT0009005900,5,3,-1,3,4,-1,2,5,-1
MT0009008051,4,5,-1,5,1,-1,3,4,-1
MT0009010830,3,0,-1,5,1,-1,3,4,-1
MT0009025287,0,0,-1,3,1,-1,2,5,-1
MT0009025845,0,3,-1,0,2,-1,5,1,-1
MT0009041370,5,4,-1,2,2,-1,0,1,-1
MT0009041848,5,2,-1,0,5,-1,5,2,-1
MT0009054976,4,5,-1,5,1,-1,3,4,-1
MT0009075362,2,0,-1,3,1,-1,2,5,-1
MT0009112823,5,2,-1,3,4,-1,2,0,-1
MT0009117202,5,2,-1,2,3,-1,0,1,-1
MT0009123251,1,3,-1,0,5,-1,5,2,-1
MT0009153900,2,1,-1,5,3,-1,3,4,-1
MT0009164591,2,1,-1,3,1,-1,2,5,-1
MT0009164605,3,2,-1,5,1,-1,3,4,-1
MT0009165729,5,3,-1,0,5,-1,5,2,-1
MT0009169626,0,5,-1,5,3,-1,3,4,-1
MT0009172291,5,2,-1,0,5,-1,5,2,-1
MT0009174874,1,3,-1,2,2,-1,0,4,-1
MT0009188643,2,1,-1,0,5,-1,5,2,-1
MT0009206381,2,1,-1,5,1,-1,3,5,-1
MT0009208842,5,0,-1,2,3,-1,0,1,-1
MT0009213083,3,2,-1,3,1,-1,2,5,-1
MT0009217411,5,4,-1,5,3,-1,3,4,-1
MT0009220462,2,0,-1,3,4,-1,2,0,-1
MT0009233872,3,2,-1,5,3,-1,3,4,-1
MT0009239443,1,4,-1,0,2,-1,5,2,-1
MT0009246394,0,0,-1,3,4,-1,2,5,-1
MT0009253379,5,2,-1,0,2,-1,5,2,-1
MT0009263768,2,1,-1,5,1,-1,3,4,-1
MT0009278329,5,2,-1,5,1,-1,3,5,-1
MT0009300582,0,0,-1,2,3,-1,0,1,-1
MT0009311775,1,3,-1,0,5,-1,5,2,-1
MT0009312856,0,0,-1,3,1,-1,2,5,-1
MT0009319587,0,0,-1,0,5,-1,5,2,-1
MT0009320357,5,4,-1,2,2,-1,0,4,-1
MT0009321428,2,0,-1,2,3,-1,0,4,-1
MT0009346128,5,0,-1,1,4,-1,1,0,-1
MT0009348908,1,4,-1,5,1,-1,3,4,-1
MT0009360971,3,1,-1,0,5,-1,5,2,-1
MT0009368615,2,1,-1,3,1,-1,2,5,-1
MT0009375581,4,5,-1,1,4,-1,1,0,-1
MT0009378909,5,0,-1,2,3,-1,0,4,-1
MT0009385684,0,0,-1,5,1,-1,3,1,-1
MT0009390091,5,2,-1,2,2,-1,0,1,-1
MT0009400121,5,2,-1,5,3,-1,3,1,-1
MT0009418269,1,4,-1,0,5,-1,5,2,-1
MT0009425259,2,0,-1,0,5,-1,5,2,-1
MT0009430339,1,0,-1,0,2,-1,5,2,-1
MT0009464817,3,4,-1,1,4,-1,1,0,-1
MT0009469599,0,2,-1,3,1,-1,3,4,-1
MT0009495280,2,1,-1,4,0,-1,4,3,-1
MT0009495283,0,0,-1,3,4,-1,2,5,-1
MT0009495284,0,0,-1,4,0,-1,4,3,-1
MT0009495285,5,2,-1,3,4,-1,2,0,-1
MT0009521580,2,0,-1,5,3,-1,3,4,-1
MT0009577134,3,1,-1,2,3,-1,0,2,-1
MT0009619048,2,1,-1,2,2,-1,0,1,-1
MT0009631750,4,5,-1,2,2,-1,0,2,-1
MT0009635389,1,3,-1,0,5,-1,5,2,-1
MT0009635394,1,3,-1,2,3,-1,0,1,-1
MT0009635397,4,5,-1,0,2,-1,5,2,-1
MT0009693151,0,0,-1,3,1,-1,2,0,-1
MT0009740290,3,2,-1,5,3,-1,3,4,-1
MT0009741521,4,5,-1,3,4,-1,2,5,-1
MT0009741760,4,5,-1,4,0,-1,4,3,-1
MT0009741774,5,0,-1,5,1,-1,3,4,-1
MT0009781899,2,1,-1,1,4,-1,1,0,-1
MT0009795009,4,5,-1,1,4,-1,1,0,-1
MT0009868354,0,0,-1,1,4,-1,1,0,-1
MT0009872131,5,0,-1,2,3,-1,0,1,-1
MT0009904717,3,1,-1,0,5,-1,5,2,-1
MT0009908994,1,3,-1,2,3,-1,0,1,-1
MT0009968194,5,2,-1,3,1,-1,2,5,-1
MT0009996318,2,1,-1,3,4,-1,2,0,-1
MT0010007878,0,1,-1,1,4,-1,1,0,-1
MT0010007881,0,0,-1,1,4,-1,2,0,-1
MT0010007882,0,3,-1,1,4,-1,1,0,-1
MT0010049476,2,1,-1,2,3,-1,0,1,-1
MT0010054305,2,0,-1,5,3,-1,3,4,-1
MT0010065680,3,2,-1,0,5,-1,5,2,-1
MT0010065686,3,1,-1,5,3,-1,0,1,-1
MT0010083757,3,0,-1,3,4,-1,2,5,-1
MT0010085729,3,2,-1,0,2,-1,5,1,-1
MT0010100277,3,2,-1,2,2,-1,0,1,-1
MT0010100278,3,0,-1,1,4,-1,1,0,-1
MT0010100279,3,2,-1,5,1,-1,3,4,-1
MT0010100283,4,1,-1,1,4,-1,1,0,-1
MT0010100285,5,4,-1,3,1,-1,2,5,-1
MT0010100333,0,2,-1,2,3,-1,0,1,-1
MT0010100428,0,0,-1,3,1,-1,2,5,-1
MT0010169019,5,2,-1,2,2,-1,0,2,-1
MT0010203716,4,5,-1,5,3,-1,3,4,-1
MT0010236541,2,0,-1,2,3,-1,0,1,-1
MT0010257371,3,1,-1,0,5,-1,5,2,-1
MT0010261584,0,0,-1,3,1,-1,2,4,-1
MT0010261588,3,2,-1,3,4,-1,2,0,-1
MT0010278984,3,1,-1,2,3,-1,0,4,-1
MT0010290775,0,0,-1,5,3,-1,3,4,-1
MT0010290785,4,5,-1,5,1,-1,3,4,-1
MT0010290788,4,5,-1,1,4,-1,1,0,-1
MT0010305995,4,5,-1,1,4,-1,1,0,-1
MT0010310891,1,3,-1,0,5,-1,5,2,-1
MT0010310894,1,4,-1,5,3,-1,3,4,-1
MT0010310896,1,3,-1,0,5,-1,5,2,-1
MT0010310897,4,3,-1,0,5,-1,5,2,-1
MT0010310898,4,3,-1,0,5,-1,5,2,-1
MT0010310899,1,4,-1,0,5,-1,5,2,-1
MT0010344415,3,2,-1,0,5,-1,5,2,-1
MT0010346228,5,1,-1,0,5,-1,5,2,-1
MT0010363782,1,3,-1,1,4,-1,2,0,-1
MT0010368848,5,0,-1,2,3,-1,0,1,-1
MT0010369823,1,3,-1,0,2,-1,5,2,-1
MT0010375510,3,1,-1,5,1,-1,3,4,-1
MT0010379209,0,0,-1,2,3,-1,0,1,-1
MT0010392442,3,0,-1,3,4,-1,2,5,-1
MT0010394619,5,3,-1,3,1,-1,2,5,-1
MT0010405928,1,3,-1,2,3,-1,0,1,-1
MT0010444469,3,2,-1,2,3,-1,0,1,-1
MT0010468178,2,0,-1,5,1,-1,3,4,-1
MT0010477194,0,2,-1,2,3,-1,0,1,-1
MT0010480965,4,3,-1,2,2,-1,0,1,-1
MT0010481194,1,4,-1,3,1,-1,2,5,-1
MT0010482550,5,2,-1,5,1,-1,3,5,-1
MT0010485559,1,1,-1,2,2,-1,0,1,-1
MT0010487366,4,0,-1,2,3,-1,0,1,-1
MT0010487702,1,3,-1,0,5,-1,5,2,-1
MT0010502078,5,2,-1,2,3,-1,0,1,-1
MT0010506192,3,1,-1,3,4,-1,2,5,-1
MT0010510852,3,2,-1,5,1,-1,3,4,-1
MT0010512527,0,0,-1,1,4,-1,1,0,-1
MT0010524453,1,0,-1,5,3,-1,3,4,-1
MT0010526041,4,3,-1,0,5,-1,5,2,-1
MT0010534904,5,2,-1,1,4,-1,1,0,-1
MT0010545132,5,2,-1,4,0,-1,4,3,-1
MT0010548963,2,1,-1,5,1,-1,3,4,-1
MT0010551970,0,0,-1,1,0,-1,1,0,-1
MT0010552303,3,1,-1,5,1,-1,3,4,-1
MT0010554620,4,3,-1,5,3,-1,3,1,-1
MT0010574326,0,1,-1,3,1,-1,2,5,-1
MT0010582452,3,5,-1,3,1,-1,2,5,-1
MT0010611876,2,1,-1,3,1,-1,2,5,-1
MT0010612023,5,2,-1,2,3,-1,0,1,-1
MT0010615428,5,4,-1,5,3,-1,3,4,-1
MT0010616215,5,2,-1,2,2,-1,0,1,-1
MT0010617945,5,2,-1,5,3,-1,3,4,-1
MT0010620026,5,2,-1,3,1,-1,2,5,-1
MT0010623104,5,2,-1,0,2,-1,5,1,-1
MT0010624346,5,2,-1,5,3,-1,0,1,-1
MT0010630017,2,1,-1,5,1,-1,3,4,-1
MT0010670378,3,0,-1,3,1,-1,2,5,-1
MT0010674530,2,0,-1,2,3,-1,0,4,-1
MT0010674859,0,1,-1,1,4,-1,1,0,-1
MT0010676114,0,0,-1,2,3,-1,0,1,-1
MT0010687397,1,4,-1,0,5,-1,5,2,-1
MT0010695865,0,3,-1,5,3,-1,3,4,-1
MT0010702898,2,1,-1,1,4,-1,1,0,-1
MT0010705334,3,1,-1,5,1,-1,3,4,-1
MT0010706869,3,1,-1,3,4,-1,2,0,-1
MT0010710874,3,1,-1,1,4,-1,1,0,-1
MT0010715611,5,2,-1,5,3,-1,3,4,-1
MT0010723658,0,2,-1,5,3,-1,3,4,-1
MT0010723756,0,0,-1,4,0,-1,4,3,-1
MT0010736208,3,2,-1,5,3,-1,3,1,-1
MT0010736281,3,1,-1,5,1,-1,3,4,-1
MT0010739708,4,3,-1,1,4,-1,1,0,-1
MT0010741386,2,1,-1,1,4,-1,1,0,-1
MT0010751134,2,0,-1,5,1,-1,3,4,-1
MT0010753520,2,1,-1,3,1,-1,2,5,-1
MT0010754290,3,2,-1,3,1,-1,2,5,-1
MT0010755212,3,1,-1,5,3,-1,3,4,-1
MT0010777106,0,2,-1,5,3,-1,0,4,-1
MT0010815151,3,1,-1,4,0,-1,4,0,-1
MT0010823031,3,4,-1,3,4,-1,2,5,-1
MT0010849747,5,4,-1,2,3,-1,0,1,-1
MT0010850805,0,3,-1,3,4,-1,2,5,-1
MT0010857270,1,3,-1,0,5,-1,5,1,-1
MT0010862394,3,1,-1,4,0,-1,4,0,-1
MT0010883435,3,2,-1,5,3,-1,0,1,-1
MT0010894865,1,3,-1,2,3,-1,0,1,-1
MT0010897525,1,1,-1,2,3,-1,0,4,-1
MT0010902792,3,1,-1,2,3,-1,0,4,-1
MT0010922381,1,3,-1,3,4,-1,2,0,-1
MT0010956902,0,0,-1,5,1,-1,3,5,-1
MT0010967419,4,0,-1,1,4,-1,1,0,-1
MT0010978213,1,4,-1,2,2,-1,0,1,-1
MT0010980499,0,3,-1,5,1,-1,3,5,-1
MT0010983830,0,3,-1,5,1,-1,3,4,-1
MT0011069243,0,0,-1,5,3,-1,0,1,-1
MT0011083648,4,5,-1,2,3,-1,0,1,-1
MT0011095825,0,2,-1,4,0,-1,4,0,-1
MT0011145388,5,2,-1,5,1,-1,3,4,-1
MT0011162069,2,1,-1,3,4,-1,2,5,-1
MT0011204639,0,0,-1,0,2,-1,5,2,-1
MT0011252708,5,2,-1,2,2,-1,5,2,-1
MT0011292112,0,0,-1,1,4,-1,1,0,-1
MT0011302120,2,1,-1,1,0,-1,1,0,-1
MT0011308097,1,3,-1,5,1,-1,3,4,-1
MT0011322528,4,5,-1,0,2,-1,5,2,-1
MT0011332604,2,1,-1,5,1,-1,3,4,-1
MT0011342337,2,1,-1,5,1,-1,3,4,-1
MT0011348776,5,2,-1,5,3,-1,3,4,-1
MT0011353873,4,5,-1,2,3,-1,0,1,-1
MT0011358600,3,2,-1,1,4,-1,1,0,-1
MT0011361934,4,4,-1,2,2,-1,0,1,-1
MT0011369407,1,4,-1,0,5,-1,5,2,-1
MT0011374266,5,2,-1,0,5,-1,5,2,-1
MT0011374342,3,1,-1,5,1,-1,3,4,-1
MT0011376343,5,4,-1,5,3,-1,3,4,-1
MT0011378875,1,5,-1,0,5,-1,5,2,-1
MT0011387901,5,2,-1,2,3,-1,0,1,-1
MT0011391187,3,1,-1,3,1,-1,2,5,-1
MT0011391356,5,2,-1,3,4,-1,2,5,-1
MT0011395375,0,0,-1,1,4,-1,1,0,-1
MT0011398970,4,3,-1,1,0,-1,1,0,-1
MT0011403548,0,2,-1,4,0,-1,4,3,-1
MT0011411969,0,3,-1,2,3,-1,0,1,-1
MT0011426003,5,2,-1,2,3,-1,0,1,-1
MT0011448773,5,2,-1,5,3,-1,3,1,-1
MT0011451296,0,2,-1,1,4,-1,1,0,-1
MT0011487003,3,1,-1,5,1,-1,3,4,-1
MT0011503204,3,2,-1,5,3,-1,3,4,-1
MT0011510700,2,1,-1,2,3,-1,0,4,-1
MT0011558921,0,2,-1,3,1,-1,2,4,-1
MT0011594970,3,1,-1,1,4,-1,1,0,-1
MT0011650689,2,0,-1,1,4,-1,1,0,-1
MT0011659985,2,1,-1,4,0,-1,4,0,-1
MT0011677264,1,3,-1,2,3,-1,0,1,-1
MT0011707340,3,4,-1,5,3,-1,3,4,-1
MT0011711878,2,1,-1,1,4,-1,1,0,-1
MT0011712337,1,4,-1,0,2,-1,5,1,-1
MT0011716005,3,0,-1,2,3,-1,0,1,-1
MT0011739779,2,1,-1,3,1,-1,3,4,-1
MT0011741035,0,0,-1,1,4,-1,1,0,-1
MT0011767762,3,2,-1,5,3,-1,3,4,-1
MT0011772341,3,2,-1,3,4,-1,2,0,-1
MT0011776369,0,2,-1,3,4,-1,2,5,-1
MT0011800641,0,2,-1,3,1,-1,2,5,-1
MT0011808566,5,2,-1,2,2,-1,0,4,-1
MT0011809659,2,1,-1,1,4,-1,2,0,-1
MT0011818239,2,1,-1,5,1,-1,3,5,-1
MT0011821215,3,0,-1,5,1,-1,3,4,-1
MT0011827018,1,3,-1,5,3,-1,3,4,-1
MT0011842354,0,1,-1,3,4,-1,2,5,-1
MT0011847514,0,0,-1,0,2,-1,5,2,-1
MT0011861922,3,1,-1,5,3,-1,3,4,-1
MT0011862487,0,1,-1,3,1,-1,2,5,-1
MT0011869625,5,0,-1,5,3,-1,3,4,-1
MT0011870505,5,2,-1,4,0,-1,4,0,-1
MT0011878109,2,1,-1,3,1,-1,2,5,-1
MT0011879943,1,4,-1,2,2,-1,0,2,-1
MT0011881944,2,1,-1,2,2,-1,0,1,-1
MT0011886864,4,1,-1,3,4,-1,2,0,-1
MT0011894681,3,1,-1,4,0,-1,4,3,-1
MT0011895910,0,0,-1,5,1,-1,3,4,-1
MT0011896804,0,0,-1,5,1,-1,3,4,-1
MT0011908274,0,0,-1,1,4,-1,2,0,-1
MT0011909571,3,2,-1,5,1,-1,3,4,-1
MT0011910522,2,1,-1,1,4,-1,1,0,-1
MT0011914836,2,1,-1,3,1,-1,2,5,-1
MT0011916674,5,2,-1,3,1,-1,2,5,-1
MT0011920419,3,2,-1,3,4,-1,2,5,-1
MT0011921060,2,1,-1,2,3,-1,0,1,-1
MT0011922905,3,1,-1,5,1,-1,3,4,-1
MT0011924283,3,1,-1,3,1,-1,2,5,-1
MT0011924316,1,4,-1,1,4,-1,1,0,-1
MT0011924930,3,0,-1,3,1,-1,2,5,-1
MT0011928183,0,0,-1,3,1,-1,2,4,-1
MT0011929096,0,0,-1,3,1,-1,2,5,-1
MT0011933875,2,1,-1,5,1,-1,3,4,-1
MT0011937155,1,3,-1,2,2,-1,0,1,-1
MT0011937271,0,0,-1,4,0,-1,4,3,-1
MT0011940781,1,3,-1,5,3,-1,3,4,-1
MT0011943335,1,4,-1,2,2,-1,0,1,-1
MT0011943549,5,2,-1,3,1,-1,3,4,-1
MT0011944405,1,4,-1,2,3,-1,0,1,-1
MT0011945841,1,4,-1,5,3,-1,3,4,-1
MT0011950450,4,5,-1,1,4,-1,1,0,-1
MT0011957429,2,1,-1,5,1,-1,3,4,-1
MT0011959819,1,3,-1,0,5,-1,5,2,-1
MT0011961925,2,1,-1,5,1,-1,3,4,-1
MT0011963777,1,3,-1,0,5,-1,5,2,-1
MT0011975274,5,4,-1,2,2,-1,0,1,-1
MT0011982393,0,0,-1,3,1,-1,2,5,-1
MT0011991382,1,3,-1,2,2,-1,0,1,-1
MT0011999773,3,1,-1,0,2,-1,5,2,-1
MT0012000832,4,5,-1,3,1,-1,2,4,-1
MT0012001409,5,2,-1,3,1,-1,2,5,-1
MT0012001684,3,1,-1,5,1,-1,3,1,-1
MT0012004909,5,2,-1,3,1,-1,2,5,-1
MT0012004929,2,0,-1,5,3,-1,3,4,-1
MT0012005920,2,1,-1,5,1,-1,3,4,-1
MT0012009054,1,1,-1,2,3,-1,0,1,-1
MT0012011991,5,2,-1,5,3,-1,3,4,-1
MT0012013969,3,1,-1,1,4,-1,1,0,-1
MT0012014382,5,2,-1,0,5,-1,5,2,-1
MT0012016955,3,2,-1,2,3,-1,0,1,-1
MT0012017035,4,5,-1,4,0,-1,4,3,-1
MT0012023721,5,2,-1,2,2,-1,0,1,-1
MT0012028572,5,2,-1,5,3,-1,3,4,-1
MT0012030545,5,2,-1,2,3,-1,0,1,-1
MT0012030591,3,1,-1,3,1,-1,2,5,-1
MT0012030863,5,2,-1,3,1,-1,2,5,-1
MT0012031327,5,2,-1,5,1,-1,3,5,-1
MT0012033786,5,2,-1,5,3,-1,3,1,-1
MT0012034242,2,0,-1,5,1,-1,3,5,-1
MT0012035583,0,0,-1,5,1,-1,3,4,-1
MT0012041920,3,2,-1,2,3,-1,0,1,-1
MT0012067911,2,1,-1,3,4,-1,2,0,-1
MT0012100576,5,2,-1,2,3,-1,0,1,-1
MT0012116237,1,4,-1,0,2,-1,5,2,-1
MT0012122028,1,4,-1,2,3,-1,0,1,-1
MT0012159808,0,3,-1,1,0,-1,1,0,-1
MT0012168286,1,4,-1,0,5,-1,5,2,-1
MT0012317309,3,1,-1,1,0,-1,1,0,-1
MT0012330276,0,0,-1,3,4,-1,2,0,-1
MT0012333553,1,0,-1,3,1,-1,3,4,-1
MT0012334245,3,1,-1,5,1,-1,3,4,-1
MT0012396528,5,2,-1,0,5,-1,5,2,-1
MT0012398546,5,2,-1,5,1,-1,3,5,-1
MT0012430736,3,1,-1,3,1,-1,2,5,-1
MT0012438211,0,3,-1,3,1,-1,2,5,-1
MT0012455611,2,1,-1,2,3,-1,0,1,-1
MT0012459878,2,0,-1,0,2,-1,5,2,-1
MT0012505137,0,0,-1,5,1,-1,3,4,-1
MT0012509093,3,1,-1,2,3,-1,0,1,-1
MT0012521149,2,1,-1,5,1,-1,3,4,-1
MT0012619690,5,4,-1,1,4,-1,1,0,-1
MT0012634038,4,1,-1,5,1,-1,3,4,-1
MT0012637285,3,1,-1,5,1,-1,3,4,-1
MT0012639323,1,3,-1,5,1,-1,3,4,-1
MT0012645597,0,1,-1,1,4,-1,2,0,-1
MT0012649676,5,4,-1,2,3,-1,0,1,-1
MT0012658386,2,1,-1,1,0,-1,1,0,-1
MT0012666474,3,0,-1,3,1,-1,2,0,-1
MT0012697686,0,0,-1,3,1,-1,2,5,-1
MT0012698055,0,0,-1,2,3,-1,0,1,-1
MT0012738934,3,1,-1,5,1,-1,3,4,-1
MT0012740185,3,1,-1,3,1,-1,2,5,-1
MT0012773883,0,3,-1,1,4,-1,2,0,-1
MT0012777233,3,1,-1,5,3,-1,3,1,-1
MT0012811141,2,1,-1,3,4,-1,2,5,-1
MT0012823048,2,1,-1,3,4,-1,2,5,-1
MT0012844418,2,1,-1,3,1,-1,2,5,-1
MT0012854734,2,0,-1,1,4,-1,1,0,-1
MT0012855159,1,3,-1,5,1,-1,3,5,-1
MT0012862507,2,0,-1,2,3,-1,0,4,-1
MT0012863101,1,4,-1,2,3,-1,0,1,-1
MT0012865192,3,2,-1,2,2,-1,0,1,-1
MT0012895822,3,2,-1,1,4,-1,1,0,-1
MT0012900592,1,4,-1,2,3,-1,0,1,-1
MT0012909507,0,1,-1,2,2,-1,0,1,-1
MT0012914763,1,4,-1,0,5,-1,5,2,-1
MT0012930833,5,3,-1,2,2,-1,0,1,-1
MT0012933678,3,1,-1,2,2,-1,0,1,-1
MT0012976100,3,2,-1,1,4,-1,1,0,-1
MT0012988776,2,1,-1,1,4,-1,1,0,-1
MT0013003902,3,0,-1,3,1,-1,2,5,-1
MT0013056573,0,0,-1,1,4,-1,1,0,-1
MT0013056830,0,0,-1,5,1,-1,3,4,-1
MT0013058008,0,1,-1,5,3,-1,3,4,-1
MT0013064857,0,0,-1,2,3,-1,0,2,-1
MT0013070871,2,0,-1,1,4,-1,2,0,-1
MT0013087767,0,1,-1,5,3,-1,3,4,-1
MT0013101577,2,1,-1,2,3,-1,0,1,-1
MT0013104929,3,1,-1,5,3,-1,3,4,-1
MT0013115311,0,0,-1,1,4,-1,1,0,-1
MT0013156036,3,2,-1,0,2,-1,5,1,-1
MT0013161246,2,1,-1,5,1,-1,3,4,-1
MT0013176970,0,1,-1,3,4,-1,2,5,-1
MT0013177702,5,2,-1,1,4,-1,1,0,-1
MT0013184611,5,2,-1,0,5,-1,5,2,-1
MT0013186132,5,2,-1,1,4,-1,1,0,-1
MT0013193016,2,3,-1,1,0,-1,1,0,-1
MT0013201347,3,1,-1,5,3,-1,3,4,-1
MT0013209458,3,1,-1,3,1,-1,3,5,-1
MT0013216725,5,2,-1,2,3,-1,0,1,-1
MT0013219857,3,1,-1,1,0,-1,1,0,-1
MT0013228223,2,1,-1,3,4,-1,2,5,-1
MT0013236693,3,1,-1,2,2,-1,0,1,-1
MT0013260233,2,3,-1,4,0,-1,4,3,-1
MT0013280170,5,3,-1,4,0,-1,4,3,-1
MT0013283837,0,1,-1,3,4,-1,2,5,-1
MT0013289749,5,2,-1,5,3,-1,3,1,-1
MT0013305827,2,1,-1,1,0,-1,1,0,-1
MT0013328261,3,1,-1,1,4,-1,1,0,-1
MT0013349760,3,1,-1,5,3,-1,3,4,-1
MT0013350034,3,2,-1,1,4,-1,1,0,-1
MT0013411556,2,1,-1,5,1,-1,3,4,-1
MT0013416300,0,0,-1,3,4,-1,2,0,-1
MT0013418800,5,4,-1,2,3,-1,0,1,-1
MT0013458428,2,0,-1,3,1,-1,2,5,-1
MT0013464231,2,1,-1,5,1,-1,3,5,-1
MT0013524535,5,2,-1,5,3,-1,3,4,-1
MT0013583287,3,1,-1,5,1,-1,3,4,-1
MT0013590244,3,1,-1,2,2,-1,0,1,-1
MT0013602925,1,3,-1,0,5,-1,5,2,-1
MT0013610638,1,3,-1,2,2,-1,0,1,-1
MT0013612461,5,2,-1,0,5,-1,5,2,-1
MT0013613711,1,3,-1,5,3,-1,3,4,-1
MT0013616609,5,2,-1,2,3,-1,0,1,-1
MT0013637631,0,0,-1,2,3,-1,0,1,-1
MT0013649307,2,2,-1,5,1,-1,3,4,-1
MT0013658337,3,1,-1,2,3,-1,0,1,-1
MT0013676763,4,5,-1,4,0,-1,4,3,-1
MT0013678986,5,2,-1,5,3,-1,3,4,-1
MT0013693326,2,1,-1,5,3,-1,3,4,-1
MT0013743441,4,5,-1,3,4,-1,2,0,-1
MT0013746403,2,1,-1,1,4,-1,1,0,-1
MT0013751364,5,4,-1,5,3,-1,3,4,-1
MT0013752990,1,5,-1,0,5,-1,5,2,-1
MT0013758625,5,2,-1,1,4,-1,1,0,-1
MT0013764945,2,0,-1,3,1,-1,2,5,-1
MT0013795989,5,2,-1,3,1,-1,2,5,-1
MT0013800071,3,1,-1,1,4,-1,1,0,-1
MT0013809208,3,1,-1,1,4,-1,1,0,-1
MT0013833732,2,1,-1,3,1,-1,2,5,-1
MT0013868618,2,1,-1,5,1,-1,3,5,-1
MT0013881862,1,4,-1,2,2,-1,0,2,-1
MT0013900095,1,4,-1,2,3,-1,0,1,-1
MT0013906090,3,2,-1,2,3,-1,0,1,-1
MT0013921881,1,4,-1,5,3,-1,3,4,-1
MT0013923586,5,2,-1,1,4,-1,1,0,-1
MT0013924254,5,3,-1,5,3,-1,3,4,-1
MT0013929650,5,2,-1,1,4,-1,1,0,-1
MT0013955066,0,0,-1,3,1,-1,2,5,-1
MT0013960578,0,3,-1,3,4,-1,2,0,-1
MT0013979875,5,2,-1,3,1,-1,2,5,-1
MT0014005525,5,2,-1,5,1,-1,3,4,-1
MT0014082915,0,2,-1,1,4,-1,1,0,-1
MT0014116864,5,2,-1,5,1,-1,3,1,-1
MT0014118699,2,1,-1,3,1,-1,2,5,-1
MT0014121590,1,4,-1,2,3,-1,0,1,-1
MT0014135173,4,1,-1,2,2,-1,5,2,-1
MT0014209882,5,2,-1,3,1,-1,2,5,-1
MT0014215479,2,1,-1,5,1,-1,3,4,-1
MT0014439055,1,1,-1,2,3,-1,0,1,-1
MT0014472963,0,3,-1,3,1,-1,2,4,-1
MT0014498396,4,5,-1,5,3,-1,3,4,-1
MT0014553025,3,1,-1,1,4,-1,2,0,-1
MT0014553172,2,1,-1,4,0,-1,4,0,-1
MT0014554353,5,2,-1,5,4,-1,3,0,-1
MT0014555701,3,2,-1,2,3,-1,0,1,-1
MT0014581361,1,3,-1,2,2,-1,0,2,-1
MT0014584319,2,0,-1,3,1,-1,2,5,-1
MT0014584473,3,2,-1,1,4,-1,1,0,-1
MT0014586720,3,1,-1,2,5,-1,5,2,-1
MT0014594482,1,1,-1,2,3,-1,0,1,-1
MT0014612093,5,2,-1,3,1,-1,2,5,-1
MT0014615863,5,2,-1,0,5,-1,5,2,-1
MT0014619583,5,2,-1,3,1,-1,2,5,-1
MT0014624309,2,0,-1,5,3,-1,3,4,-1
MT0014650353,5,4,-1,5,1,-1,3,4,-1
MT0014650360,3,1,-1,5,1,-1,3,4,-1
MT0014664637,0,0,-1,2,3,-1,0,1,-1
MT0014665667,0,0,-1,3,4,-1,2,0,-1
MT0014665693,3,0,-1,3,1,-1,2,5,-1
MT0014693814,0,1,-1,3,1,-1,2,5,-1
MT0014703649,5,2,-1,2,3,-1,0,1,-1
MT0014724547,4,5,-1,4,0,-1,4,3,-1
MT0014752461,2,1,-1,5,3,-1,3,4,-1
MT0014756127,1,4,-1,0,2,-1,5,2,-1
MT0014762437,1,4,-1,2,3,-1,0,1,-1
MT0014781093,0,0,-1,5,1,-1,3,4,-1
MT0014790813,5,2,-1,2,3,-1,0,1,-1
MT0014798420,5,2,-1,2,2,-1,0,1,-1
MT0014804830,0,2,-1,5,3,-1,3,4,-1
MT0014826870,3,2,-1,3,1,-1,2,5,-1
MT0014838459,1,3,-1,2,2,-1,5,2,-1
MT0014845647,5,4,-1,3,1,-1,2,0,-1
MT0014859055,5,4,-1,3,1,-1,2,5,-1
MT0014880463,5,2,-1,2,2,-1,0,2,-1
MT0014936205,3,2,-1,5,1,-1,3,4,-1
MT0014936656,0,0,-1,3,4,-1,2,0,-1
MT0014948707,5,2,-1,0,5,-1,5,2,-1
MT0014953592,5,2,-1,5,1,-1,3,5,-1
MT0014957211,3,2,-1,0,5,-1,5,2,-1
MT0014964772,5,2,-1,0,2,-1,5,1,-1
MT0014974957,1,4,-1,0,2,-1,5,2,-1
MT0014980594,1,4,-1,0,2,-1,5,2,-1
MT0014992356,5,3,-1,2,2,-1,0,1,-1
MT0014997916,5,5,-1,5,1,-1,3,4,-1
MT0015004867,0,0,-1,0,5,-1,5,2,-1
MT0015005100,3,1,-1,1,0,-1,1,0,-1
MT0015019608,1,0,-1,5,3,-1,3,2,-1
MT0015026273,1,3,-1,2,2,-1,0,1,-1
MT0015026293,0,0,-1,5,1,-1,3,4,-1
MT0015028144,2,5,-1,3,1,-1,2,5,-1
MT0015032338,2,1,-1,4,0,-1,4,3,-1
MT0015034564,1,0,-1,2,2,-1,0,1,-1
MT0015139461,3,2,-1,3,1,-1,2,5,-1
MT0015428521,3,0,-1,1,0,-1,1,0,-1
MT0015465230,2,1,-1,1,0,-1,1,0,-1
MT0015469804,1,4,-1,0,2,-1,5,2,-1
MT0015471594,0,5,-1,1,0,-1,1,0,-1
MT0015477550,4,0,-1,1,4,-1,1,0,-1
MT0015494518,5,4,-1,3,1,-1,2,5,-1
MT0015506396,4,3,-1,1,4,-1,1,0,-1
MT0015506741,0,0,-1,1,4,-1,1,0,-1
MT0015511866,0,0,-1,5,1,-1,3,1,-1
MT0015541501,1,2,-1,5,3,-1,3,4,-1
MT0015546206,3,1,-1,3,4,-1,2,5,-1
MT0015587436,1,4,-1,2,3,-1,0,1,-1
MT0015599764,3,1,-1,2,2,-1,0,2,-1
MT0015665796,0,0,-1,4,0,-1,4,3,-1
MT0015706588,3,1,-1,4,0,-1,4,3,-1
MT0015708437,5,2,-1,5,1,-1,3,4,-1
MT0015709701,2,1,-1,5,3,-1,3,4,-1
MT0015715008,1,0,-1,5,1,-1,3,4,-1
MT0015760726,4,5,-1,5,3,-1,3,1,-1
MT0015883602,2,1,-1,2,3,-1,0,1,-1
MT0015889071,1,4,-1,2,2,-1,0,2,-1
MT0015929505,5,2,-1,3,1,-1,2,5,-1
MT0015940634,1,3,-1,5,3,-1,3,1,-1
MT0015950558,5,2,-1,3,1,-1,2,5,-1
MT0015962332,5,2,-1,5,1,-1,3,4,-1
MT0015971175,5,2,-1,5,1,-1,3,4,-1
MT0016469828,3,2,-1,5,1,-1,3,4,-1
MT0016743722,5,2,-1,0,2,-1,5,2,-1
MT0016770768,0,0,-1,2,2,-1,0,2,-1
MT0016887233,4,5,-1,3,4,-1,2,0,-1
MT0016897938,4,5,-1,1,0,-1,1,0,-1
MT0016913402,3,1,-1,5,1,-1,3,4,-1
MT0016915093,5,2,-1,2,3,-1,0,1,-1
MT0016918508,3,1,-1,2,3,-1,0,1,-1
MT0016932218,3,0,-1,3,1,-1,2,4,-1
MT0016933152,2,3,-1,5,3,-1,3,4,-1
MT0016971741,3,1,-1,5,3,-1,3,4,-1
MT0016976154,2,1,-1,3,1,-1,2,5,-1
MT0017031590,2,1,-1,5,3,-1,3,5,-1
MT0017475710,2,1,-1,2,3,-1,0,1,-1
MT0017657810,3,1,-1,5,1,-1,3,4,-1
MT0017971951,3,2,-1,0,2,-1,5,2,-1
MT0018024152,2,3,-1,0,5,-1,5,2,-1
MT0018029465,2,1,-1,2,2,-1,0,1,-1
MT0018031959,3,4,-1,2,2,-1,0,2,-1
MT0018044514,0,0,-1,5,1,-1,3,4,-1
MT0018288135,1,3,-1,0,2,-1,5,2,-1
MT0018376280,4,5,-1,3,4,-1,2,5,-1
MT0018450519,3,1,-1,2,3,-1,0,4,-1
MT0018651126,4,5,-1,2,3,-1,0,1,-1
MT0018669856,1,3,-1,2,2,-1,0,2,-1
MT0018793776,0,1,-1,5,3,-1,3,4,-1
MT0019352491,0,0,-1,5,3,-1,3,4,-1
MT0019766193,5,0,-1,3,4,-1,2,0,-1
MT0020009125,5,2,-1,2,3,-1,0,1,-1
MT0020034314,4,5,-1,2,3,-1,0,1,-1
MT0026135542,2,1,-1,2,3,-1,0,1,-1
MT0026236933,3,1,-1,1,4,-1,1,0,-1
MT0026330298,3,2,-1,4,0,-1,4,3,-1
MT0026378461,3,2,-1,4,0,-1,4,0,-1
MT0026414107,3,1,-1,3,1,-1,2,5,-1
MT0026520343,2,4,-1,2,3,-1,0,1,-1
MT0026607275,3,1,-1,3,4,-1,2,5,-1
MT0026624084,1,3,-1,0,2,-1,5,2,-1
MT0026681751,1,3,-1,2,2,-1,0,1,-1
MT0026682960,2,1,-1,3,1,-1,2,0,-1
MT0026697228,2,1,-1,4,0,-1,4,3,-1
MT0026712161,2,1,-1,5,3,-1,3,4,-1
MT0026719173,1,3,-1,0,2,-1,5,1,-1
MT0026727455,5,2,-1,3,1,-1,2,5,-1
MT0026734083,0,2,-1,5,3,-1,3,4,-1
MT0026753145,3,2,-1,0,5,-1,5,2,-1
MT0026753827,4,0,-1,5,3,-1,0,1,-1
MT0026776967,4,5,-1,5,3,-1,3,1,-1
MT0026790435,5,2,-1,2,3,-1,0,1,-1
MT0026795261,3,1,-1,2,2,-1,0,1,-1
MT0026811443,0,2,-1,1,4,-1,1,0,-1
MT0026826094,2,0,-1,1,4,-1,1,0,-1
MT0026898936,3,2,-1,5,3,-1,3,4,-1
MT0026900439,0,0,-1,5,1,-1,3,4,-1
MT0026903849,1,3,-1,2,3,-1,0,2,-1
MT0026905937,2,1,-1,1,4,-1,1,0,-1
MT0026930415,0,5,-1,1,4,-1,1,0,-1
MT0026933516,2,1,-1,5,3,-1,3,4,-1
MT0026963572,1,4,-1,5,3,-1,3,4,-1
MT0026971941,0,0,-1,3,1,-1,2,5,-1
MT0026972072,0,0,-1,3,1,-1,2,5,-1
MT0026985012,5,2,-1,5,1,-1,3,5,-1
MT0026987140,5,3,-1,2,3,-1,0,4,-1
MT0026990793,0,0,-1,3,1,-1,2,5,-1
MT0026999750,3,2,-1,5,3,-1,0,1,-1
MT0027023212,3,0,-1,3,1,-1,2,5,-1
MT0027032503,1,4,-1,0,5,-1,5,2,-1
MT0027053023,5,2,-1,3,1,-1,2,5,-1
MT0027072382,2,1,-1,0,5,-1,5,2,-1
MT0027075208,4,3,-1,5,1,-1,3,4,-1
MT0027112893,0,2,-1,5,1,-1,3,4,-1
MT0027149420,5,2,-1,1,4,-1,1,5,-1
MT0027182657,3,2,-1,5,1,-1,3,4,-1
MT0027317557,5,2,-1,2,3,-1,0,1,-1
MT0027535695,3,1,-1,5,1,-1,3,4,-1
MT0027696140,3,2,-1,0,5,-1,5,2,-1
MT0027797339,3,1,-1,5,1,-1,3,5,-1
MT0027859587,3,0,-1,1,4,-1,1,0,-1
MT0027976714,0,2,-1,1,4,-1,1,0,-1
MT0028081047,1,3,-1,0,5,-1,5,2,-1
MT0028116568,2,1,-1,3,1,-1,3,5,-1
MT0028167155,1,3,-1,0,5,-1,5,2,-1
MT0028172888,1,4,-1,0,2,-1,5,2,-1
MT0028213435,5,2,-1,0,5,-1,5,2,-1
MT0028228337,1,4,-1,5,1,-1,3,5,-1
MT0028241237,2,0,-1,2,2,-1,0,2,-1
MT0028242839,3,2,-1,3,1,-1,2,5,-1
MT0028293340,0,4,-1,3,1,-1,2,5,-1
MT0028335228,2,0,-1,5,1,-1,3,5,-1
MT0028338292,0,5,-1,3,1,-1,2,5,-1
MT0028345470,1,3,-1,2,2,-1,0,2,-1
MT0028348785,1,3,-1,0,5,-1,5,2,-1
MT0028372740,3,1,-1,5,1,-1,3,4,-1
MT0028374210,3,1,-1,3,1,-1,2,5,-1
MT0028405583,5,2,-1,0,2,-1,5,2,-1
MT0028425911,0,0,-1,3,1,-1,2,4,-1
MT0028445777,5,1,-1,2,2,-1,0,2,-1
MT0028452849,5,2,-1,2,3,-1,0,1,-1
MT0028471202,1,4,-1,2,3,-1,0,1,-1
MT0028498801,2,1,-1,3,1,-1,2,0,-1
MT0028569169,3,1,-1,3,1,-1,2,5,-1
MT0028577920,0,1,-1,1,4,-1,1,0,-1
MT0028587966,4,0,-1,5,1,-1,3,4,-1
MT0028593700,5,2,-1,2,3,-1,0,1,-1
MT0028603801,2,1,-1,5,1,-1,3,5,-1
MT0028609181,1,3,-1,3,1,-1,2,5,-1
MT0028615001,5,2,-1,5,3,-1,3,1,-1
MT0028617657,5,2,-1,3,1,-1,2,5,-1
MT0028617797,1,3,-1,2,2,-1,0,1,-1
MT0028623145,1,3,-1,2,2,-1,0,1,-1
MT0028627699,3,2,-1,2,3,-1,0,1,-1
MT0028691865,3,1,-1,4,0,-1,4,3,-1
MT0028694655,3,2,-1,5,1,-1,3,4,-1
MT0028698324,2,1,-1,3,4,-1,2,5,-1
MT0028750297,4,3,-1,0,5,-1,5,2,-1
MT0028752173,3,3,-1,3,4,-1,2,0,-1
MT0028753982,3,0,-1,3,1,-1,2,5,-1
MT0028754256,4,3,-1,0,5,-1,5,2,-1
MT0028758101,0,3,-1,5,1,-1,3,4,-1
MT0028772639,5,4,-1,3,1,-1,3,5,-1
MT0028790582,5,2,-1,5,1,-1,3,4,-1
MT0028798040,1,4,-1,0,5,-1,5,2,-1
MT0028798502,3,1,-1,4,0,-1,4,3,-1
MT0028810869,3,2,-1,2,2,-1,0,1,-1
MT0028813190,1,3,-1,0,5,-1,5,2,-1
MT0028813196,3,1,-1,3,1,-1,2,5,-1
MT0028888763,2,1,-1,3,1,-1,2,5,-1
MT0028915582,3,2,-1,2,2,-1,0,2,-1
MT0028937743,5,4,-1,5,1,-1,3,4,-1
MT0028942506,2,0,-1,1,0,-1,1,0,-1
MT0029065626,5,2,-1,2,2,-1,0,1,-1
MT0029091265,4,5,0,1,0,-1,1,0,-1
MT0029133325,3,1,-1,3,1,-1,2,4,-1
MT0029166572,3,2,-1,4,0,-1,4,3,-1
MT0029196396,1,3,-1,0,5,-1,5,2,-1
MT0029772184,5,4,-1,0,5,-1,5,2,-1
MT0029825641,0,0,-1,0,5,-1,5,2,-1
MT0029861029,3,1,-1,4,0,-1,4,3,-1
MT0030006612,3,2,-1,1,4,-1,1,0,-1
MT0030007733,4,5,-1,1,4,-1,2,0,-1
MT0030074137,2,0,-1,3,1,-1,2,5,-1
MT0030097307,2,2,-1,5,1,-1,3,4,-1
MT0030097602,0,0,-1,1,4,-1,1,0,-1
MT0030160582,4,3,-1,1,4,-1,1,0,-1
MT0030177407,1,3,-1,2,3,-1,0,1,-1
MT0030184605,3,1,-1,5,1,-1,3,4,-1
MT0030203700,2,3,-1,5,3,-1,3,4,-1
MT0030203729,5,2,-1,5,3,-1,3,4,-1
MT0030211400,5,1,-1,0,5,-1,5,2,-1
MT0030212531,1,3,-1,3,1,-1,2,5,-1
MT0030214520,1,4,-1,0,5,-1,5,2,-1
MT0030233759,1,3,-1,0,5,-1,5,2,-1
MT0030247926,5,3,-1,1,4,-1,1,0,-1
MT0030248025,0,2,-1,2,3,-1,0,1,-1
MT0030289937,3,1,1,4,0,-1,4,0,-1
MT0030291182,0,3,-1,5,1,-1,3,4,-1
MT0030319227,0,0,-1,5,1,-1,3,4,-1
MT0030324011,1,3,-1,0,5,-1,5,2,-1
MT0030327630,1,4,-1,5,1,-1,3,5,-1
MT0030349080,2,1,-1,2,2,-1,0,1,-1
MT0030362174,2,1,-1,3,4,-1,2,0,-1
MT0030362299,2,1,-1,4,0,-1,1,0,-1
MT0030369896,0,0,-1,3,1,-1,2,5,-1
MT0030407300,3,2,-1,3,1,-1,2,5,-1
MT0030438262,0,0,-1,2,2,-1,5,2,-1
MT0030481692,3,2,-1,1,4,-1,1,0,-1
MT0030484925,3,1,-1,5,1,-1,3,4,-1
MT0030487841,5,2,-1,5,3,-1,0,1,-1
MT0030489320,1,3,-1,5,3,-1,3,1,-1
MT0030499533,2,1,-1,5,3,-1,3,4,-1
MT0030504803,3,2,-1,0,5,-1,5,1,-1
MT0030646708,3,0,-1,5,3,-1,3,4,-1
MT0030968017,2,1,-1,5,3,-1,3,4,-1
MT0031024722,5,3,-1,1,4,-1,1,0,-1
MT0031049140,4,5,-1,3,4,-1,2,0,-1
MT0031375281,4,5,-1,1,0,-1,1,0,-1
MT0031548988,3,1,-1,0,2,-1,5,1,-1
MT0031555265,0,3,-1,3,1,-1,2,5,-1
MT0031574394,2,1,-1,0,5,-1,5,2,-1
MT0031618741,0,1,-1,5,3,-1,3,4,-1
MT0031626819,2,1,-1,3,1,-1,2,5,-1
MT0031661393,5,4,-1,5,3,-1,3,4,-1
MT0031664726,5,2,-1,2,3,-1,0,1,-1
MT0031693432,1,3,-1,4,0,-1,1,0,-1
MT0031726825,2,1,-1,2,3,-1,0,1,-1
MT0031733848,0,3,-1,4,0,-1,4,3,-1
MT0031826295,2,1,-1,5,1,-1,3,4,-1
MT0031826774,4,5,-1,3,1,-1,2,5,-1
MT0031834881,0,0,-1,2,5,-1,0,1,-1
MT0031841471,2,3,-1,3,1,-1,2,5,-1
MT0031861483,5,2,-1,2,2,-1,0,1,-1
MT0031868141,0,1,-1,0,5,-1,5,2,-1
MT0031875986,4,5,-1,0,5,-1,5,2,-1
MT0031893087,2,1,-1,5,1,-1,3,5,-1
MT0031903528,2,1,-1,3,1,-1,2,5,-1
MT0031912859,0,0,-1,1,0,-1,1,0,-1
MT0031917087,2,1,-1,0,5,-1,5,2,-1
MT0031919561,1,4,-1,0,5,-1,5,2,-1
MT0031924755,5,4,-1,5,3,-1,3,4,-1
MT0031925901,1,4,-1,2,3,-1,0,1,-1
MT0031939057,3,0,-1,3,1,-1,2,4,-1
MT0031964947,4,5,-1,2,3,-1,0,1,-1
MT0031979912,2,1,-1,5,1,-1,3,4,-1
MT0031996487,3,1,-1,5,1,-1,3,4,-1
MT0031996897,5,2,-1,2,3,-1,0,1,-1
MT0032001427,0,3,-1,5,3,-1,3,4,-1
MT0032048707,0,0,-1,2,3,-1,0,4,-1
MT0032050779,3,2,-1,2,3,-1,0,1,-1
MT0032060949,5,2,-1,3,4,-1,2,5,-1
MT0032061091,3,1,-1,0,2,-1,5,1,-1
MT0032093528,0,0,-1,1,4,-1,1,0,-1
MT0032157716,5,2,-1,5,3,-1,3,4,-1
MT0032235381,5,2,-1,2,3,-1,0,1,-1
MT0032332758,3,2,-1,2,3,-1,0,1,-1
MT0032405359,4,5,-1,2,3,-1,0,1,-1
MT0032628164,4,5,-1,1,4,-1,1,0,-1
MT0032643023,3,2,-1,2,3,-1,0,1,-1
MT0032651589,5,4,-1,3,1,-1,2,1,-1
MT0032665811,1,4,-1,2,2,-1,0,1,-1
MT0032673223,3,1,-1,2,3,-1,0,1,-1
MT0032682675,0,0,-1,3,1,-1,2,5,-1
MT0032701682,2,1,-1,5,1,-1,3,4,-1
MT0032723940,2,0,-1,3,1,-1,2,5,-1
MT0032757175,2,3,-1,1,0,-1,1,0,-1
MT0032768117,3,2,-1,3,4,-1,2,5,-1
MT0032768122,1,3,-1,3,4,-1,2,0,-1
MT0032778604,2,0,-1,5,1,-1,3,4,-1
MT0032782452,5,2,-1,3,1,-1,2,5,-1
MT0032892262,3,2,-1,5,1,-1,3,4,-1
MT0032957418,5,2,-1,5,3,-1,3,4,-1
MT0033061162,1,0,-1,5,1,-1,3,5,-1
MT0033097471,5,2,-1,3,1,-1,2,5,-1
MT0033155511,1,3,-1,5,1,-1,3,5,-1
MT0033159895,3,1,-1,3,1,-1,2,5,-1
MT0033218453,0,5,-1,1,0,-1,1,0,-1
MT0033226848,1,1,-1,5,1,-1,3,4,-1
MT0033252621,5,1,-1,2,3,-1,0,1,-1
MT0033258989,2,1,-1,5,1,-1,3,4,-1
MT0033262254,3,1,-1,2,2,-1,0,4,-1
MT0033262547,0,0,-1,5,1,-1,3,4,-1
MT0033287096,1,4,-1,0,5,-1,5,2,-1
MT0033319941,0,2,-1,1,4,-1,1,0,-1
MT0033345959,0,2,-1,1,0,-1,1,0,-1
MT0033376569,2,0,-1,5,3,-1,3,4,-1
MT0033381821,5,2,-1,2,2,-1,0,1,-1
MT0033391277,0,1,-1,1,4,-1,1,0,-1
MT0033397942,2,1,-1,3,1,-1,2,5,-1
MT0033410438,2,1,-1,4,0,-1,4,3,-1
MT0033430737,3,1,-1,2,2,-1,0,2,-1
MT0033459750,0,0,-1,1,4,-1,1,0,-1
MT0033470806,5,2,-1,3,1,-1,2,5,-1
MT0033473090,2,0,-1,3,1,-1,2,5,-1
MT0033493473,0,0,-1,3,1,-1,2,5,-1
MT0033512773,2,1,-1,5,1,-1,3,4,-1
MT0033717316,3,2,-1,0,3,-1,5,1,-1
MT0033733581,4,5,-1,5,1,-1,3,4,-1
MT0033818006,0,3,-1,1,4,-1,1,0,-1
MT0033841575,3,1,-1,2,2,-1,0,1,-1
MT0033958450,0,0,-1,5,1,-1,3,4,-1
MT0033974184,5,3,-1,3,1,-1,2,5,-1
MT0033987987,3,1,-1,2,3,-1,0,1,-1
MT0033993440,0,0,-1,5,1,-1,3,4,-1
MT0034013916,5,3,-1,0,2,-1,5,2,-1
MT0034064577,3,2,-1,5,1,-1,3,5,-1
MT0034094847,2,1,-1,5,1,-1,3,4,-1
MT0034113973,3,3,-1,0,5,-1,5,2,-1
MT0034125967,5,4,-1,5,3,-1,3,4,-1
MT0034136847,3,2,-1,4,0,-1,4,3,-1
MT0034138322,3,1,-1,5,1,-1,3,4,-1
MT0034191542,2,0,-1,1,4,-1,2,0,-1
MT0034197846,3,1,1,4,0,-1,4,3,-1
MT0034211183,3,2,-1,5,1,-1,3,5,-1
MT0034225020,0,0,-1,5,3,-1,3,4,-1
MT0034230990,0,1,-1,5,1,-1,3,4,-1
MT0034403159,0,1,-1,5,3,-1,3,4,-1
MT0034403951,1,3,-1,2,2,-1,0,2,-1
MT0034410340,3,1,-1,4,0,-1,4,0,-1
MT0034422157,0,0,-1,1,4,-1,1,0,-1
MT0034426806,1,3,-1,0,5,-1,5,2,-1
MT0034429136,0,2,-1,1,4,-1,1,0,-1
MT0034518366,0,0,-1,3,1,-1,2,5,-1
MT0034549623,2,0,-1,1,4,-1,1,0,-1
MT0034551604,4,5,-1,3,1,-1,2,5,-1
MT0034552648,5,2,-1,5,1,-1,3,4,-1
MT0034560618,2,3,-1,3,1,-1,2,5,-1
MT0034563474,2,1,-1,5,1,-1,3,4,-1
MT0034574251,4,5,-1,5,3,-1,3,4,-1
MT0034577404,0,3,-1,3,1,-1,2,5,-1
MT0034670435,4,3,-1,2,2,-1,5,2,-1
MT0034677542,3,2,-1,3,1,-1,2,0,-1
MT0034694413,1,4,-1,2,2,-1,5,2,-1
MT0034706827,0,0,-1,4,0,-1,4,3,-1
MT0034800740,0,1,-1,2,3,-1,0,1,-1
MT0034852831,3,2,-1,2,3,-1,0,1,-1
MT0034988131,2,1,-1,2,3,-1,0,4,-1
MT0034991842,5,4,-1,2,3,-1,0,1,-1
MT0034992204,3,2,-1,5,1,-1,3,4,-1
MT0034992958,0,0,-1,5,1,-1,3,4,-1
MT0034996484,5,4,-1,2,2,-1,0,2,-1
MT0035037927,2,1,-1,2,2,-1,0,1,-1
MT0035108409,0,0,-1,1,0,-1,1,0,-1
MT0035119161,0,0,-1,5,3,-1,3,1,-1
MT0035241675,1,4,-1,2,3,-1,0,1,-1
MT0035285414,1,3,-1,0,5,-1,5,2,-1
MT0035316286,1,3,-1,3,4,-1,2,0,-1
MT0035322836,1,4,-1,0,5,-1,5,2,-1
MT0035332435,3,2,-1,2,3,-1,0,1,-1
MT0035332835,1,3,-1,2,2,-1,0,1,-1
MT0035833639,2,1,-1,1,0,-1,1,0,-1
MT0035974809,0,0,-1,4,0,-1,4,3,-1
MT0035974819,0,2,-1,4,0,-1,4,3,-1
MT0036111757,5,4,-1,2,5,-1,0,2,-1
MT0036368550,3,2,-1,2,2,-1,0,1,-1
MT0039250520,5,4,-1,2,2,-1,0,1,-1
MT0041030749,4,5,-1,1,0,-1,1,0,-1
