track_id,cluster__ConvVAEplusLyrics_KMeans,cluster__ConvVAEplusLyrics_Agglomerative,cluster__ConvVAEplusLyrics_DBSCAN,cluster__RawAudioMeanplusLyrics_KMeans,cluster__RawAudioMeanplusLyrics_Agglomerative,cluster__RawAudioMeanplusLyrics_DBSCAN,cluster__PCArawFused_KMeans,cluster__PCArawFused_Agglomerative,cluster__PCArawFused_DBSCAN
MT0000008995,3,1,-1,1,0,-1,1,2,-1
MT0000011357,2,5,-1,5,1,-1,4,3,-1
MT0000026571,1,1,-1,3,1,-1,3,0,-1
MT0000027422,1,3,-1,2,3,-1,5,1,-1
MT0000030834,3,1,-1,1,0,-1,1,2,-1
MT0000031210,3,1,-1,4,0,-1,2,2,-1
MT0000038502,2,3,-1,0,5,-1,0,5,-1
MT0000040773,1,0,-1,1,4,-1,1,4,-1
MT0000042939,2,5,-1,2,2,-1,5,1,-1
MT0000043184,3,4,-1,1,4,-1,1,4,-1
MT0000044741,5,1,-1,3,1,-1,3,0,-1
MT0000045345,3,1,-1,5,1,-1,4,0,-1
MT0000048600,1,0,-1,5,1,-1,4,0,-1
MT0000059269,3,1,-1,4,0,-1,2,2,-1
MT0000063684,4,2,-1,5,1,-1,4,0,-1
MT0000066236,0,3,-1,5,3,-1,4,0,-1
MT0000066421,5,1,-1,3,1,-1,3,0,-1
MT0000080053,4,2,-1,1,4,-1,1,4,-1
MT0000082188,3,1,-1,1,0,-1,1,2,-1
MT0000089238,1,0,-1,5,3,-1,4,3,-1
MT0000089410,5,1,-1,1,4,-1,1,4,-1
MT0000091401,4,2,-1,1,4,-1,1,4,-1
MT0000091781,1,1,-1,3,1,-1,3,0,-1
MT0000092637,3,4,-1,1,4,-1,1,4,-1
MT0000093583,5,4,-1,3,1,-1,3,0,-1
MT0000095414,1,1,-1,3,1,-1,3,0,-1
MT0000097948,3,4,-1,4,0,-1,2,2,-1
MT0000103049,3,0,-1,4,0,-1,2,2,-1
MT0000103874,3,1,-1,3,1,-1,3,0,-1
MT0000105492,3,4,-1,1,4,-1,1,0,-1
MT0000117176,1,0,-1,1,0,-1,1,2,-1
MT0000119701,1,0,-1,4,0,-1,2,2,-1
MT0000119987,4,2,-1,2,2,-1,5,1,-1
MT0000124779,1,0,-1,5,3,-1,4,3,-1
MT0000128573,4,0,-1,5,1,-1,4,0,-1
MT0000133200,5,1,-1,0,5,-1,0,1,-1
MT0000135916,1,0,-1,3,1,-1,3,0,-1
MT0000144160,1,0,-1,5,1,-1,4,0,-1
MT0000145509,2,5,-1,0,2,-1,0,1,-1
MT0000146284,3,4,-1,1,0,-1,1,2,-1
MT0000146966,5,1,-1,0,5,-1,0,5,-1
MT0000147182,5,1,-1,5,1,-1,4,0,-1
MT0000151451,5,3,-1,3,1,-1,3,0,-1
MT0000151529,1,0,-1,4,4,-1,2,2,-1
MT0000162219,4,0,-1,3,1,-1,3,0,-1
MT0000164441,1,0,-1,4,0,-1,2,2,-1
MT0000169174,2,5,-1,2,3,-1,5,3,-1
MT0000169836,4,2,-1,5,1,-1,4,3,-1
MT0000171421,3,4,-1,5,3,-1,4,3,-1
MT0000171852,3,4,-1,1,0,-1,1,4,-1
MT0000174580,5,1,-1,5,1,-1,4,3,-1
MT0000175597,1,0,-1,1,4,-1,1,2,-1
MT0000177878,3,4,-1,1,0,-1,1,2,-1
MT0000185453,3,4,-1,4,0,-1,2,2,-1
MT0000185601,5,1,-1,2,2,-1,5,1,-1
MT0000186467,0,3,-1,2,2,-1,5,1,-1
MT0000190640,2,5,-1,0,5,-1,0,1,-1
MT0000192913,1,0,-1,2,3,-1,5,3,-1
MT0000192982,1,3,-1,3,1,-1,3,0,-1
MT0000195705,1,0,-1,5,1,-1,4,0,-1
MT0000197431,4,1,-1,3,4,-1,3,4,-1
MT0000202045,0,0,-1,2,2,-1,5,3,-1
MT0000214287,1,3,-1,3,1,-1,3,0,-1
MT0000216849,0,3,-1,2,2,-1,5,1,-1
MT0000218346,5,0,-1,2,2,-1,5,1,-1
MT0000225806,5,1,-1,2,3,-1,5,3,-1
MT0000231442,2,3,-1,0,2,-1,0,1,-1
MT0000231784,4,3,-1,0,2,-1,0,1,-1
MT0000245808,4,2,-1,1,4,-1,3,4,-1
MT0000252574,5,3,-1,5,1,-1,4,0,-1
MT0000255724,5,1,-1,2,2,-1,5,1,-1
MT0000258223,3,0,-1,3,4,-1,3,4,-1
MT0000258646,0,2,-1,2,3,-1,5,1,-1
MT0000265621,1,0,-1,5,1,-1,4,0,-1
MT0000268576,1,4,-1,3,1,-1,3,0,-1
MT0000270200,5,1,-1,2,2,-1,5,1,-1
MT0000271454,4,2,-1,3,1,-1,3,0,-1
MT0000271970,2,5,-1,0,5,-1,0,5,-1
MT0000273374,3,1,-1,1,4,-1,1,4,-1
MT0000277032,3,4,-1,1,4,-1,1,4,-1
MT0000277633,1,0,-1,4,0,-1,2,2,-1
MT0000283043,2,3,-1,5,1,-1,4,0,-1
MT0000287606,3,1,-1,4,0,-1,2,2,-1
MT0000287921,0,3,-1,0,5,-1,0,1,-1
MT0000289116,3,4,-1,1,4,-1,1,4,-1
MT0000292000,4,2,-1,5,3,-1,5,3,-1
MT0000293345,2,5,-1,2,3,-1,5,3,-1
MT0000299291,5,3,-1,2,3,-1,5,3,-1
MT0000310204,5,1,-1,2,3,-1,5,3,-1
MT0000312152,5,1,-1,1,4,-1,1,4,-1
MT0000315363,4,1,-1,2,2,-1,5,1,-1
MT0000315392,5,1,-1,5,3,-1,4,0,-1
MT0000316110,0,3,-1,2,2,-1,5,3,-1
MT0000318206,2,3,-1,0,5,-1,0,5,-1
MT0000318279,1,0,-1,5,1,-1,4,0,-1
MT0000320757,5,1,-1,5,3,-1,5,3,-1
MT0000321394,0,3,-1,2,2,-1,5,1,-1
MT0000321824,5,1,-1,3,1,-1,3,0,-1
MT0000325093,5,1,-1,2,3,-1,5,3,-1
MT0000335310,4,0,-1,3,1,-1,3,0,-1
MT0000348553,3,4,-1,1,0,-1,1,2,-1
MT0000353361,5,2,-1,3,1,-1,4,0,-1
MT0000369188,5,3,-1,2,3,-1,5,1,-1
MT0000370694,3,4,-1,3,4,-1,3,0,-1
MT0000380307,1,1,-1,1,4,-1,1,4,-1
MT0000380971,3,4,-1,1,4,-1,1,4,-1
MT0000391566,1,0,-1,5,1,-1,4,0,-1
MT0000398595,2,0,-1,5,1,-1,4,0,-1
MT0000408441,3,4,-1,4,0,-1,2,2,-1
MT0000409922,3,1,-1,5,1,-1,4,3,-1
MT0000419956,0,3,-1,5,3,-1,4,3,-1
MT0000421504,1,0,-1,1,4,-1,1,4,-1
MT0000425270,4,3,-1,2,2,-1,5,1,-1
MT0000426880,4,0,-1,3,1,-1,3,0,-1
MT0000436815,5,0,-1,2,3,-1,5,3,-1
MT0000441552,0,3,-1,2,3,-1,5,1,-1
MT0000446304,1,1,-1,3,1,-1,3,0,-1
MT0000447539,1,0,-1,4,0,-1,2,2,-1
MT0000456939,0,3,-1,0,5,-1,0,5,-1
MT0000460480,1,1,-1,3,1,-1,3,0,-1
MT0000463371,2,5,-1,2,3,-1,5,3,-1
MT0000475876,4,2,-1,3,1,-1,3,4,-1
MT0000481304,1,0,-1,5,1,-1,4,0,-1
MT0000487439,3,4,-1,4,0,-1,2,2,-1
MT0000497520,4,2,-1,2,3,-1,5,1,-1
MT0000515256,3,4,-1,1,4,-1,1,4,-1
MT0000518591,5,1,-1,2,2,-1,5,1,-1
MT0000523576,1,0,-1,5,1,-1,4,0,-1
MT0000526302,1,1,-1,4,0,-1,2,2,-1
MT0000526867,1,0,-1,1,4,-1,1,4,-1
MT0000534539,1,1,-1,1,4,-1,1,2,-1
MT0000540286,3,4,-1,4,0,-1,2,2,-1
MT0000546446,5,1,-1,2,3,-1,5,3,-1
MT0000547065,4,2,-1,5,3,-1,4,3,-1
MT0000549945,1,0,-1,1,0,-1,1,2,-1
MT0000550961,1,0,-1,3,4,-1,3,4,-1
MT0000553622,2,3,-1,3,1,-1,3,0,-1
MT0000556349,3,4,-1,1,0,-1,1,2,-1
MT0000567692,3,4,-1,1,4,-1,1,4,-1
MT0000570966,4,2,-1,1,4,-1,3,4,-1
MT0000599398,1,0,-1,3,1,-1,3,0,-1
MT0000603187,1,4,-1,5,1,-1,4,0,-1
MT0000603561,1,0,-1,4,0,-1,2,2,-1
MT0000604234,0,5,-1,5,3,-1,4,3,-1
MT0000615489,4,2,-1,0,5,-1,0,1,-1
MT0000619767,5,1,-1,2,3,-1,5,3,-1
MT0000621840,4,2,-1,3,1,-1,3,0,-1
MT0000630628,0,3,-1,2,2,-1,0,1,-1
MT0000633351,3,1,-1,3,1,-1,3,0,-1
MT0000638424,1,0,-1,3,4,-1,3,4,-1
MT0000638634,3,1,-1,3,4,-1,3,4,-1
MT0000643201,3,1,-1,5,3,-1,5,3,-1
MT0000647818,4,0,-1,5,1,-1,4,0,-1
MT0000652082,3,0,-1,3,1,-1,3,4,-1
MT0000661250,3,4,-1,4,0,-1,1,2,-1
MT0000661847,1,0,-1,5,1,-1,4,0,-1
MT0000664362,3,4,-1,3,1,-1,3,0,-1
MT0000666429,5,3,-1,2,2,-1,5,1,-1
MT0000670865,5,1,-1,3,1,-1,3,0,-1
MT0000672880,4,2,-1,5,3,-1,4,3,-1
MT0000685324,3,1,-1,2,3,-1,5,3,-1
MT0000685538,4,2,-1,3,1,-1,3,0,-1
MT0000685552,5,1,-1,5,3,-1,4,3,-1
MT0000688115,3,4,-1,1,0,-1,1,2,-1
MT0000688312,0,3,-1,2,2,-1,5,1,-1
MT0000694316,0,3,-1,2,3,-1,5,3,-1
MT0000704913,5,2,-1,5,1,-1,4,0,-1
MT0000707663,1,1,-1,3,4,-1,3,4,-1
MT0000712071,5,1,-1,3,1,-1,3,0,-1
MT0000714708,4,2,-1,5,1,-1,4,0,-1
MT0000720686,0,3,-1,0,2,-1,0,1,-1
MT0000721873,5,1,-1,2,3,-1,5,1,-1
MT0000723464,0,0,-1,5,1,-1,4,0,-1
MT0000724357,4,3,-1,3,1,-1,3,0,-1
MT0000727738,4,2,-1,5,1,-1,4,0,-1
MT0000734482,1,0,-1,4,0,-1,2,2,-1
MT0000735056,2,3,-1,0,5,-1,0,1,-1
MT0000741489,2,5,-1,0,5,-1,0,5,-1
MT0000744293,2,3,-1,2,3,-1,5,1,-1
MT0000747666,0,0,-1,3,1,-1,3,4,-1
MT0000753074,4,4,-1,3,4,-1,3,4,-1
MT0000754511,3,0,-1,1,4,-1,3,4,-1
MT0000762097,1,0,-1,1,4,-1,1,4,-1
MT0000763275,1,0,-1,1,4,-1,1,4,-1
MT0000764951,3,1,-1,4,0,-1,2,2,-1
MT0000766316,3,4,-1,1,4,-1,1,4,-1
MT0000775053,1,1,-1,1,4,-1,1,4,-1
MT0000776108,3,1,-1,1,4,-1,3,4,-1
MT0000778102,4,3,-1,3,1,-1,3,0,-1
MT0000780401,5,1,-1,2,3,-1,5,3,-1
MT0000783307,0,3,-1,2,3,-1,5,1,-1
MT0000789330,2,5,-1,2,3,-1,5,3,-1
MT0000807741,1,2,-1,1,4,-1,1,4,-1
MT0000808227,2,5,-1,0,2,-1,0,1,-1
MT0000811092,1,0,-1,1,4,-1,1,4,-1
MT0000811743,5,1,-1,3,1,-1,3,0,-1
MT0000825920,1,0,-1,1,4,-1,1,4,-1
MT0000829531,4,2,-1,5,3,-1,5,3,-1
MT0000829765,1,0,-1,3,1,-1,3,0,-1
MT0000832464,3,1,-1,1,4,-1,1,4,-1
MT0000848769,3,4,-1,1,0,-1,1,2,-1
MT0000850050,3,4,-1,1,0,-1,1,2,-1
MT0000850957,0,2,-1,5,1,-1,4,0,-1
MT0000851865,4,2,-1,5,3,-1,4,3,-1
MT0000852582,0,3,-1,2,3,-1,5,1,-1
MT0000853072,1,0,-1,1,0,-1,1,4,-1
MT0000854722,3,4,-1,5,3,-1,4,3,-1
MT0000863232,1,0,-1,5,1,-1,4,0,-1
MT0000863543,5,2,-1,2,1,-1,5,3,-1
MT0000871290,5,1,-1,3,1,-1,3,0,-1
MT0000874482,0,3,-1,2,2,-1,5,1,-1
MT0000875199,5,1,-1,0,5,-1,0,1,-1
MT0000875520,5,3,-1,0,2,-1,0,1,-1
MT0000886390,5,1,-1,3,4,-1,3,0,-1
MT0000888329,1,0,-1,3,1,-1,3,0,-1
MT0000889229,3,0,-1,1,4,-1,1,2,-1
MT0000892306,2,5,-1,2,2,-1,0,1,-1
MT0000895003,0,3,-1,0,2,-1,0,1,-1
MT0000895905,1,0,-1,4,0,-1,2,2,-1
MT0000900387,4,2,-1,5,1,-1,4,0,-1
MT0000900995,1,4,-1,4,0,-1,2,2,-1
MT0000901959,1,4,-1,5,1,-1,4,0,-1
MT0000903225,5,3,-1,2,2,-1,5,3,-1
MT0000906888,5,3,-1,3,1,-1,3,0,-1
MT0000910270,0,3,-1,2,3,-1,5,1,-1
MT0000920227,1,0,-1,1,0,-1,1,2,-1
MT0000927561,2,5,-1,0,5,-1,0,1,-1
MT0000931402,1,1,-1,3,4,-1,3,0,-1
MT0000934613,0,3,-1,2,3,-1,5,3,-1
MT0000948111,4,2,-1,3,4,-1,3,0,-1
MT0000950090,3,1,-1,2,2,-1,5,1,-1
MT0000954088,4,2,-1,3,1,-1,4,0,-1
MT0000956340,0,3,-1,5,1,-1,4,0,-1
MT0000984023,2,5,-1,0,5,-1,0,5,-1
MT0000992846,5,3,-1,2,2,-1,5,1,-1
MT0001016068,3,4,-1,1,4,-1,1,4,-1
MT0001020011,1,0,-1,3,4,-1,3,4,-1
MT0001030436,5,1,-1,1,4,-1,1,4,-1
MT0001032211,4,1,-1,3,4,-1,3,0,-1
MT0001042055,4,0,-1,3,1,-1,4,0,-1
MT0001043721,4,2,-1,3,1,-1,4,0,-1
MT0001053268,5,3,-1,5,1,-1,4,0,-1
MT0001058887,5,1,-1,5,1,-1,4,0,-1
MT0001062700,3,4,-1,1,4,-1,1,4,-1
MT0001095298,5,1,-1,5,1,-1,4,0,-1
MT0001101467,4,2,-1,0,2,-1,0,1,-1
MT0001102610,1,1,-1,2,3,-1,5,1,-1
MT0001104467,1,0,-1,5,1,-1,4,0,-1
MT0001106114,4,0,-1,3,1,-1,3,0,-1
MT0001109401,1,0,-1,2,2,-1,5,3,-1
MT0001115644,5,1,-1,2,3,-1,5,3,-1
MT0001116511,0,3,-1,0,5,-1,0,5,-1
MT0001117815,5,3,-1,2,2,-1,5,3,-1
MT0001121577,1,0,-1,5,3,-1,5,3,-1
MT0001134958,1,4,-1,1,0,-1,1,2,-1
MT0001137053,1,0,-1,1,4,-1,1,4,-1
MT0001144930,5,1,-1,2,2,-1,5,3,-1
MT0001152165,3,4,-1,5,1,-1,4,0,-1
MT0001152664,5,4,-1,3,4,-1,3,0,-1
MT0001153847,5,1,-1,5,3,-1,4,3,-1
MT0001157069,1,0,-1,4,0,-1,2,2,-1
MT0001168323,1,0,-1,1,4,-1,1,4,-1
MT0001169715,4,2,-1,5,1,-1,4,0,-1
MT0001183783,3,3,-1,1,0,-1,1,2,-1
MT0001189913,4,1,-1,5,1,-1,4,3,-1
MT0001193202,2,5,-1,0,5,-1,0,5,-1
MT0001193331,4,2,-1,2,3,-1,5,3,-1
MT0001193971,1,0,-1,5,3,-1,4,0,-1
MT0001194164,3,4,-1,1,4,-1,1,4,-1
MT0001195535,5,1,-1,5,1,-1,4,0,-1
MT0001202986,5,1,-1,3,1,-1,3,0,-1
MT0001217651,4,2,-1,0,2,-1,0,1,-1
MT0001227219,3,4,-1,4,0,-1,2,2,-1
MT0001230193,0,3,-1,2,2,-1,5,1,-1
MT0001230298,5,1,-1,3,1,-1,3,0,-1
MT0001243097,1,1,-1,1,4,-1,1,2,-1
MT0001256033,5,1,-1,0,2,-1,0,1,-1
MT0001265984,1,3,-1,5,3,-1,4,0,-1
MT0001266436,3,4,-1,5,1,-1,4,0,-1
MT0001267997,3,1,-1,1,4,-1,1,4,-1
MT0001276044,2,5,-1,0,5,-1,0,5,-1
MT0001277283,1,3,-1,2,3,-1,5,3,-1
MT0001284282,5,1,-1,5,1,-1,4,0,-1
MT0001284801,3,4,-1,1,4,-1,1,4,-1
MT0001287647,4,2,-1,0,5,-1,0,1,-1
MT0001292451,4,4,-1,1,4,-1,1,4,-1
MT0001297031,5,3,-1,3,1,-1,3,0,-1
MT0001298241,4,2,-1,5,1,-1,4,3,-1
MT0001301827,3,4,-1,4,0,-1,2,2,-1
MT0001305550,1,4,-1,4,0,-1,2,2,-1
MT0001309422,5,1,-1,5,1,-1,4,3,-1
MT0001313815,3,4,-1,3,1,-1,4,0,-1
MT0001318718,4,0,-1,3,1,-1,3,0,-1
MT0001321861,4,3,-1,0,5,-1,0,1,-1
MT0001323755,1,1,-1,5,1,-1,4,0,-1
MT0001331047,3,4,-1,4,0,-1,2,2,-1
MT0001332899,3,1,-1,5,1,-1,4,0,-1
MT0001335920,4,2,-1,2,3,-1,5,3,-1
MT0001347462,1,1,-1,3,4,-1,3,4,-1
MT0001353828,0,3,-1,5,3,-1,4,0,-1
MT0001356476,5,1,-1,2,3,-1,5,3,-1
MT0001356637,3,2,-1,3,1,-1,3,0,-1
MT0001361436,0,3,-1,0,5,-1,0,5,-1
MT0001362313,5,1,-1,3,1,-1,3,0,-1
MT0001368531,1,0,-1,3,4,-1,3,4,-1
MT0001369981,3,1,-1,4,0,-1,2,2,-1
MT0001370627,3,1,-1,4,0,-1,1,2,-1
MT0001372070,1,3,-1,5,1,-1,4,0,-1
MT0001376988,0,3,-1,0,2,-1,0,1,-1
MT0001377616,1,1,-1,3,4,-1,3,4,-1
MT0001377742,2,5,-1,0,5,-1,0,1,-1
MT0001380360,2,3,-1,0,5,-1,0,5,-1
MT0001383277,4,2,-1,2,2,-1,5,1,-1
MT0001385947,1,0,-1,2,3,-1,5,3,-1
MT0001395462,1,3,-1,1,4,-1,1,4,-1
MT0001397431,0,1,-1,5,3,-1,4,3,-1
MT0001404677,3,4,-1,1,0,-1,1,2,-1
MT0001435061,3,4,-1,3,1,-1,3,0,-1
MT0001436086,3,4,-1,4,0,-1,2,2,-1
MT0001453285,5,1,-1,5,1,-1,4,0,-1
MT0001473110,4,2,-1,5,1,-1,4,3,-1
MT0001473158,4,2,-1,4,0,-1,2,2,-1
MT0001477169,1,0,-1,3,1,-1,3,4,-1
MT0001486960,4,1,-1,3,4,-1,3,0,-1
MT0001494812,4,0,-1,5,1,-1,4,3,-1
MT0001497786,3,4,-1,3,4,-1,3,0,-1
MT0001509368,5,1,-1,5,1,-1,4,0,-1
MT0001509615,1,0,-1,1,4,-1,1,4,-1
MT0001510617,0,3,-1,5,1,-1,4,0,-1
MT0001511433,1,0,-1,1,0,-1,1,2,-1
MT0001514284,5,1,-1,3,1,-1,3,0,-1
MT0001515028,3,4,-1,1,4,-1,1,4,-1
MT0001518335,3,1,-1,4,0,-1,2,2,-1
MT0001521543,4,1,-1,5,1,-1,4,0,-1
MT0001523435,3,4,-1,1,4,-1,1,4,-1
MT0001526514,5,1,-1,2,2,-1,5,1,-1
MT0001528638,4,0,-1,4,0,-1,2,2,-1
MT0001531856,5,1,-1,5,1,-1,4,0,-1
MT0001531906,2,0,-1,2,3,-1,5,1,-1
MT0001542457,5,1,-1,0,5,-1,0,1,-1
MT0001547111,1,1,-1,3,4,-1,3,4,-1
MT0001553573,0,3,-1,2,2,-1,5,1,-1
MT0001554870,4,2,-1,0,5,-1,0,1,-1
MT0001566152,5,1,-1,5,1,-1,4,0,-1
MT0001578777,2,5,-1,0,5,-1,0,5,-1
MT0001583214,0,1,-1,0,5,-1,0,5,-1
MT0001590201,5,3,-1,2,3,-1,5,3,-1
MT0001590644,2,5,-1,2,2,-1,5,1,-1
MT0001594582,1,0,-1,3,1,-1,3,0,-1
MT0001595082,2,5,-1,0,2,-1,0,1,-1
MT0001608499,1,0,-1,1,4,-1,1,4,-1
MT0001609615,5,1,-1,2,3,-1,5,1,-1
MT0001610102,5,1,-1,2,3,-1,5,3,-1
MT0001613887,2,1,-1,0,5,-1,0,1,-1
MT0001615005,0,3,-1,2,2,-1,5,1,-1
MT0001624303,1,1,-1,5,3,-1,4,0,-1
MT0001634305,4,3,-1,2,3,-1,5,3,-1
MT0001638394,1,0,-1,4,0,-1,2,2,-1
MT0001639011,5,3,-1,2,3,-1,5,3,-1
MT0001641165,4,2,-1,2,3,-1,5,3,-1
MT0001642019,2,3,-1,0,2,-1,0,1,-1
MT0001644811,3,1,-1,3,1,-1,3,0,-1
MT0001646256,1,1,-1,1,0,-1,1,2,-1
MT0001648703,2,3,-1,0,5,-1,0,5,-1
MT0001653728,1,0,-1,1,4,-1,1,4,-1
MT0001658982,3,0,-1,4,0,-1,2,2,-1
MT0001661022,1,0,-1,4,0,-1,2,2,-1
MT0001671399,1,3,-1,2,3,-1,5,1,-1
MT0001673884,3,4,-1,4,0,-1,2,2,-1
MT0001699798,1,0,-1,5,3,-1,4,0,-1
MT0001710592,2,1,-1,2,2,-1,5,1,-1
MT0001729778,5,1,-1,3,1,-1,4,0,-1
MT0001738256,0,3,-1,2,3,-1,5,3,-1
MT0001741017,5,1,-1,2,2,-1,5,1,-1
MT0001757676,4,2,-1,1,4,-1,1,4,-1
MT0001765726,1,0,-1,1,4,-1,1,4,-1
MT0001766004,0,3,-1,2,2,-1,5,1,-1
MT0001770136,0,3,-1,0,2,-1,0,1,-1
MT0001779167,2,3,-1,0,5,-1,0,5,-1
MT0001795697,4,2,-1,5,3,-1,4,3,-1
MT0001801454,4,2,-1,0,5,-1,0,1,-1
MT0001810607,5,0,-1,5,1,-1,4,3,-1
MT0001829666,5,1,-1,5,1,-1,4,0,-1
MT0001831738,5,1,-1,2,3,-1,5,1,-1
MT0001832838,3,0,-1,5,3,-1,4,0,-1
MT0001835551,2,3,-1,0,5,-1,0,5,-1
MT0001839466,5,1,-1,3,1,-1,3,0,-1
MT0001841416,4,2,-1,1,4,-1,1,4,-1
MT0001852290,4,2,-1,0,5,-1,0,1,-1
MT0001862892,3,1,-1,3,4,-1,3,4,-1
MT0001889075,4,2,-1,2,2,-1,5,3,-1
MT0001889244,5,4,-1,3,4,-1,3,0,-1
MT0001891260,3,1,-1,1,4,-1,1,4,-1
MT0001899447,3,0,-1,1,4,-1,1,4,-1
MT0001899867,4,1,-1,5,3,-1,4,3,-1
MT0001920501,3,4,-1,3,1,-1,3,0,-1
MT0001927015,4,2,-1,3,1,-1,3,0,-1
MT0001927474,1,1,-1,2,3,-1,5,3,-1
MT0001927921,0,0,-1,5,3,-1,4,3,-1
MT0001929641,5,1,-1,3,4,-1,3,4,-1
MT0001934410,4,2,-1,5,3,-1,5,3,-1
MT0001934726,5,1,-1,1,4,-1,1,4,-1
MT0001938929,0,3,-1,1,0,-1,1,2,-1
MT0001942272,1,1,-1,2,3,-1,5,3,-1
MT0001943830,1,0,-1,4,0,-1,2,2,-1
MT0001949173,3,4,-1,1,0,-1,1,2,-1
MT0001954919,5,1,-1,1,4,-1,1,4,-1
MT0001962373,0,3,-1,5,3,-1,4,3,-1
MT0001963447,2,5,-1,0,5,-1,0,5,-1
MT0001967655,1,0,-1,5,1,-1,4,0,-1
MT0001972380,5,1,-1,3,4,-1,3,4,-1
MT0001972829,3,4,-1,3,4,-1,3,4,-1
MT0001974130,2,5,-1,0,5,-1,0,5,-1
MT0001978806,0,3,-1,3,1,-1,3,0,-1
MT0001980613,5,0,-1,5,1,-1,4,0,-1
MT0001988811,3,1,-1,3,1,-1,3,0,-1
MT0001992879,0,3,-1,0,5,-1,0,5,-1
MT0001993588,0,3,-1,2,2,-1,5,1,-1
MT0002006203,3,4,-1,1,4,-1,1,2,-1
MT0002006862,4,2,-1,5,1,-1,4,0,-1
MT0002007417,3,4,-1,4,0,-1,2,2,-1
MT0002014752,3,1,-1,4,0,-1,2,2,-1
MT0002024101,5,3,-1,0,5,-1,0,5,-1
MT0002024741,5,1,-1,5,3,-1,4,3,-1
MT0002034238,5,1,-1,5,1,-1,4,0,-1
MT0002052101,5,4,-1,2,3,-1,5,3,-1
MT0002054074,3,4,-1,4,0,-1,2,2,-1
MT0002057142,1,1,-1,4,0,-1,2,2,-1
MT0002060109,1,0,-1,2,3,-1,5,3,-1
MT0002068648,0,3,-1,0,2,-1,0,1,-1
MT0002078701,0,0,-1,5,1,-1,4,0,-1
MT0002087541,2,1,-1,2,3,-1,5,3,-1
MT0002088249,5,1,-1,5,1,-1,4,0,-1
MT0002099419,4,3,-1,3,1,-1,3,0,-1
MT0002113056,1,4,-1,1,4,-1,1,4,-1
MT0002131125,0,3,-1,0,5,-1,0,1,-1
MT0002132088,1,1,-1,5,1,-1,4,0,-1
MT0002139311,5,1,-1,5,3,-1,4,3,-1
MT0002142155,1,0,-1,4,0,-1,2,2,-1
MT0002169629,2,3,-1,2,2,-1,5,1,-1
MT0002177145,0,3,-1,5,1,-1,4,0,-1
MT0002179342,0,3,-1,2,3,-1,5,3,-1
MT0002193996,4,0,-1,5,1,-1,5,3,-1
MT0002216668,3,4,-1,3,1,-1,3,0,-1
MT0002219182,5,3,-1,3,4,-1,3,4,-1
MT0002222944,2,5,-1,2,3,-1,5,1,-1
MT0002225477,4,3,-1,0,5,-1,0,1,-1
MT0002238737,1,0,-1,3,1,-1,3,0,-1
MT0002239079,4,2,-1,3,4,-1,3,4,-1
MT0002250135,1,0,-1,3,1,-1,3,0,-1
MT0002252353,2,1,-1,0,2,-1,0,1,-1
MT0002272314,0,3,-1,2,2,-1,5,1,-1
MT0002277261,1,1,-1,3,1,-1,3,0,-1
MT0002291660,0,3,-1,5,3,-1,4,0,-1
MT0002294387,5,1,-1,2,2,-1,5,1,-1
MT0002298774,2,5,-1,0,5,-1,0,5,-1
MT0002307435,1,1,-1,3,1,-1,3,0,-1
MT0002316145,0,3,-1,2,2,-1,5,3,-1
MT0002325544,1,1,-1,3,1,-1,3,0,-1
MT0002336535,3,4,-1,1,0,-1,1,2,-1
MT0002337555,0,3,-1,2,2,-1,5,3,-1
MT0002342346,5,3,-1,2,2,-1,5,1,-1
MT0002343207,3,4,-1,1,4,-1,1,4,-1
MT0002347246,4,2,-1,3,1,-1,4,0,-1
MT0002351905,4,2,-1,5,3,-1,5,3,-1
MT0002355423,1,1,-1,1,4,-1,1,4,-1
MT0002359628,1,0,-1,3,1,-1,3,0,-1
MT0002360219,4,2,-1,5,1,-1,4,3,-1
MT0002362108,5,1,-1,5,1,-1,4,3,-1
MT0002366291,3,1,-1,5,1,-1,4,0,-1
MT0002371970,1,0,-1,1,4,-1,1,4,-1
MT0002372242,4,2,-1,2,3,-1,5,1,-1
MT0002379942,2,5,-1,5,1,-1,4,3,-1
MT0002390941,1,4,-1,3,1,-1,3,0,-1
MT0002396250,2,0,-1,2,3,-1,5,3,-1
MT0002397625,5,4,-1,5,3,-1,4,3,-1
MT0002399275,4,2,-1,0,2,-1,0,1,-1
MT0002438908,1,0,-1,1,4,-1,1,4,-1
MT0002460914,4,2,-1,2,2,-1,5,3,-1
MT0002472723,5,1,-1,2,3,-1,5,3,-1
MT0002477987,3,1,-1,4,0,-1,2,2,-1
MT0002479795,2,3,-1,0,2,-1,0,1,-1
MT0002485672,1,1,-1,1,4,-1,1,4,-1
MT0002510318,1,0,-1,5,3,-1,4,3,-1
MT0002515172,1,0,-1,1,0,-1,1,4,-1
MT0002532237,4,2,-1,1,4,-1,1,4,-1
MT0002538335,4,4,-1,5,1,-1,4,0,-1
MT0002541988,3,1,-1,3,4,-1,3,4,-1
MT0002549047,5,3,-1,3,4,-1,3,4,-1
MT0002549944,5,3,-1,2,2,-1,5,1,-1
MT0002580064,4,2,-1,2,3,-1,5,1,-1
MT0002585767,5,1,-1,3,4,-1,3,0,-1
MT0002591418,3,1,-1,3,1,-1,3,0,-1
MT0002595792,5,0,-1,1,4,-1,1,4,-1
MT0002602057,4,2,-1,3,1,-1,3,0,-1
MT0002604697,3,1,-1,2,3,-1,5,3,-1
MT0002619035,1,1,-1,5,3,-1,4,3,-1
MT0002621498,2,5,-1,0,5,-1,0,5,-1
MT0002634024,1,4,-1,3,1,-1,3,0,-1
MT0002638821,5,1,-1,1,4,-1,1,4,-1
MT0002645049,4,2,-1,5,1,-1,4,0,-1
MT0002655864,4,3,-1,5,1,-1,4,0,-1
MT0002659854,1,0,-1,2,3,-1,5,3,-1
MT0002672499,4,1,-1,5,3,-1,4,3,-1
MT0002675791,5,1,-1,5,1,-1,4,0,-1
MT0002698706,4,0,-1,2,2,-1,5,3,-1
MT0002698827,3,0,-1,4,0,-1,2,2,-1
MT0002700026,5,1,-1,0,5,-1,0,5,-1
MT0002701422,2,5,-1,5,3,-1,4,3,-1
MT0002709704,5,3,-1,2,2,-1,5,1,-1
MT0002711792,2,5,-1,0,2,-1,0,1,-1
MT0002714093,1,0,-1,5,3,-1,4,3,-1
MT0002716927,5,3,-1,2,2,-1,5,3,-1
MT0002737189,4,2,-1,2,3,-1,5,3,-1
MT0002739845,0,3,-1,0,2,-1,0,1,-1
MT0002760912,5,1,-1,3,1,-1,3,0,-1
MT0002761408,2,3,-1,0,2,-1,0,1,-1
MT0002762445,5,1,-1,5,3,-1,4,3,-1
MT0002771537,1,1,-1,3,1,-1,3,0,-1
MT0002784741,4,3,-1,5,3,-1,4,3,-1
MT0002803746,1,0,-1,3,1,-1,3,0,-1
MT0002810052,2,5,-1,0,5,-1,0,5,-1
MT0002840704,4,2,-1,3,1,-1,3,4,-1
MT0002842988,0,3,-1,2,3,-1,5,3,-1
MT0002844771,1,1,-1,3,1,-1,3,0,-1
MT0002846256,3,1,-1,3,1,-1,3,0,-1
MT0002858390,4,0,-1,3,1,-1,3,0,-1
MT0002859848,5,1,-1,5,1,-1,4,0,-1
MT0002875103,4,2,-1,2,2,-1,5,1,-1
MT0002889321,2,5,-1,0,5,-1,0,1,-1
MT0002894033,4,2,-1,3,1,-1,3,0,-1
MT0002903697,1,0,-1,3,1,-1,3,0,-1
MT0002905185,3,4,-1,4,0,-1,1,2,-1
MT0002907679,5,1,-1,0,2,-1,0,1,-1
MT0002909109,4,2,-1,5,3,-1,4,3,-1
MT0002915967,5,4,-1,1,4,-1,3,4,-1
MT0002920876,1,0,-1,1,0,-1,1,2,-1
MT0002928993,5,1,-1,5,1,-1,4,0,-1
MT0002939380,0,3,-1,5,1,-1,4,0,-1
MT0002949712,2,5,-1,0,5,-1,0,1,-1
MT0002951872,5,1,-1,0,5,-1,0,1,-1
MT0002954708,2,5,-1,2,2,-1,5,1,-1
MT0002960288,1,1,-1,3,1,-1,3,0,-1
MT0002962258,4,2,-1,0,2,-1,0,1,-1
MT0002969144,1,1,-1,5,1,-1,4,0,-1
MT0002980543,1,0,-1,4,0,-1,2,2,-1
MT0002986568,5,1,-1,5,3,-1,4,3,-1
MT0002999366,4,2,-1,5,1,-1,4,3,-1
MT0003008724,2,5,-1,2,2,-1,5,1,-1
MT0003012633,1,1,-1,1,0,-1,1,4,-1
MT0003019852,5,3,-1,0,5,-1,0,5,-1
MT0003023886,2,5,-1,0,5,-1,0,1,-1
MT0003025046,3,1,-1,5,1,-1,4,0,-1
MT0003025373,5,1,-1,2,2,-1,5,3,-1
MT0003025883,1,1,-1,5,1,-1,4,0,-1
MT0003028265,3,0,-1,3,1,-1,3,0,-1
MT0003037754,1,0,-1,3,1,-1,4,0,-1
MT0003041246,0,3,-1,2,2,-1,5,1,-1
MT0003044417,5,3,-1,2,2,-1,5,1,-1
MT0003081304,4,2,-1,1,4,-1,3,4,-1
MT0003085195,4,3,-1,0,5,-1,0,1,-1
MT0003085925,5,3,-1,5,1,-1,4,0,-1
MT0003094118,4,2,-1,2,3,-1,5,3,-1
MT0003102331,4,2,-1,2,2,-1,5,3,-1
MT0003106472,4,2,-1,2,3,-1,5,3,-1
MT0003109823,5,1,-1,5,1,-1,4,3,-1
MT0003117846,0,3,-1,2,2,-1,0,1,-1
MT0003124476,4,2,-1,5,3,-1,4,3,-1
MT0003131369,5,1,-1,3,1,-1,3,0,-1
MT0003131435,3,4,-1,5,1,-1,4,0,-1
MT0003144898,0,3,-1,2,2,-1,5,1,-1
MT0003146944,3,0,-1,1,0,-1,1,2,-1
MT0003148189,1,0,-1,2,3,-1,5,3,-1
MT0003163405,1,0,-1,5,1,-1,4,0,-1
MT0003175531,5,1,-1,5,3,-1,4,3,-1
MT0003189890,5,3,-1,3,1,-1,3,0,-1
MT0003209662,2,5,-1,2,2,-1,5,1,-1
MT0003213617,3,1,-1,3,1,-1,3,0,-1
MT0003213835,4,3,-1,2,3,-1,5,3,-1
MT0003216840,5,3,-1,2,2,-1,5,1,-1
MT0003224500,0,1,-1,0,5,-1,0,5,-1
MT0003228768,3,4,-1,3,4,-1,3,0,-1
MT0003237550,0,0,-1,5,3,-1,4,3,-1
MT0003246728,0,3,-1,5,3,-1,4,3,-1
MT0003248394,0,0,-1,5,1,-1,4,0,-1
MT0003262589,2,3,-1,2,2,-1,5,1,-1
MT0003263304,4,0,-1,5,1,-1,4,3,-1
MT0003264792,4,2,-1,3,1,-1,3,0,-1
MT0003272904,5,1,-1,2,2,-1,5,3,-1
MT0003274067,5,1,-1,3,4,-1,3,0,-1
MT0003280103,4,0,-1,3,1,-1,3,0,-1
MT0003286463,4,0,-1,5,1,-1,4,0,-1
MT0003287170,1,0,-1,4,0,-1,2,2,-1
MT0003287931,5,1,-1,2,3,-1,5,1,-1
MT0003294608,2,5,-1,0,2,-1,0,1,-1
MT0003300388,1,4,-1,5,1,-1,4,0,-1
MT0003304271,3,4,-1,1,4,-1,1,4,-1
MT0003309945,2,5,-1,5,1,-1,4,0,-1
MT0003315880,4,2,-1,5,3,-1,4,3,-1
MT0003320924,3,4,-1,4,0,-1,2,2,-1
MT0003326925,0,1,-1,0,5,-1,0,1,-1
MT0003328491,5,3,-1,1,4,-1,1,4,-1
MT0003329820,4,3,-1,2,3,-1,5,3,-1
MT0003336370,5,4,-1,1,0,-1,1,4,-1
MT0003336800,0,3,-1,0,2,-1,0,1,-1
MT0003337396,2,3,-1,0,5,-1,0,1,-1
MT0003343422,1,4,-1,3,4,-1,3,0,-1
MT0003345751,2,5,-1,0,2,-1,0,1,-1
MT0003352308,1,1,-1,4,0,-1,2,2,-1
MT0003353602,5,3,-1,2,2,-1,5,1,-1
MT0003353794,5,1,-1,3,1,-1,3,0,-1
MT0003354468,4,0,-1,5,1,-1,4,3,-1
MT0003362542,5,1,-1,2,3,-1,5,3,-1
MT0003362617,3,1,-1,4,0,-1,2,2,-1
MT0003389088,1,3,-1,2,2,-1,5,1,-1
MT0003390733,5,4,-1,3,1,-1,3,0,-1
MT0003402178,1,0,-1,4,0,-1,2,2,-1
MT0003402538,3,1,-1,3,4,-1,3,0,-1
MT0003402994,4,2,-1,2,3,-1,5,1,-1
MT0003420996,1,0,-1,1,4,-1,1,4,-1
MT0003421433,1,1,-1,2,3,-1,5,3,-1
MT0003428477,1,4,-1,4,0,-1,2,2,-1
MT0003435704,3,1,-1,2,2,-1,5,3,-1
MT0003440957,4,1,-1,0,2,-1,0,1,-1
MT0003444822,0,3,-1,2,3,-1,5,3,-1
MT0003462877,0,3,-1,0,2,-1,0,1,-1
MT0003473344,5,1,-1,3,1,-1,3,0,-1
MT0003482336,0,3,-1,2,3,-1,5,3,-1
MT0003496132,0,3,-1,2,2,-1,5,3,-1
MT0003501434,1,4,-1,5,3,-1,4,0,-1
MT0003503243,0,3,-1,0,5,-1,0,1,-1
MT0003504525,4,2,-1,5,1,-1,4,0,-1
MT0003510796,4,2,-1,2,3,-1,5,3,-1
MT0003517837,5,1,-1,5,3,-1,4,3,-1
MT0003536193,5,1,-1,0,5,-1,0,5,-1
MT0003539442,2,5,-1,0,5,-1,0,1,-1
MT0003542756,3,4,-1,4,0,-1,2,2,-1
MT0003570082,5,4,-1,5,1,-1,4,0,-1
MT0003587042,0,3,-1,0,5,-1,0,5,-1
MT0003597979,5,1,-1,5,1,-1,4,3,-1
MT0003603497,4,0,-1,3,1,-1,3,0,-1
MT0003603772,4,2,-1,3,1,-1,3,0,-1
MT0003612742,4,2,-1,0,2,-1,0,1,-1
MT0003617309,5,3,-1,0,5,-1,0,5,-1
MT0003629164,5,1,-1,5,1,-1,4,0,-1
MT0003630870,4,2,-1,3,1,-1,3,0,-1
MT0003649209,4,2,-1,2,3,-1,5,3,-1
MT0003655884,3,4,-1,4,0,-1,2,2,-1
MT0003659365,5,1,-1,0,5,-1,0,5,-1
MT0003663435,4,2,-1,5,1,-1,4,3,-1
MT0003669917,4,2,-1,2,3,-1,5,1,-1
MT0003728288,2,5,-1,0,5,-1,0,1,-1
MT0003729518,1,3,-1,2,2,-1,5,1,-1
MT0003732702,1,1,-1,3,1,-1,3,0,-1
MT0003740052,5,1,-1,3,1,-1,3,0,-1
MT0003748227,4,2,-1,1,4,-1,1,4,-1
MT0003759483,2,3,-1,5,1,-1,4,0,-1
MT0003762220,3,1,-1,3,4,-1,3,4,-1
MT0003762339,2,5,-1,0,5,-1,0,1,-1
MT0003768949,5,1,-1,5,3,-1,5,3,-1
MT0003770678,4,2,-1,5,1,-1,4,0,-1
MT0003774577,4,2,-1,2,2,-1,5,3,-1
MT0003782002,2,3,-1,2,3,-1,5,1,-1
MT0003788939,5,3,-1,0,2,-1,0,1,-1
MT0003791678,4,2,-1,2,3,-1,5,3,-1
MT0003792475,2,3,-1,2,2,-1,5,1,-1
MT0003795778,5,1,-1,2,2,-1,5,1,-1
MT0003796752,3,1,-1,1,4,-1,1,4,-1
MT0003821577,2,5,-1,0,5,-1,0,5,-1
MT0003837569,2,5,-1,0,5,-1,0,5,-1
MT0003859252,4,2,-1,5,3,-1,4,3,-1
MT0003861331,4,2,-1,5,3,-1,4,3,-1
MT0003863509,5,1,-1,5,1,-1,4,0,-1
MT0003868349,1,4,-1,5,1,-1,4,0,-1
MT0003868390,5,0,-1,2,2,-1,5,1,-1
MT0003869539,0,3,-1,5,3,-1,4,0,-1
MT0003878494,2,0,-1,3,1,-1,3,0,-1
MT0003880691,2,3,-1,2,2,-1,5,3,-1
MT0003881997,4,2,-1,5,3,-1,4,3,-1
MT0003898980,1,2,-1,5,1,-1,4,0,-1
MT0003903675,4,2,-1,2,3,-1,5,1,-1
MT0003906833,4,2,-1,5,3,-1,4,3,-1
MT0003907045,5,1,-1,5,1,-1,4,0,-1
MT0003909053,5,1,-1,3,1,-1,4,0,-1
MT0003909575,4,2,-1,1,4,-1,1,4,-1
MT0003922883,5,1,-1,5,3,-1,4,3,-1
MT0003934644,5,1,-1,2,3,-1,5,1,-1
MT0003935299,3,1,-1,1,0,-1,1,2,-1
MT0003965796,4,2,-1,2,3,-1,5,3,-1
MT0003968586,2,5,-1,2,5,-1,5,1,-1
MT0003970870,3,4,-1,1,0,-1,1,2,-1
MT0003974181,3,4,-1,1,0,-1,1,2,-1
MT0003979876,0,3,-1,0,5,-1,0,5,-1
MT0004001989,5,1,-1,2,2,-1,5,1,-1
MT0004012938,2,3,-1,0,2,-1,0,1,-1
MT0004020993,5,1,-1,0,5,-1,0,1,-1
MT0004025604,2,3,-1,2,2,-1,5,1,-1
MT0004028719,1,1,-1,3,1,-1,3,0,-1
MT0004033010,5,1,-1,2,3,-1,5,3,-1
MT0004068560,2,5,-1,0,5,-1,0,5,-1
MT0004072079,0,3,-1,0,5,-1,0,5,-1
MT0004073991,4,2,-1,5,1,-1,4,0,-1
MT0004085907,0,3,-1,2,2,-1,5,1,-1
MT0004087145,5,3,-1,2,3,-1,5,1,-1
MT0004091857,5,1,-1,5,3,-1,4,3,-1
MT0004098601,2,0,-1,3,1,-1,3,0,-1
MT0004113262,0,3,-1,2,3,-1,5,1,-1
MT0004117319,3,4,-1,1,0,-1,1,2,-1
MT0004131260,0,3,-1,0,5,-1,0,1,-1
MT0004137658,2,3,-1,2,3,-1,5,3,-1
MT0004141823,4,2,-1,3,4,-1,3,4,-1
MT0004156130,3,4,-1,1,4,-1,3,4,-1
MT0004180568,5,1,-1,3,1,-1,3,0,-1
MT0004184616,4,4,-1,5,1,-1,4,3,-1
MT0004194402,5,1,-1,3,1,-1,3,0,-1
MT0004197514,4,3,-1,2,3,-1,5,3,-1
MT0004212108,5,1,-1,1,4,-1,3,4,-1
MT0004219321,5,1,-1,1,4,-1,3,4,-1
MT0004232099,3,0,-1,1,4,-1,1,4,-1
MT0004240748,0,3,-1,2,3,-1,5,1,-1
MT0004254228,0,3,-1,0,5,-1,0,5,-1
MT0004256890,3,1,-1,1,4,-1,1,4,-1
MT0004262978,1,1,-1,3,1,-1,3,0,-1
MT0004263301,5,1,-1,5,3,-1,4,3,-1
MT0004287283,4,2,-1,3,4,-1,3,4,-1
MT0004290389,3,0,-1,3,1,-1,4,0,-1
MT0004293364,4,2,-1,5,3,-1,4,3,-1
MT0004306521,5,1,-1,5,3,-1,5,3,-1
MT0004317784,2,2,-1,3,1,-1,3,4,-1
MT0004337195,5,1,-1,3,4,-1,3,0,-1
MT0004338270,4,3,-1,1,4,-1,3,4,-1
MT0004352104,0,0,-1,5,3,-1,4,3,-1
MT0004352726,3,4,-1,3,4,-1,3,4,-1
MT0004362501,5,1,-1,5,3,-1,4,3,-1
MT0004395306,3,1,-1,3,1,-1,3,0,-1
MT0004397754,4,2,-1,3,1,-1,3,0,-1
MT0004400843,5,3,-1,0,2,-1,0,1,-1
MT0004414074,2,5,-1,0,5,-1,0,1,-1
MT0004422924,5,1,-1,2,2,-1,5,3,-1
MT0004425744,3,1,-1,5,3,-1,4,0,-1
MT0004440606,1,0,-1,5,1,-1,4,0,-1
MT0004444570,5,1,-1,3,1,-1,3,0,-1
MT0004447086,0,3,-1,2,3,-1,5,3,-1
MT0004459450,0,3,-1,0,2,-1,0,1,-1
MT0004469135,5,1,-1,5,3,-1,4,3,-1
MT0004476235,4,1,-1,1,0,-1,1,2,-1
MT0004485367,3,1,-1,4,0,-1,2,2,-1
MT0004489039,1,0,-1,4,0,-1,2,2,-1
MT0004497478,2,5,-1,2,3,-1,5,3,-1
MT0004500770,5,1,-1,1,4,-1,1,2,-1
MT0004506984,4,3,-1,3,1,-1,3,0,-1
MT0004511265,0,5,-1,2,2,-1,5,1,-1
MT0004512063,2,5,-1,0,2,-1,0,1,-1
MT0004514306,5,3,-1,0,5,-1,0,5,-1
MT0004525980,1,0,-1,3,1,-1,3,0,-1
MT0004540242,5,2,-1,2,3,-1,5,1,-1
MT0004542745,4,0,-1,3,4,-1,3,0,-1
MT0004548391,4,2,-1,2,3,-1,5,3,-1
MT0004550434,0,3,-1,0,5,-1,0,1,-1
MT0004550458,4,2,-1,1,4,-1,1,4,-1
MT0004551480,4,3,-1,3,1,-1,3,0,-1
MT0004558203,0,3,-1,0,5,-1,0,1,-1
MT0004558461,0,3,-1,0,2,-1,0,1,-1
MT0004588191,5,1,-1,5,3,-1,4,3,-1
MT0004609722,5,1,-1,3,1,-1,3,0,-1
MT0004625127,2,5,-1,0,5,-1,0,5,-1
MT0004645468,0,3,-1,0,5,-1,0,5,-1
MT0004674397,2,0,-1,5,1,-1,4,0,-1
MT0004683099,5,3,-1,0,5,-1,0,1,-1
MT0004692317,5,1,-1,2,3,-1,5,3,-1
MT0004692456,5,1,-1,0,2,-1,0,1,-1
MT0004711079,4,1,-1,3,4,-1,3,4,-1
MT0004725201,1,1,-1,3,4,-1,3,0,-1
MT0004725405,4,2,-1,2,2,-1,5,1,-1
MT0004739956,2,5,-1,0,5,-1,0,1,-1
MT0004754115,5,1,-1,5,1,-1,4,0,-1
MT0004758223,1,1,-1,1,0,-1,1,2,-1
MT0004759588,2,5,-1,0,5,-1,0,5,-1
MT0004772896,3,1,-1,1,4,-1,1,4,-1
MT0004776609,5,1,-1,3,4,-1,3,4,-1
MT0004781165,3,4,-1,4,0,-1,2,2,-1
MT0004798504,2,0,-1,2,2,-1,5,1,-1
MT0004798790,0,3,-1,3,1,-1,3,0,-1
MT0004811602,2,3,-1,0,5,-1,0,5,-1
MT0004816612,1,1,-1,3,1,-1,3,0,-1
MT0004829377,5,1,-1,2,3,-1,5,1,-1
MT0004836526,0,3,-1,2,2,-1,5,1,-1
MT0004840819,3,4,-1,3,1,-1,3,0,-1
MT0004842694,1,0,-1,1,0,-1,1,2,-1
MT0004844832,0,3,-1,0,2,-1,0,3,-1
MT0004850406,4,2,-1,2,3,-1,5,1,-1
MT0004861138,4,2,-1,1,4,-1,3,4,-1
MT0004864453,0,3,-1,2,2,-1,5,1,-1
MT0004866559,3,2,-1,1,1,-1,1,4,-1
MT0004867185,4,3,-1,3,1,-1,3,0,-1
MT0004869271,1,0,-1,1,4,-1,1,4,-1
MT0004872217,4,2,-1,0,2,-1,0,1,-1
MT0004882280,0,3,-1,5,3,-1,5,3,-1
MT0004883551,4,2,-1,5,3,-1,4,3,-1
MT0004890000,5,1,-1,2,3,-1,5,3,-1
MT0004896738,4,2,-1,2,3,-1,5,3,-1
MT0004910983,1,3,-1,3,1,-1,3,0,-1
MT0004925844,1,0,-1,5,1,-1,4,0,-1
MT0004936799,0,1,-1,3,1,-1,3,0,-1
MT0004943985,4,2,-1,3,1,-1,3,0,-1
MT0004948855,0,3,-1,0,5,-1,0,5,-1
MT0004961409,0,3,-1,2,2,-1,5,1,-1
MT0004962647,1,0,-1,3,1,-1,3,0,-1
MT0004963809,3,1,-1,4,0,-1,2,2,-1
MT0004970058,4,2,-1,2,3,-1,5,3,-1
MT0005001966,2,1,-1,3,1,-1,3,0,-1
MT0005023904,3,0,-1,3,1,-1,3,0,-1
MT0005026798,2,3,-1,0,5,-1,0,1,-1
MT0005029328,2,3,-1,2,2,-1,5,1,-1
MT0005030845,4,1,-1,2,3,-1,5,3,-1
MT0005033429,0,3,-1,5,3,-1,4,3,-1
MT0005039941,0,3,-1,2,2,-1,5,3,-1
MT0005072543,1,0,-1,4,0,-1,2,2,-1
MT0005083885,1,0,-1,1,4,-1,1,4,-1
MT0005094727,5,1,-1,5,1,-1,4,0,-1
MT0005111463,5,1,-1,5,1,-1,4,0,-1
MT0005113916,1,3,-1,3,1,-1,3,0,-1
MT0005115042,3,1,-1,3,4,-1,3,4,-1
MT0005118426,3,4,-1,1,4,-1,1,4,-1
MT0005134466,0,1,-1,0,2,-1,0,1,-1
MT0005155949,3,4,-1,3,1,-1,3,0,-1
MT0005157804,2,0,-1,3,1,-1,3,0,-1
MT0005158273,3,1,-1,1,4,-1,1,4,-1
MT0005171537,0,3,-1,2,3,-1,5,3,-1
MT0005189351,5,1,-1,3,4,-1,3,0,-1
MT0005189820,3,3,-1,3,1,-1,3,0,-1
MT0005198745,1,0,-1,1,4,-1,1,4,-1
MT0005202791,2,5,-1,0,5,-1,0,1,-1
MT0005223794,0,3,-1,0,5,-1,0,5,-1
MT0005241287,0,1,-1,3,4,-1,3,4,-1
MT0005241699,5,1,-1,0,5,-1,0,5,-1
MT0005243931,2,0,-1,0,5,-1,0,1,-1
MT0005253065,5,1,-1,3,1,-1,3,0,-1
MT0005262725,1,4,-1,4,0,-1,2,2,-1
MT0005265641,4,2,-1,3,4,-1,3,4,-1
MT0005272837,4,4,-1,1,4,-1,1,4,-1
MT0005285696,1,0,-1,3,1,-1,3,0,-1
MT0005286165,0,3,-1,0,5,-1,0,1,-1
MT0005287506,0,3,-1,2,2,-1,5,1,-1
MT0005294278,3,4,-1,1,4,-1,3,4,-1
MT0005304966,0,3,-1,0,2,-1,0,1,-1
MT0005319891,2,5,-1,0,5,-1,0,5,-1
MT0005330350,1,1,-1,3,1,-1,3,0,-1
MT0005331755,5,1,-1,2,2,-1,5,1,-1
MT0005344437,5,1,-1,3,1,-1,3,0,-1
MT0005379911,2,3,-1,5,1,-1,4,0,-1
MT0005387539,0,3,-1,0,5,-1,0,5,-1
MT0005404111,4,2,-1,5,3,-1,4,3,-1
MT0005404247,3,1,-1,5,3,-1,4,3,-1
MT0005409948,4,3,-1,2,2,-1,5,1,-1
MT0005411969,4,3,-1,2,2,-1,5,1,-1
MT0005417719,4,2,-1,5,3,-1,4,3,-1
MT0005422349,1,0,-1,1,4,-1,1,4,-1
MT0005425879,1,0,-1,4,0,-1,2,2,-1
MT0005426130,4,2,-1,5,3,-1,4,3,-1
MT0005431678,4,2,-1,0,2,-1,0,1,-1
MT0005443513,1,0,-1,1,4,-1,3,4,-1
MT0005451862,2,3,-1,2,3,-1,5,3,-1
MT0005469880,4,1,-1,5,1,-1,4,0,-1
MT0005478759,5,3,-1,0,2,-1,0,1,-1
MT0005486154,1,0,-1,4,0,-1,2,2,-1
MT0005497233,4,2,-1,3,4,-1,3,0,-1
MT0005515169,0,3,-1,0,5,-1,0,5,-1
MT0005519111,1,1,-1,5,1,-1,4,0,-1
MT0005523766,4,2,-1,2,3,-1,5,3,-1
MT0005540023,2,0,-1,3,1,-1,3,0,-1
MT0005540907,4,2,-1,5,3,-1,4,3,-1
MT0005550288,2,5,-1,2,2,-1,5,1,-1
MT0005556630,1,1,-1,3,1,-1,3,0,-1
MT0005567133,2,3,-1,0,2,-1,0,1,-1
MT0005568749,3,1,-1,4,0,-1,2,2,-1
MT0005575348,1,0,-1,3,4,-1,3,4,-1
MT0005592810,5,2,-1,2,2,-1,5,3,-1
MT0005593407,4,1,-1,3,1,-1,3,0,-1
MT0005621435,3,4,-1,1,4,-1,1,4,-1
MT0005625323,4,2,-1,2,3,-1,5,3,-1
MT0005625762,4,2,-1,2,3,-1,5,3,-1
MT0005630273,1,1,-1,3,1,-1,3,0,-1
MT0005638160,2,5,-1,0,5,-1,0,1,-1
MT0005642770,0,3,-1,0,5,-1,0,5,-1
MT0005652563,0,3,-1,0,5,-1,0,1,-1
MT0005655655,5,1,-1,1,4,-1,1,4,-1
MT0005656534,1,0,-1,1,4,-1,1,4,-1
MT0005660001,3,4,-1,4,0,-1,2,2,-1
MT0005666606,4,2,-1,5,3,-1,4,3,-1
MT0005673020,0,3,-1,0,2,-1,0,1,-1
MT0005675358,5,1,-1,2,3,-1,5,3,-1
MT0005695311,3,4,-1,4,0,-1,2,2,-1
MT0005707044,0,3,-1,2,2,-1,5,1,-1
MT0005713768,5,1,-1,2,3,-1,5,3,-1
MT0005715379,5,2,-1,5,3,-1,4,3,-1
MT0005715715,5,0,-1,2,2,-1,5,3,-1
MT0005723257,3,4,-1,4,0,-1,2,2,-1
MT0005725657,5,3,-1,2,3,-1,5,3,-1
MT0005727783,5,2,-1,3,1,-1,3,0,-1
MT0005740567,5,1,-1,1,0,-1,1,4,-1
MT0005751512,0,3,-1,0,2,-1,0,1,-1
MT0005752234,4,2,-1,5,1,-1,4,0,-1
MT0005756784,4,2,-1,5,1,-1,4,0,-1
MT0005760259,0,3,-1,2,3,-1,5,1,-1
MT0005761702,4,1,-1,5,3,-1,4,3,-1
MT0005763004,4,2,-1,5,1,-1,4,0,-1
MT0005774267,0,3,-1,2,3,-1,5,3,-1
MT0005775235,4,0,-1,5,1,-1,4,3,-1
MT0005802574,4,3,-1,3,4,-1,3,0,-1
MT0005804191,3,1,-1,1,1,-1,1,4,-1
MT0005822463,1,2,-1,4,0,-1,2,2,-1
MT0005822671,0,3,-1,2,2,-1,5,1,-1
MT0005826176,0,3,-1,2,3,-1,5,1,-1
MT0005827376,5,1,-1,5,1,-1,4,0,-1
MT0005830128,3,4,-1,3,1,-1,3,0,-1
MT0005850999,3,0,-1,1,4,-1,1,4,-1
MT0005863380,1,0,-1,3,1,-1,4,0,-1
MT0005884980,1,0,-1,3,4,-1,3,0,-1
MT0005912220,3,1,-1,5,1,-1,4,3,-1
MT0005916227,5,1,-1,1,4,-1,1,4,-1
MT0005944471,5,1,-1,2,3,-1,5,3,-1
MT0005951020,4,0,-1,0,5,-1,0,5,-1
MT0005959692,1,0,-1,4,0,-1,2,2,-1
MT0005963165,5,1,-1,5,1,-1,4,0,-1
MT0005974256,0,0,-1,2,3,-1,5,3,-1
MT0006001707,0,3,-1,2,3,-1,5,3,-1
MT0006007936,4,3,-1,0,5,-1,0,1,-1
MT0006022752,3,3,-1,3,1,-1,3,0,-1
MT0006036535,3,4,-1,3,4,-1,3,4,-1
MT0006037085,3,0,-1,3,4,-1,3,0,-1
MT0006039798,5,3,-1,2,3,-1,5,3,-1
MT0006044445,1,0,-1,3,1,-1,3,4,-1
MT0006067841,0,3,-1,2,2,-1,5,1,-1
MT0006078896,2,3,-1,2,2,-1,5,1,-1
MT0006114773,2,5,-1,0,2,-1,0,1,-1
MT0006115121,1,2,-1,2,2,-1,5,3,-1
MT0006129774,1,0,-1,1,4,-1,1,4,-1
MT0006137300,1,0,-1,1,4,-1,1,4,-1
MT0006137372,1,0,-1,1,4,-1,3,4,-1
MT0006157839,0,1,-1,3,1,-1,3,0,-1
MT0006159067,3,4,-1,1,4,-1,1,4,-1
MT0006164654,0,2,-1,5,3,-1,4,0,-1
MT0006169551,2,0,-1,3,4,-1,3,0,-1
MT0006171393,3,0,-1,4,0,-1,2,2,-1
MT0006181559,1,4,-1,1,4,-1,1,4,-1
MT0006188933,4,2,-1,1,0,-1,1,2,-1
MT0006196650,4,2,-1,5,3,-1,4,3,-1
MT0006232679,5,3,-1,2,2,-1,5,1,-1
MT0006256204,0,3,-1,0,5,-1,0,5,-1
MT0006324704,2,1,-1,5,1,-1,4,0,-1
MT0006348382,3,4,-1,5,1,-1,4,0,-1
MT0006356406,0,3,-1,0,5,-1,0,5,-1
MT0006357085,5,3,-1,2,2,-1,5,1,-1
MT0006357849,2,3,-1,2,3,-1,5,3,-1
MT0006365604,0,3,-1,2,2,-1,5,1,-1
MT0006367176,5,3,-1,2,2,-1,5,1,-1
MT0006391732,0,3,-1,0,5,-1,0,1,-1
MT0006397809,5,1,-1,2,2,-1,5,1,-1
MT0006400514,3,0,-1,3,4,-1,3,4,-1
MT0006406298,4,3,-1,5,3,-1,5,3,-1
MT0006409530,2,1,-1,5,3,-1,4,3,-1
MT0006410285,3,3,-1,3,1,-1,3,0,-1
MT0006417602,1,0,-1,3,1,-1,3,4,-1
MT0006421356,3,1,-1,1,4,-1,1,4,-1
MT0006431184,1,0,-1,1,0,-1,1,2,-1
MT0006431807,0,3,-1,2,3,-1,5,1,-1
MT0006434833,0,3,-1,5,3,-1,4,0,-1
MT0006475078,3,1,-1,4,0,-1,2,2,-1
MT0006475970,4,2,-1,3,1,-1,3,4,-1
MT0006484633,2,5,-1,0,5,-1,0,5,-1
MT0006487635,2,5,-1,0,5,-1,0,5,-1
MT0006492385,3,4,-1,4,0,-1,2,2,-1
MT0006497092,2,1,-1,5,1,-1,4,0,-1
MT0006510599,0,3,-1,2,3,-1,5,3,-1
MT0006514225,5,3,-1,2,2,-1,5,1,-1
MT0006522591,1,0,-1,3,4,-1,3,4,-1
MT0006528309,3,1,-1,3,1,-1,4,0,-1
MT0006531857,2,5,-1,0,5,-1,0,5,-1
MT0006536592,5,1,-1,5,3,-1,4,3,-1
MT0006540794,4,2,-1,2,2,-1,5,1,-1
MT0006545202,0,3,-1,0,5,-1,0,1,-1
MT0006552038,2,1,-1,0,2,-1,0,1,-1
MT0006553309,2,0,-1,2,3,-1,5,3,-1
MT0006553914,4,2,-1,0,5,-1,0,1,-1
MT0006559667,2,5,-1,0,5,-1,0,5,-1
MT0006573563,2,5,-1,0,5,-1,0,5,-1
MT0006587635,2,3,-1,0,5,-1,0,5,-1
MT0006587819,3,4,-1,1,4,-1,1,4,-1
MT0006612877,2,3,-1,0,5,-1,0,5,-1
MT0006633147,1,1,-1,3,1,-1,3,0,-1
MT0006635536,1,0,-1,3,1,-1,3,0,-1
MT0006640142,4,2,-1,5,1,-1,4,0,-1
MT0006641042,2,5,-1,0,5,-1,0,1,-1
MT0006654122,2,5,-1,0,2,-1,0,1,-1
MT0006683265,2,5,-1,0,5,-1,0,1,-1
MT0006683875,5,0,-1,5,3,-1,4,3,-1
MT0006695707,2,5,-1,0,5,-1,0,1,-1
MT0006708402,4,3,-1,5,3,-1,4,0,-1
MT0006713730,1,1,-1,1,4,-1,1,4,-1
MT0006723128,0,3,-1,2,2,-1,0,1,-1
MT0006737689,0,3,-1,0,2,-1,0,1,-1
MT0006742179,2,3,-1,2,2,-1,5,1,-1
MT0006746691,5,3,-1,0,5,-1,0,5,-1
MT0006747288,5,1,-1,2,3,-1,5,3,-1
MT0006751087,0,2,-1,0,5,-1,0,5,-1
MT0006761058,5,1,-1,5,1,-1,4,0,-1
MT0006761971,4,2,-1,5,3,-1,5,3,-1
MT0006770955,4,2,-1,2,2,-1,5,1,-1
MT0006771406,4,2,-1,2,3,-1,5,3,-1
MT0006773580,2,5,-1,2,2,-1,5,1,-1
MT0006778622,4,2,-1,2,1,-1,5,3,-1
MT0006784451,0,3,-1,0,5,-1,0,5,-1
MT0006788512,2,3,-1,2,2,-1,5,1,-1
MT0006790347,2,5,-1,2,3,-1,5,3,-1
MT0006795758,4,3,-1,3,1,-1,4,0,-1
MT0006798861,0,3,-1,0,5,-1,0,5,-1
MT0006800841,4,1,-1,5,1,-1,4,0,-1
MT0006806145,0,3,-1,0,2,-1,0,1,-1
MT0006810990,0,3,-1,0,5,-1,0,5,-1
MT0006813360,1,0,-1,1,4,-1,1,4,-1
MT0006832360,2,5,-1,0,5,-1,0,5,-1
MT0006833696,5,0,-1,2,2,-1,5,3,-1
MT0006839715,1,0,-1,2,3,-1,5,3,-1
MT0006843007,5,1,-1,2,2,-1,5,1,-1
MT0006846075,1,5,-1,3,1,-1,3,0,-1
MT0006876450,3,4,-1,4,0,-1,2,2,-1
MT0006877397,5,1,-1,5,1,-1,4,0,-1
MT0006879985,4,2,-1,5,1,-1,4,0,-1
MT0006880936,1,0,-1,5,1,-1,4,0,-1
MT0006919273,3,1,-1,3,4,-1,3,4,-1
MT0006929157,0,3,-1,5,3,-1,4,3,-1
MT0006933170,0,3,-1,2,2,-1,5,1,-1
MT0006937715,5,1,-1,2,3,-1,5,3,-1
MT0006939177,4,2,-1,5,1,-1,4,0,-1
MT0006955716,4,0,-1,2,3,-1,5,1,-1
MT0006983241,4,0,-1,5,1,-1,4,0,-1
MT0006991912,1,0,-1,1,4,-1,1,4,-1
MT0007013069,1,0,-1,3,1,-1,3,0,-1
MT0007037296,0,3,-1,0,5,-1,0,1,-1
MT0007039082,5,1,-1,2,2,-1,5,1,-1
MT0007043504,4,2,-1,3,1,-1,3,0,-1
MT0007051057,3,4,-1,1,0,-1,1,2,-1
MT0007051188,1,1,-1,3,1,-1,3,0,-1
MT0007053424,0,0,-1,2,3,-1,5,3,-1
MT0007057303,4,2,-1,3,1,-1,3,0,-1
MT0007058512,0,3,-1,0,5,-1,0,5,-1
MT0007064420,3,1,-1,1,4,-1,1,4,-1
MT0007067293,5,1,-1,2,3,-1,5,3,-1
MT0007071481,4,4,-1,3,1,-1,3,0,-1
MT0007072992,5,1,-1,3,1,-1,3,0,-1
MT0007074655,0,5,-1,0,5,-1,0,1,-1
MT0007075838,2,0,-1,2,2,-1,5,1,-1
MT0007081433,5,1,-1,3,1,-1,3,4,-1
MT0007087238,1,0,-1,3,1,-1,3,0,-1
MT0007102148,3,0,-1,4,0,-1,2,2,-1
MT0007102997,1,1,-1,3,1,-1,3,0,-1
MT0007106784,5,1,-1,3,1,-1,3,0,-1
MT0007107079,1,0,-1,1,4,-1,1,4,-1
MT0007109938,0,3,-1,0,2,-1,0,1,-1
MT0007113915,3,0,-1,1,1,-1,3,4,-1
MT0007117290,1,0,-1,5,1,-1,4,0,-1
MT0007127869,0,3,-1,2,2,-1,5,3,-1
MT0007132421,4,2,-1,5,3,-1,4,3,-1
MT0007136180,0,3,-1,2,2,-1,5,1,-1
MT0007142175,4,3,-1,2,3,-1,5,1,-1
MT0007147603,4,2,-1,3,1,-1,3,0,-1
MT0007164275,0,3,-1,0,5,-1,0,1,-1
MT0007186714,5,1,-1,1,4,-1,1,4,-1
MT0007190016,0,3,-1,3,1,-1,3,0,-1
MT0007199330,5,3,-1,2,3,-1,5,3,-1
MT0007210245,0,3,-1,2,2,-1,5,3,-1
MT0007267489,5,1,-1,3,1,-1,3,0,-1
MT0007269020,2,5,-1,2,3,-1,5,1,-1
MT0007276457,5,1,-1,0,5,-1,0,5,-1
MT0007280044,5,1,-1,3,1,-1,3,0,-1
MT0007282148,1,1,-1,1,4,-1,1,4,-1
MT0007329488,4,2,-1,2,3,-1,5,3,-1
MT0007337206,4,3,-1,0,5,-1,0,5,-1
MT0007340697,4,3,-1,5,3,-1,4,3,-1
MT0007349422,4,2,-1,5,1,-1,4,0,-1
MT0007350911,5,1,-1,5,1,-1,4,0,-1
MT0007353661,1,0,-1,3,1,-1,3,0,-1
MT0007356476,3,1,-1,1,4,-1,1,4,-1
MT0007379700,4,3,-1,5,3,-1,4,0,-1
MT0007384768,5,1,-1,1,4,-1,1,4,-1
MT0007390015,1,1,-1,3,1,-1,3,0,-1
MT0007393408,1,3,-1,3,1,-1,3,0,-1
MT0007401605,0,3,-1,0,2,-1,0,1,-1
MT0007410187,3,4,-1,1,4,-1,1,4,-1
MT0007412399,4,2,-1,3,1,-1,3,0,-1
MT0007412921,1,3,-1,3,1,-1,3,0,-1
MT0007413949,2,5,-1,0,5,-1,0,1,-1
MT0007419064,4,2,-1,0,2,-1,0,1,-1
MT0007423667,2,3,-1,0,5,-1,0,5,-1
MT0007433643,1,0,-1,3,1,-1,3,0,-1
MT0007438571,5,3,-1,0,2,-1,0,1,-1
MT0007442223,2,3,-1,0,5,-1,0,5,-1
MT0007453719,3,4,-1,3,4,-1,3,4,-1
MT0007477802,2,3,-1,2,3,-1,5,3,-1
MT0007493575,4,0,-1,3,4,-1,3,0,-1
MT0007508173,1,0,-1,3,4,-1,3,4,-1
MT0007522436,4,2,-1,2,3,-1,5,1,-1
MT0007525777,3,1,-1,1,4,-1,1,4,-1
MT0007556029,3,4,-1,1,0,-1,1,2,-1
MT0007602902,2,3,-1,0,5,-1,0,5,-1
MT0007607008,4,4,-1,2,3,-1,5,1,-1
MT0007627521,2,5,-1,0,5,-1,0,5,-1
MT0007644103,5,1,-1,3,1,-1,3,0,-1
MT0007645808,4,2,-1,0,5,-1,0,1,-1
MT0007659703,0,3,-1,0,5,-1,0,5,-1
MT0007663424,0,3,-1,0,5,-1,0,5,-1
MT0007696006,2,5,-1,0,5,-1,0,5,-1
MT0007728545,3,4,-1,5,3,-1,4,3,-1
MT0007730975,5,1,-1,3,1,-1,4,0,-1
MT0007757097,4,2,-1,2,2,-1,5,1,-1
MT0007766156,5,1,-1,5,1,-1,4,0,-1
MT0007780282,0,3,-1,2,2,-1,5,3,-1
MT0007780572,2,3,-1,0,2,-1,0,1,-1
MT0007795217,0,3,-1,2,2,-1,5,1,-1
MT0007797719,3,4,-1,4,0,-1,2,2,-1
MT0007805279,4,2,-1,5,1,-1,4,3,-1
MT0007806202,0,3,-1,0,5,-1,0,5,-1
MT0007818252,2,5,-1,0,2,-1,0,1,-1
MT0007825188,5,1,-1,0,5,-1,0,5,-1
MT0007828167,1,0,-1,5,1,-1,4,0,-1
MT0007832902,5,3,-1,0,2,-1,0,1,-1
MT0007859380,4,2,-1,5,1,-1,4,0,-1
MT0007860263,3,4,-1,1,4,-1,1,4,-1
MT0007866540,4,2,-1,2,2,-1,5,1,-1
MT0007868583,4,3,-1,5,1,-1,4,3,-1
MT0007886392,4,2,-1,3,4,-1,3,0,-1
MT0007906518,2,3,-1,2,3,-1,5,1,-1
MT0007912800,3,4,-1,5,3,-1,4,3,-1
MT0007924549,0,3,-1,2,3,-1,5,3,-1
MT0007926918,2,3,-1,0,2,-1,0,1,-1
MT0007934529,0,3,-1,0,5,-1,0,5,-1
MT0007939281,2,3,-1,2,3,-1,5,3,-1
MT0007959122,0,3,-1,0,2,-1,0,1,-1
MT0007961100,2,3,-1,0,5,-1,0,5,-1
MT0007983016,0,0,-1,5,3,-1,4,3,-1
MT0007991638,2,5,-1,2,2,-1,5,1,-1
MT0007999856,0,3,-1,0,5,-1,0,5,-1
MT0008022729,0,3,-1,5,3,-1,4,0,-1
MT0008029439,4,2,-1,1,0,-1,1,4,-1
MT0008045785,0,5,-1,0,2,-1,0,1,-1
MT0008046899,4,1,-1,5,1,-1,4,0,-1
MT0008077878,4,2,-1,2,2,-1,5,3,-1
MT0008084656,0,3,-1,2,2,-1,5,1,-1
MT0008105399,1,0,-1,5,1,-1,4,0,-1
MT0008113039,5,1,-1,2,3,-1,5,3,-1
MT0008120072,4,2,-1,1,0,-1,1,2,-1
MT0008130158,0,1,-1,0,5,-1,0,1,-1
MT0008131425,4,1,-1,3,1,-1,3,0,-1
MT0008138963,3,1,-1,3,4,-1,3,4,-1
MT0008147388,2,5,-1,0,5,-1,0,5,-1
MT0008149831,2,5,-1,2,3,-1,5,1,-1
MT0008154135,2,0,-1,3,1,-1,3,0,-1
MT0008166431,4,2,-1,2,2,-1,5,1,-1
MT0008184180,0,3,-1,5,3,-1,4,3,-1
MT0008211502,5,3,-1,0,5,-1,0,5,-1
MT0008236217,5,3,-1,5,1,-1,4,0,-1
MT0008236389,5,1,-1,5,1,-1,4,0,-1
MT0008237717,5,1,-1,2,2,-1,5,1,-1
MT0008241153,3,2,-1,1,0,-1,1,2,-1
MT0008276763,5,0,-1,2,2,-1,5,1,-1
MT0008279825,5,1,-1,2,3,-1,5,3,-1
MT0008296972,1,0,-1,1,0,-1,1,2,-1
MT0008307409,1,0,-1,5,1,-1,4,0,-1
MT0008307905,0,3,-1,2,3,-1,5,1,-1
MT0008308461,5,4,-1,3,1,-1,3,0,-1
MT0008313843,5,1,-1,2,3,-1,5,3,-1
MT0008327012,3,1,-1,3,1,-1,3,0,-1
MT0008345160,4,2,-1,0,2,-1,0,1,-1
MT0008347586,4,3,-1,2,2,-1,5,1,-1
MT0008350331,0,3,-1,2,3,-1,5,1,-1
MT0008352590,3,4,-1,3,4,-1,3,4,-1
MT0008361425,4,2,-1,5,3,-1,5,3,-1
MT0008363189,5,1,-1,5,1,-1,4,0,-1
MT0008363839,5,0,-1,3,1,-1,3,0,-1
MT0008368311,3,0,-1,1,4,-1,1,4,-1
MT0008371251,1,4,-1,3,4,-1,3,4,-1
MT0008385501,2,5,-1,2,2,-1,5,1,-1
MT0008386252,2,3,-1,0,5,-1,0,5,-1
MT0008394478,5,1,-1,2,3,-1,5,3,-1
MT0008401073,4,2,-1,2,2,-1,5,3,-1
MT0008408635,1,0,-1,1,4,-1,1,4,-1
MT0008421113,2,1,-1,0,5,-1,0,1,-1
MT0008421900,1,0,-1,1,0,-1,1,2,-1
MT0008425062,0,3,-1,5,1,-1,4,0,-1
MT0008425616,2,5,-1,0,5,-1,0,5,-1
MT0008428932,1,0,-1,1,4,-1,1,4,-1
MT0008431795,5,1,-1,5,3,-1,4,3,-1
MT0008493270,1,4,-1,4,0,-1,2,2,-1
MT0008497871,0,3,-1,2,3,-1,5,3,-1
MT0008499614,2,5,-1,2,3,-1,5,1,-1
MT0008511909,4,3,-1,5,3,-1,4,3,-1
MT0008515901,4,4,-1,1,4,-1,1,4,-1
MT0008530072,2,5,-1,0,2,-1,0,1,-1
MT0008530652,3,4,-1,4,0,-1,2,2,-1
MT0008537015,5,1,-1,1,0,-1,1,4,-1
MT0008548050,3,1,-1,3,1,-1,3,0,-1
MT0008554680,0,3,-1,5,1,-1,4,0,-1
MT0008565530,0,3,-1,0,5,-1,0,5,-1
MT0008570712,4,2,-1,2,2,-1,5,1,-1
MT0008573252,0,3,-1,0,2,-1,0,1,-1
MT0008578405,2,5,-1,2,3,-1,5,1,-1
MT0008596505,4,0,-1,5,1,-1,4,0,-1
MT0008596537,0,3,-1,2,2,-1,5,1,-1
MT0008602863,4,2,-1,0,5,-1,0,5,-1
MT0008604277,1,0,-1,1,0,-1,1,2,-1
MT0008632122,1,3,-1,5,1,-1,4,0,-1
MT0008635124,2,3,-1,0,5,-1,0,5,-1
MT0008636271,2,1,-1,2,3,-1,5,3,-1
MT0008641724,4,2,-1,2,3,-1,5,3,-1
MT0008649724,2,5,-1,2,2,-1,5,1,-1
MT0008652185,2,5,-1,0,5,-1,0,5,-1
MT0008672387,0,3,-1,0,5,-1,0,5,-1
MT0008673460,1,1,-1,5,1,-1,4,0,-1
MT0008684978,5,1,-1,5,1,-1,4,0,-1
MT0008690776,5,1,-1,2,2,-1,5,1,-1
MT0008709705,3,1,-1,3,4,-1,3,0,-1
MT0008734186,2,5,-1,2,2,-1,5,3,-1
MT0008734289,2,5,-1,0,2,-1,0,1,-1
MT0008740787,1,0,-1,3,1,-1,3,0,-1
MT0008750426,4,0,-1,3,1,-1,3,0,-1
MT0008776764,0,3,-1,2,2,-1,5,1,-1
MT0008790106,0,2,-1,5,1,-1,4,0,-1
MT0008790360,2,5,-1,0,5,-1,0,1,-1
MT0008791082,2,5,-1,0,5,-1,0,5,-1
MT0008794071,1,0,-1,3,1,-1,3,0,-1
MT0008800327,2,3,-1,2,2,-1,5,1,-1
MT0008806305,2,5,-1,0,5,-1,0,1,-1
MT0008813307,5,3,-1,5,1,-1,4,0,-1
MT0008813309,5,1,-1,0,5,-1,0,5,-1
MT0008819987,3,0,-1,1,4,-1,1,4,-1
MT0008863436,2,5,-1,2,3,-1,5,3,-1
MT0008869963,1,0,-1,3,4,-1,3,4,-1
MT0008882630,0,3,-1,2,2,-1,5,1,-1
MT0008883788,3,4,-1,3,1,-1,3,0,-1
MT0008891523,5,1,-1,2,3,-1,5,3,-1
MT0008899266,3,4,-1,4,0,-1,2,2,-1
MT0008905908,5,1,-1,5,1,-1,4,0,-1
MT0008953247,1,0,-1,1,0,-1,1,2,-1
MT0008960612,1,0,-1,3,4,-1,3,0,-1
MT0008963540,1,1,-1,5,1,-1,4,0,-1
MT0008966305,4,4,-1,5,3,-1,4,3,-1
MT0008969183,0,3,-1,2,2,-1,5,1,-1
MT0008972801,4,1,-1,5,3,-1,5,3,-1
MT0008999728,2,5,-1,0,5,-1,0,5,-1
MT0008999898,1,0,-1,4,0,-1,2,2,-1
MT0009005900,4,1,-1,3,4,-1,3,4,-1
MT0009008051,1,3,-1,5,1,-1,4,0,-1
MT0009010830,5,3,-1,5,1,-1,4,0,-1
MT0009025287,2,5,-1,3,1,-1,3,0,-1
MT0009025845,1,0,-1,0,2,-1,0,1,-1
MT0009041370,0,3,-1,2,2,-1,5,3,-1
MT0009041848,4,2,-1,0,5,-1,0,5,-1
MT0009054976,2,0,-1,5,1,-1,4,0,-1
MT0009075362,3,4,-1,3,1,-1,3,0,-1
MT0009112823,4,0,-1,3,4,-1,3,4,-1
MT0009117202,4,2,-1,2,3,-1,5,1,-1
MT0009123251,2,5,-1,0,5,-1,0,1,-1
MT0009153900,5,1,-1,5,3,-1,4,3,-1
MT0009164591,3,0,-1,3,1,-1,3,0,-1
MT0009164605,4,1,-1,5,1,-1,4,0,-1
MT0009165729,0,3,-1,0,5,-1,0,1,-1
MT0009169626,5,1,-1,5,3,-1,4,3,-1
MT0009172291,0,3,-1,0,5,-1,0,1,-1
MT0009174874,0,3,-1,2,2,-1,5,3,-1
MT0009188643,5,1,-1,0,5,-1,0,5,-1
MT0009206381,5,1,-1,5,1,-1,4,0,-1
MT0009208842,4,2,-1,2,3,-1,5,1,-1
MT0009213083,4,2,-1,3,1,-1,3,0,-1
MT0009217411,4,2,-1,5,3,-1,4,3,-1
MT0009220462,5,1,-1,3,4,-1,3,4,-1
MT0009233872,5,3,-1,5,3,-1,4,3,-1
MT0009239443,0,3,-1,0,2,-1,0,1,-1
MT0009246394,3,0,-1,3,4,-1,3,0,-1
MT0009253379,4,2,-1,0,2,-1,0,1,-1
MT0009263768,5,1,-1,5,1,-1,4,0,-1
MT0009278329,4,1,-1,5,1,-1,4,0,-1
MT0009300582,1,4,-1,2,3,-1,5,1,-1
MT0009311775,0,3,-1,0,5,-1,0,1,-1
MT0009312856,4,2,-1,3,1,-1,3,0,-1
MT0009319587,2,5,-1,0,5,-1,0,5,-1
MT0009320357,0,3,-1,2,2,-1,5,3,-1
MT0009321428,5,3,-1,2,3,-1,5,3,-1
MT0009346128,4,2,-1,1,4,-1,1,4,-1
MT0009348908,0,3,-1,5,1,-1,4,3,-1
MT0009360971,0,2,-1,0,5,-1,0,5,-1
MT0009368615,5,1,-1,3,1,-1,3,0,-1
MT0009375581,1,0,-1,1,4,-1,1,4,-1
MT0009378909,4,0,-1,2,3,-1,5,3,-1
MT0009385684,1,0,-1,5,1,-1,4,3,-1
MT0009390091,4,2,-1,2,2,-1,5,1,-1
MT0009400121,4,2,-1,5,3,-1,4,3,-1
MT0009418269,0,3,-1,0,5,-1,0,1,-1
MT0009425259,0,3,-1,0,5,-1,0,5,-1
MT0009430339,0,3,-1,0,2,-1,0,1,-1
MT0009464817,3,4,-1,1,4,-1,1,4,-1
MT0009469599,1,0,-1,3,1,-1,4,0,-1
MT0009495280,3,4,-1,4,0,-1,2,2,-1
MT0009495283,1,1,-1,3,4,-1,3,4,-1
MT0009495284,3,1,-1,4,0,-1,2,2,-1
MT0009495285,3,0,-1,3,4,-1,3,4,-1
MT0009521580,5,4,-1,5,3,-1,4,3,-1
MT0009577134,5,3,-1,2,3,-1,5,3,-1
MT0009619048,3,1,-1,2,2,-1,5,1,-1
MT0009631750,2,3,-1,2,2,-1,5,1,-1
MT0009635389,2,3,-1,0,5,-1,0,1,-1
MT0009635394,2,5,-1,2,3,-1,5,3,-1
MT0009635397,2,3,-1,0,2,-1,0,1,-1
MT0009693151,1,0,-1,3,1,-1,3,0,-1
MT0009740290,4,2,-1,5,3,-1,4,3,-1
MT0009741521,1,0,-1,3,4,-1,3,4,-1
MT0009741760,1,0,-1,4,0,-1,2,2,-1
MT0009741774,4,0,-1,5,1,-1,4,3,-1
MT0009781899,5,1,-1,1,4,-1,1,2,-1
MT0009795009,1,0,-1,1,4,-1,1,4,-1
MT0009868354,1,0,-1,1,4,-1,1,4,-1
MT0009872131,4,2,-1,2,3,-1,5,3,-1
MT0009904717,5,1,-1,0,5,-1,0,1,-1
MT0009908994,2,5,-1,2,3,-1,5,3,-1
MT0009968194,4,2,-1,3,1,-1,3,0,-1
MT0009996318,3,1,-1,3,4,-1,3,4,-1
MT0010007878,1,0,-1,1,4,-1,1,4,-1
MT0010007881,1,0,-1,1,4,-1,3,4,-1
MT0010007882,1,0,-1,1,4,-1,1,4,-1
MT0010049476,5,1,-1,2,3,-1,5,3,-1
MT0010054305,5,1,-1,5,3,-1,4,3,-1
MT0010065680,4,1,-1,0,5,-1,0,1,-1
MT0010065686,4,2,-1,5,3,-1,5,3,-1
MT0010083757,3,1,-1,3,4,-1,3,4,-1
MT0010085729,4,4,-1,0,2,-1,0,1,-1
MT0010100277,5,1,-1,2,2,-1,5,3,-1
MT0010100278,3,1,-1,1,4,-1,1,4,-1
MT0010100279,5,1,-1,5,1,-1,4,0,-1
MT0010100283,1,1,-1,1,4,-1,1,4,-1
MT0010100285,0,3,-1,3,1,-1,3,0,-1
MT0010100333,4,3,-1,2,3,-1,5,3,-1
MT0010100428,1,1,-1,3,1,-1,3,4,-1
MT0010169019,4,2,-1,2,2,-1,5,1,-1
MT0010203716,2,5,-1,5,3,-1,4,0,-1
MT0010236541,5,1,-1,2,3,-1,5,3,-1
MT0010257371,5,1,-1,0,5,-1,0,5,-1
MT0010261584,1,0,-1,3,1,-1,3,0,-1
MT0010261588,5,1,-1,3,4,-1,3,4,-1
MT0010278984,3,4,-1,2,3,-1,5,3,-1
MT0010290775,5,3,-1,5,3,-1,4,0,-1
MT0010290785,2,0,-1,5,1,-1,4,0,-1
MT0010290788,1,0,-1,1,4,-1,1,4,-1
MT0010305995,1,0,-1,1,4,-1,1,4,-1
MT0010310891,2,5,-1,0,5,-1,0,5,-1
MT0010310894,2,3,-1,5,3,-1,4,0,-1
MT0010310896,0,5,-1,0,5,-1,0,1,-1
MT0010310897,2,5,-1,0,5,-1,0,5,-1
MT0010310898,2,5,-1,0,5,-1,0,1,-1
MT0010310899,0,3,-1,0,5,-1,0,1,-1
MT0010344415,4,2,-1,0,5,-1,0,1,-1
MT0010346228,4,2,-1,0,5,-1,0,1,-1
MT0010363782,3,3,-1,1,4,-1,3,4,-1
MT0010368848,4,3,-1,2,3,-1,5,3,-1
MT0010369823,0,3,-1,0,2,-1,0,1,-1
MT0010375510,4,4,-1,5,1,-1,4,0,-1
MT0010379209,1,3,-1,2,3,-1,5,1,-1
MT0010392442,1,1,-1,3,4,-1,3,4,-1
MT0010394619,1,2,-1,3,1,-1,3,0,-1
MT0010405928,2,3,-1,2,3,-1,5,1,-1
MT0010444469,4,1,-1,2,3,-1,5,3,-1
MT0010468178,3,1,-1,5,1,-1,4,0,-1
MT0010477194,2,3,-1,2,3,-1,5,3,-1
MT0010480965,2,5,-1,2,2,-1,5,1,-1
MT0010481194,0,3,-1,3,1,-1,3,0,-1
MT0010482550,4,2,-1,5,1,-1,4,0,-1
MT0010485559,0,3,-1,2,2,-1,5,1,-1
MT0010487366,2,5,-1,2,3,-1,5,3,-1
MT0010487702,2,5,-1,0,5,-1,0,1,-1
MT0010502078,4,2,-1,2,3,-1,5,3,-1
MT0010506192,3,4,-1,3,4,-1,3,4,-1
MT0010510852,5,1,-1,5,1,-1,4,0,-1
MT0010512527,1,0,-1,1,4,-1,1,4,-1
MT0010524453,0,3,-1,5,3,-1,4,0,-1
MT0010526041,2,5,-1,0,5,-1,0,1,-1
MT0010534904,1,2,-1,1,4,-1,1,4,-1
MT0010545132,1,2,-1,4,0,-1,2,2,-1
MT0010548963,5,1,-1,5,1,-1,4,0,-1
MT0010551970,1,1,-1,1,0,-1,1,4,-1
MT0010552303,5,1,-1,5,1,-1,4,3,-1
MT0010554620,2,0,-1,5,3,-1,4,3,-1
MT0010574326,4,2,-1,3,1,-1,3,0,-1
MT0010582452,3,1,-1,3,1,-1,3,0,-1
MT0010611876,5,1,-1,3,1,-1,3,0,-1
MT0010612023,4,2,-1,2,3,-1,5,1,-1
MT0010615428,4,0,-1,5,3,-1,4,0,-1
MT0010616215,4,2,-1,2,2,-1,5,1,-1
MT0010617945,4,3,-1,5,3,-1,4,0,-1
MT0010620026,4,2,-1,3,1,-1,3,0,-1
MT0010623104,4,2,-1,0,2,-1,0,1,-1
MT0010624346,4,2,-1,5,3,-1,5,3,-1
MT0010630017,3,3,-1,5,1,-1,4,3,-1
MT0010670378,1,0,-1,3,1,-1,3,0,-1
MT0010674530,5,4,-1,2,3,-1,5,3,-1
MT0010674859,1,1,-1,1,4,-1,1,4,-1
MT0010676114,0,0,-1,2,3,-1,5,3,-1
MT0010687397,2,3,-1,0,5,-1,0,1,-1
MT0010695865,1,1,-1,5,3,-1,4,0,-1
MT0010702898,3,4,-1,1,4,-1,1,4,-1
MT0010705334,5,1,-1,5,1,-1,4,0,-1
MT0010706869,5,1,-1,3,4,-1,3,4,-1
MT0010710874,3,2,-1,1,4,-1,1,4,-1
MT0010715611,4,2,-1,5,3,-1,4,0,-1
MT0010723658,5,0,-1,5,3,-1,4,3,-1
MT0010723756,1,0,-1,4,0,-1,2,2,-1
MT0010736208,4,4,-1,5,3,-1,4,3,-1
MT0010736281,5,1,-1,5,1,-1,4,0,-1
MT0010739708,1,0,-1,1,4,-1,1,4,-1
MT0010741386,3,4,-1,1,4,-1,1,4,-1
MT0010751134,3,1,-1,5,1,-1,4,0,-1
MT0010753520,5,1,-1,3,1,-1,3,0,-1
MT0010754290,3,1,-1,3,1,-1,3,0,-1
MT0010755212,5,1,-1,5,3,-1,4,0,-1
MT0010777106,4,0,-1,5,3,-1,5,3,-1
MT0010815151,3,4,-1,4,0,-1,2,2,-1
MT0010823031,3,4,-1,3,4,-1,3,4,-1
MT0010849747,0,3,-1,2,3,-1,5,1,-1
MT0010850805,1,1,-1,3,4,-1,3,0,-1
MT0010857270,0,3,-1,0,5,-1,0,1,-1
MT0010862394,3,4,-1,4,0,-1,2,2,-1
MT0010883435,4,1,-1,5,3,-1,5,3,-1
MT0010894865,2,5,-1,2,3,-1,5,3,-1
MT0010897525,0,3,-1,2,3,-1,5,3,-1
MT0010902792,5,4,-1,2,3,-1,5,3,-1
MT0010922381,0,3,-1,3,4,-1,3,4,-1
MT0010956902,1,0,-1,5,1,-1,4,0,-1
MT0010967419,3,0,-1,1,4,-1,1,4,-1
MT0010978213,0,3,-1,2,2,-1,5,1,-1
MT0010980499,1,0,-1,5,1,-1,4,0,-1
MT0010983830,1,0,-1,5,1,-1,4,0,-1
MT0011069243,1,1,-1,5,3,-1,4,3,-1
MT0011083648,2,5,-1,2,3,-1,5,3,-1
MT0011095825,1,0,-1,4,0,-1,2,4,-1
MT0011145388,4,2,-1,5,1,-1,4,0,-1
MT0011162069,3,4,-1,3,4,-1,3,4,-1
MT0011204639,5,0,-1,0,2,-1,0,1,-1
MT0011252708,4,2,-1,2,2,-1,5,1,-1
MT0011292112,4,0,-1,1,4,-1,1,4,-1
MT0011302120,3,1,-1,1,0,-1,1,2,-1
MT0011308097,1,1,-1,5,1,-1,4,0,-1
MT0011322528,2,5,-1,0,2,-1,0,1,-1
MT0011332604,5,3,-1,5,1,-1,4,0,-1
MT0011342337,3,1,-1,5,1,-1,4,3,-1
MT0011348776,4,2,-1,5,3,-1,4,3,-1
MT0011353873,2,3,-1,2,3,-1,5,3,-1
MT0011358600,4,4,-1,1,4,-1,1,4,-1
MT0011361934,0,3,-1,2,2,-1,5,3,-1
MT0011369407,0,3,-1,0,5,-1,0,1,-1
MT0011374266,4,3,-1,0,5,-1,0,5,-1
MT0011374342,4,3,-1,5,1,-1,4,3,-1
MT0011376343,0,3,-1,5,3,-1,4,3,-1
MT0011378875,0,3,-1,0,5,-1,0,5,-1
MT0011387901,4,2,-1,2,3,-1,5,3,-1
MT0011391187,3,4,-1,3,1,-1,3,0,-1
MT0011391356,4,2,-1,3,4,-1,3,0,-1
MT0011395375,1,0,-1,1,4,-1,1,4,-1
MT0011398970,1,1,-1,1,0,-1,1,2,-1
MT0011403548,1,0,-1,4,0,-1,2,2,-1
MT0011411969,0,3,-1,2,3,-1,5,3,-1
MT0011426003,4,2,-1,2,3,-1,5,3,-1
MT0011448773,4,2,-1,5,3,-1,4,3,-1
MT0011451296,1,0,-1,1,4,-1,1,4,-1
MT0011487003,5,1,-1,5,1,-1,4,3,-1
MT0011503204,4,1,-1,5,3,-1,4,3,-1
MT0011510700,5,1,-1,2,3,-1,5,3,-1
MT0011558921,4,0,-1,3,1,-1,3,0,-1
MT0011594970,3,4,-1,1,4,-1,1,4,-1
MT0011650689,5,1,-1,1,4,-1,1,2,-1
MT0011659985,3,4,-1,4,0,-1,2,2,-1
MT0011677264,0,3,-1,2,3,-1,5,3,-1
MT0011707340,0,3,-1,5,3,-1,4,3,-1
MT0011711878,3,1,-1,1,4,-1,1,4,-1
MT0011712337,2,3,-1,0,2,-1,0,1,-1
MT0011716005,5,1,-1,2,3,-1,5,3,-1
MT0011739779,5,1,-1,3,1,-1,4,0,-1
MT0011741035,5,3,-1,1,4,-1,1,4,-1
MT0011767762,5,1,-1,5,3,-1,4,3,-1
MT0011772341,5,1,-1,3,4,-1,3,4,-1
MT0011776369,4,1,-1,3,4,-1,3,0,-1
MT0011800641,1,1,-1,3,1,-1,3,0,-1
MT0011808566,0,2,-1,2,2,-1,5,3,-1
MT0011809659,5,1,-1,1,4,-1,3,4,-1
MT0011818239,5,1,-1,5,1,-1,4,0,-1
MT0011821215,5,1,-1,5,1,-1,4,0,-1
MT0011827018,0,0,-1,5,3,-1,4,3,-1
MT0011842354,1,1,-1,3,4,-1,3,0,-1
MT0011847514,5,1,-1,0,2,-1,0,1,-1
MT0011861922,5,1,-1,5,3,-1,4,3,-1
MT0011862487,1,4,-1,3,1,-1,3,4,-1
MT0011869625,4,3,-1,5,3,-1,4,0,-1
MT0011870505,1,4,-1,4,0,-1,2,2,-1
MT0011878109,5,1,-1,3,1,-1,3,4,-1
MT0011879943,0,3,-1,2,2,-1,5,1,-1
MT0011881944,5,1,-1,2,2,-1,5,1,-1
MT0011886864,3,4,-1,3,4,-1,3,4,-1
MT0011894681,3,4,-1,4,0,-1,2,2,-1
MT0011895910,4,3,-1,5,1,-1,4,0,-1
MT0011896804,1,2,-1,5,1,-1,4,0,-1
MT0011908274,1,0,-1,1,4,-1,3,4,-1
MT0011909571,4,1,-1,5,1,-1,4,0,-1
MT0011910522,3,4,-1,1,4,-1,1,4,-1
MT0011914836,5,1,-1,3,1,-1,3,0,-1
MT0011916674,4,2,-1,3,1,-1,3,0,-1
MT0011920419,4,2,-1,3,4,-1,3,4,-1
MT0011921060,2,3,-1,2,3,-1,5,3,-1
MT0011922905,1,1,-1,5,1,-1,4,3,-1
MT0011924283,3,4,-1,3,1,-1,3,0,-1
MT0011924316,0,3,-1,1,4,-1,1,4,-1
MT0011924930,4,0,-1,3,1,-1,3,0,-1
MT0011928183,5,1,-1,3,1,-1,3,0,-1
MT0011929096,1,0,-1,3,1,-1,3,0,-1
MT0011933875,5,1,-1,5,1,-1,4,0,-1
MT0011937155,2,3,-1,2,2,-1,5,3,-1
MT0011937271,1,0,-1,4,0,-1,2,2,-1
MT0011940781,2,3,-1,5,3,-1,4,3,-1
MT0011943335,2,3,-1,2,2,-1,5,1,-1
MT0011943549,4,2,-1,3,1,-1,4,0,-1
MT0011944405,0,3,-1,2,3,-1,5,3,-1
MT0011945841,0,3,-1,5,3,-1,4,3,-1
MT0011950450,1,0,-1,1,4,-1,1,4,-1
MT0011957429,5,1,-1,5,1,-1,4,3,-1
MT0011959819,2,5,-1,0,5,-1,0,1,-1
MT0011961925,5,1,-1,5,1,-1,4,0,-1
MT0011963777,2,5,-1,0,5,-1,0,1,-1
MT0011975274,4,2,-1,2,2,-1,5,1,-1
MT0011982393,1,1,-1,3,1,-1,3,0,-1
MT0011991382,2,1,-1,2,2,-1,5,1,-1
MT0011999773,5,1,-1,0,2,-1,0,1,-1
MT0012000832,1,0,-1,3,1,-1,3,0,-1
MT0012001409,4,2,-1,3,1,-1,3,0,-1
MT0012001684,5,1,-1,5,1,-1,4,3,-1
MT0012004909,4,2,-1,3,1,-1,3,0,-1
MT0012004929,5,1,-1,5,3,-1,4,3,-1
MT0012005920,5,1,-1,5,1,-1,4,0,-1
MT0012009054,2,3,-1,2,3,-1,5,1,-1
MT0012011991,3,4,-1,5,3,-1,4,0,-1
MT0012013969,3,1,-1,1,4,-1,1,4,-1
MT0012014382,0,3,-1,0,5,-1,0,1,-1
MT0012016955,4,4,-1,2,3,-1,5,3,-1
MT0012017035,1,0,-1,4,0,-1,2,2,-1
MT0012023721,4,2,-1,2,2,-1,5,1,-1
MT0012028572,4,3,-1,5,3,-1,4,0,-1
MT0012030545,4,2,-1,2,3,-1,5,3,-1
MT0012030591,5,1,-1,3,1,-1,3,0,-1
MT0012030863,4,2,-1,3,1,-1,3,0,-1
MT0012031327,4,2,-1,5,1,-1,4,0,-1
MT0012033786,4,2,-1,5,3,-1,4,3,-1
MT0012034242,1,0,-1,5,1,-1,4,0,-1
MT0012035583,1,3,-1,5,1,-1,4,0,-1
MT0012041920,4,2,-1,2,3,-1,5,3,-1
MT0012067911,3,4,-1,3,4,-1,3,4,-1
MT0012100576,4,2,-1,2,3,-1,5,3,-1
MT0012116237,0,3,-1,0,2,-1,0,1,-1
MT0012122028,0,3,-1,2,3,-1,5,1,-1
MT0012159808,1,0,-1,1,0,-1,1,2,-1
MT0012168286,2,3,-1,0,5,-1,0,5,-1
MT0012317309,3,4,-1,1,0,-1,1,2,-1
MT0012330276,1,1,-1,3,4,-1,3,0,-1
MT0012333553,1,1,-1,3,1,-1,4,0,-1
MT0012334245,5,1,-1,5,1,-1,4,0,-1
MT0012396528,4,2,-1,0,5,-1,0,1,-1
MT0012398546,4,2,-1,5,1,-1,4,0,-1
MT0012430736,5,3,-1,3,1,-1,3,0,-1
MT0012438211,2,5,-1,3,1,-1,3,0,-1
MT0012455611,5,3,-1,2,3,-1,5,1,-1
MT0012459878,0,3,-1,0,2,-1,0,1,-1
MT0012505137,4,0,-1,5,1,-1,4,0,-1
MT0012509093,5,1,-1,2,3,-1,5,1,-1
MT0012521149,5,1,-1,5,1,-1,4,0,-1
MT0012619690,4,2,-1,1,4,-1,1,4,-1
MT0012634038,3,4,-1,5,1,-1,4,0,-1
MT0012637285,3,1,-1,5,1,-1,4,0,-1
MT0012639323,0,3,-1,5,1,-1,4,0,-1
MT0012645597,5,1,-1,1,4,-1,3,4,-1
MT0012649676,0,3,-1,2,3,-1,5,1,-1
MT0012658386,3,4,-1,1,0,-1,1,2,-1
MT0012666474,5,1,-1,3,1,-1,3,0,-1
MT0012697686,1,1,-1,3,1,-1,3,0,-1
MT0012698055,1,0,-1,2,3,-1,5,3,-1
MT0012738934,4,1,-1,5,1,-1,4,0,-1
MT0012740185,5,1,-1,3,1,-1,3,0,-1
MT0012773883,1,0,-1,1,4,-1,3,4,-1
MT0012777233,5,1,-1,5,3,-1,4,3,-1
MT0012811141,5,1,-1,3,4,-1,3,4,-1
MT0012823048,5,1,-1,3,4,-1,3,0,-1
MT0012844418,3,1,-1,3,1,-1,3,0,-1
MT0012854734,3,1,-1,1,4,-1,1,4,-1
MT0012855159,2,3,-1,5,1,-1,4,0,-1
MT0012862507,1,1,-1,2,3,-1,5,3,-1
MT0012863101,0,0,-1,2,3,-1,5,3,-1
MT0012865192,4,1,-1,2,2,-1,5,1,-1
MT0012895822,3,4,-1,1,4,-1,1,4,-1
MT0012900592,0,3,-1,2,3,-1,5,3,-1
MT0012909507,2,3,-1,2,2,-1,5,3,-1
MT0012914763,0,3,-1,0,5,-1,0,1,-1
MT0012930833,0,3,-1,2,2,-1,5,1,-1
MT0012933678,5,2,-1,2,2,-1,5,1,-1
MT0012976100,4,2,-1,1,4,-1,1,4,-1
MT0012988776,3,4,-1,1,4,-1,1,4,-1
MT0013003902,3,1,-1,3,1,-1,3,0,-1
MT0013056573,1,1,-1,1,4,-1,1,2,-1
MT0013056830,1,1,-1,5,1,-1,4,0,-1
MT0013058008,2,3,-1,5,3,-1,4,3,-1
MT0013064857,5,1,-1,2,3,-1,5,3,-1
MT0013070871,1,4,-1,1,4,-1,3,4,-1
MT0013087767,0,3,-1,5,3,-1,4,3,-1
MT0013101577,5,1,-1,2,3,-1,5,3,-1
MT0013104929,5,1,-1,5,3,-1,4,3,-1
MT0013115311,1,1,-1,1,4,-1,1,4,-1
MT0013156036,5,1,-1,0,2,-1,0,1,-1
MT0013161246,5,1,-1,5,1,-1,4,0,-1
MT0013176970,1,1,-1,3,4,-1,3,4,-1
MT0013177702,4,0,-1,1,4,-1,1,4,-1
MT0013184611,4,2,-1,0,5,-1,0,1,-1
MT0013186132,4,2,-1,1,4,-1,1,4,-1
MT0013193016,1,3,-1,1,0,-1,1,2,-1
MT0013201347,4,1,-1,5,3,-1,4,3,-1
MT0013209458,3,1,-1,3,1,-1,4,0,-1
MT0013216725,4,2,-1,2,3,-1,5,1,-1
MT0013219857,3,4,-1,1,0,-1,1,2,-1
MT0013228223,5,1,-1,3,4,-1,3,4,-1
MT0013236693,5,3,-1,2,2,-1,5,1,-1
MT0013260233,1,1,-1,4,0,-1,2,2,-1
MT0013280170,3,4,-1,4,0,-1,2,2,-1
MT0013283837,1,3,-1,3,4,-1,3,4,-1
MT0013289749,4,2,-1,5,3,-1,4,3,-1
MT0013305827,3,4,-1,1,0,-1,1,4,-1
MT0013328261,5,1,-1,1,4,-1,1,4,-1
MT0013349760,5,1,-1,5,3,-1,4,3,-1
MT0013350034,3,4,-1,1,4,-1,1,4,-1
MT0013411556,5,1,-1,5,1,-1,4,0,-1
MT0013416300,1,1,-1,3,4,-1,3,4,-1
MT0013418800,0,3,-1,2,3,-1,5,1,-1
MT0013458428,1,1,-1,3,1,-1,3,0,-1
MT0013464231,5,1,-1,5,1,-1,4,0,-1
MT0013524535,4,2,-1,5,3,-1,4,0,-1
MT0013583287,5,1,-1,5,1,-1,4,0,-1
MT0013590244,5,1,-1,2,2,-1,5,1,-1
MT0013602925,2,5,-1,0,5,-1,0,1,-1
MT0013610638,2,5,-1,2,2,-1,5,1,-1
MT0013612461,4,3,-1,0,5,-1,0,1,-1
MT0013613711,2,3,-1,5,3,-1,4,0,-1
MT0013616609,4,2,-1,2,3,-1,5,1,-1
MT0013637631,5,1,-1,2,3,-1,5,1,-1
MT0013649307,5,1,-1,5,1,-1,4,3,-1
MT0013658337,4,1,-1,2,3,-1,5,3,-1
MT0013676763,1,0,-1,4,0,-1,2,2,-1
MT0013678986,4,2,-1,5,3,-1,4,3,-1
MT0013693326,5,1,-1,5,3,-1,4,0,-1
MT0013743441,2,3,-1,3,4,-1,3,4,-1
MT0013746403,5,1,-1,1,4,-1,1,4,-1
MT0013751364,4,3,-1,5,3,-1,4,3,-1
MT0013752990,0,3,-1,0,5,-1,0,5,-1
MT0013758625,4,2,-1,1,4,-1,1,4,-1
MT0013764945,5,1,-1,3,1,-1,3,0,-1
MT0013795989,4,2,-1,3,1,-1,3,0,-1
MT0013800071,3,4,-1,1,4,-1,1,2,-1
MT0013809208,5,1,-1,1,4,-1,1,4,-1
MT0013833732,5,1,-1,3,1,-1,3,0,-1
MT0013868618,3,4,-1,5,1,-1,4,0,-1
MT0013881862,0,3,-1,2,2,-1,5,1,-1
MT0013900095,0,3,-1,2,3,-1,5,3,-1
MT0013906090,4,1,-1,2,3,-1,5,1,-1
MT0013921881,4,0,-1,5,3,-1,4,0,-1
MT0013923586,3,4,-1,1,4,-1,1,4,-1
MT0013924254,0,3,-1,5,3,-1,4,3,-1
MT0013929650,4,2,-1,1,4,-1,1,4,-1
MT0013955066,1,1,-1,3,1,-1,3,0,-1
MT0013960578,1,0,-1,3,4,-1,3,4,-1
MT0013979875,4,2,-1,3,1,-1,3,0,-1
MT0014005525,4,2,-1,5,1,-1,4,0,-1
MT0014082915,3,0,-1,1,4,-1,1,4,-1
MT0014116864,4,2,-1,5,1,-1,4,0,-1
MT0014118699,3,4,-1,3,1,-1,3,0,-1
MT0014121590,0,3,-1,2,3,-1,5,1,-1
MT0014135173,2,3,-1,2,2,-1,0,1,-1
MT0014209882,4,2,-1,3,1,-1,3,0,-1
MT0014215479,3,3,-1,5,1,-1,4,0,-1
MT0014439055,0,3,-1,2,3,-1,5,1,-1
MT0014472963,1,1,-1,3,1,-1,3,0,-1
MT0014498396,1,0,-1,5,3,-1,4,0,-1
MT0014553025,3,1,-1,1,4,-1,3,4,-1
MT0014553172,3,1,-1,4,0,-1,2,2,-1
MT0014554353,4,2,-1,5,4,-1,4,0,-1
MT0014555701,4,1,-1,2,3,-1,5,3,-1
MT0014581361,0,3,-1,2,2,-1,5,1,-1
MT0014584319,3,4,-1,3,1,-1,3,0,-1
MT0014584473,3,4,-1,1,4,-1,1,4,-1
MT0014586720,4,2,-1,2,5,-1,0,1,-1
MT0014594482,0,3,-1,2,3,-1,5,3,-1
MT0014612093,4,2,-1,3,1,-1,3,0,-1
MT0014615863,4,2,-1,0,5,-1,0,5,-1
MT0014619583,4,2,-1,3,1,-1,3,0,-1
MT0014624309,3,1,-1,5,3,-1,4,0,-1
MT0014650353,1,0,-1,5,1,-1,4,0,-1
MT0014650360,5,4,-1,5,1,-1,4,0,-1
MT0014664637,0,2,-1,2,3,-1,5,3,-1
MT0014665667,1,0,-1,3,4,-1,3,4,-1
MT0014665693,5,1,-1,3,1,-1,3,0,-1
MT0014693814,1,1,-1,3,1,-1,3,4,-1
MT0014703649,4,3,-1,2,3,-1,5,3,-1
MT0014724547,1,0,-1,4,0,-1,2,2,-1
MT0014752461,3,4,-1,5,3,-1,4,0,-1
MT0014756127,0,5,-1,0,2,-1,0,1,-1
MT0014762437,2,3,-1,2,3,-1,5,1,-1
MT0014781093,1,3,-1,5,1,-1,4,0,-1
MT0014790813,4,2,-1,2,3,-1,5,3,-1
MT0014798420,4,2,-1,2,2,-1,5,1,-1
MT0014804830,1,1,-1,5,3,-1,4,0,-1
MT0014826870,3,1,-1,3,1,-1,3,0,-1
MT0014838459,0,3,-1,2,2,-1,5,1,-1
MT0014845647,4,3,-1,3,1,-1,3,4,-1
MT0014859055,4,2,-1,3,1,-1,3,0,-1
MT0014880463,4,2,-1,2,2,-1,5,1,-1
MT0014936205,4,1,-1,5,1,-1,4,0,-1
MT0014936656,1,0,-1,3,4,-1,3,4,-1
MT0014948707,4,2,-1,0,5,-1,0,1,-1
MT0014953592,4,2,-1,5,1,-1,4,0,-1
MT0014957211,4,1,-1,0,5,-1,0,1,-1
MT0014964772,4,2,-1,0,2,-1,0,1,-1
MT0014974957,0,3,-1,0,2,-1,0,1,-1
MT0014980594,2,5,-1,0,2,-1,0,5,-1
MT0014992356,4,2,-1,2,2,-1,5,1,-1
MT0014997916,4,4,-1,5,1,-1,4,0,-1
MT0015004867,2,5,-1,0,5,-1,0,5,-1
MT0015005100,4,4,-1,1,0,-1,1,4,-1
MT0015019608,0,3,-1,5,3,-1,4,3,-1
MT0015026273,0,0,-1,2,2,-1,5,1,-1
MT0015026293,1,0,-1,5,1,-1,4,0,-1
MT0015028144,5,1,-1,3,1,-1,3,0,-1
MT0015032338,3,4,-1,4,0,-1,2,2,-1
MT0015034564,0,3,-1,2,2,-1,5,1,-1
MT0015139461,4,2,-1,3,1,-1,3,0,-1
MT0015428521,3,4,-1,1,0,-1,1,2,-1
MT0015465230,3,4,-1,1,0,-1,1,2,-1
MT0015469804,0,3,-1,0,2,-1,0,1,-1
MT0015471594,1,0,-1,1,0,-1,1,2,-1
MT0015477550,1,0,-1,1,4,-1,1,4,-1
MT0015494518,4,2,-1,3,1,-1,3,0,-1
MT0015506396,1,0,-1,1,4,-1,1,4,-1
MT0015506741,1,1,-1,1,4,-1,1,2,-1
MT0015511866,1,1,-1,5,1,-1,4,4,-1
MT0015541501,4,3,-1,5,3,-1,4,0,-1
MT0015546206,3,4,-1,3,4,-1,3,0,-1
MT0015587436,2,3,-1,2,3,-1,5,3,-1
MT0015599764,5,0,-1,2,2,-1,5,1,-1
MT0015665796,1,4,-1,4,0,-1,2,2,-1
MT0015706588,3,4,-1,4,0,-1,2,2,-1
MT0015708437,4,2,-1,5,1,-1,4,3,-1
MT0015709701,5,1,-1,5,3,-1,4,3,-1
MT0015715008,1,0,-1,5,1,-1,4,0,-1
MT0015760726,3,4,-1,5,3,-1,4,0,-1
MT0015883602,3,4,-1,2,3,-1,5,1,-1
MT0015889071,2,3,-1,2,2,-1,5,1,-1
MT0015929505,4,2,-1,3,1,-1,3,0,-1
MT0015940634,2,3,-1,5,3,-1,4,3,-1
MT0015950558,4,2,-1,3,1,-1,3,0,-1
MT0015962332,4,2,-1,5,1,-1,4,0,-1
MT0015971175,4,2,-1,5,1,-1,4,0,-1
MT0016469828,3,4,-1,5,1,-1,4,0,-1
MT0016743722,4,2,-1,0,2,-1,0,1,-1
MT0016770768,5,1,-1,2,2,-1,5,1,-1
MT0016887233,1,0,-1,3,4,-1,3,0,-1
MT0016897938,1,0,-1,1,0,-1,1,2,-1
MT0016913402,5,4,-1,5,1,-1,4,0,-1
MT0016915093,4,2,-1,2,3,-1,5,3,-1
MT0016918508,5,1,-1,2,3,-1,5,3,-1
MT0016932218,1,0,-1,3,1,-1,3,0,-1
MT0016933152,1,1,-1,5,3,-1,4,0,-1
MT0016971741,5,1,-1,5,3,-1,4,3,-1
MT0016976154,5,4,-1,3,1,-1,3,0,-1
MT0017031590,5,1,-1,5,3,-1,4,0,-1
MT0017475710,5,1,-1,2,3,-1,5,1,-1
MT0017657810,3,4,-1,5,1,-1,4,0,-1
MT0017971951,4,2,-1,0,2,-1,0,1,-1
MT0018024152,5,3,-1,0,5,-1,0,1,-1
MT0018029465,5,1,-1,2,2,-1,5,3,-1
MT0018031959,0,3,-1,2,2,-1,5,1,-1
MT0018044514,1,3,-1,5,1,-1,4,0,-1
MT0018288135,2,3,-1,0,2,-1,0,1,-1
MT0018376280,0,0,-1,3,4,-1,3,4,-1
MT0018450519,5,1,-1,2,3,-1,5,3,-1
MT0018651126,1,1,-1,2,3,-1,5,1,-1
MT0018669856,2,3,-1,2,2,-1,5,1,-1
MT0018793776,5,2,-1,5,3,-1,4,0,-1
MT0019352491,1,1,-1,5,3,-1,4,3,-1
MT0019766193,4,0,-1,3,4,-1,3,4,-1
MT0020009125,4,2,-1,2,3,-1,5,1,-1
MT0020034314,2,0,-1,2,3,-1,5,3,-1
MT0026135542,5,1,-1,2,3,-1,5,3,-1
MT0026236933,3,1,-1,1,4,-1,1,4,-1
MT0026330298,3,4,-1,4,0,-1,2,2,-1
MT0026378461,3,4,-1,4,0,-1,2,2,-1
MT0026414107,3,4,-1,3,1,-1,3,0,-1
MT0026520343,5,1,-1,2,3,-1,5,3,-1
MT0026607275,3,1,-1,3,4,-1,3,0,-1
MT0026624084,2,5,-1,0,2,-1,0,1,-1
MT0026681751,2,5,-1,2,2,-1,5,1,-1
MT0026682960,3,4,-1,3,1,-1,3,4,-1
MT0026697228,3,4,-1,4,0,-1,2,2,-1
MT0026712161,5,1,-1,5,3,-1,4,0,-1
MT0026719173,2,3,-1,0,2,-1,0,1,-1
MT0026727455,4,2,-1,3,1,-1,3,0,-1
MT0026734083,4,1,-1,5,3,-1,4,3,-1
MT0026753145,5,4,-1,0,5,-1,0,1,-1
MT0026753827,2,1,-1,5,3,-1,5,3,-1
MT0026776967,0,0,-1,5,3,-1,4,3,-1
MT0026790435,4,2,-1,2,3,-1,5,3,-1
MT0026795261,4,1,-1,2,2,-1,5,1,-1
MT0026811443,1,0,-1,1,4,-1,1,4,-1
MT0026826094,3,1,-1,1,4,-1,1,4,-1
MT0026898936,0,1,-1,5,3,-1,4,3,-1
MT0026900439,1,0,-1,5,1,-1,4,0,-1
MT0026903849,0,3,-1,2,3,-1,5,3,-1
MT0026905937,3,1,-1,1,4,-1,1,4,-1
MT0026930415,1,0,-1,1,4,-1,1,4,-1
MT0026933516,5,1,-1,5,3,-1,4,0,-1
MT0026963572,0,3,-1,5,3,-1,4,0,-1
MT0026971941,1,1,-1,3,1,-1,3,0,-1
MT0026972072,1,5,-1,3,1,-1,3,0,-1
MT0026985012,4,3,-1,5,1,-1,4,0,-1
MT0026987140,4,3,-1,2,3,-1,5,0,-1
MT0026990793,0,0,-1,3,1,-1,3,0,-1
MT0026999750,4,1,-1,5,3,-1,5,3,-1
MT0027023212,1,0,-1,3,1,-1,3,0,-1
MT0027032503,0,3,-1,0,5,-1,0,1,-1
MT0027053023,4,2,-1,3,1,-1,3,0,-1
MT0027072382,5,1,-1,0,5,-1,0,1,-1
MT0027075208,2,5,-1,5,1,-1,4,0,-1
MT0027112893,2,0,-1,5,1,-1,4,0,-1
MT0027149420,4,2,-1,1,4,-1,1,4,-1
MT0027182657,3,1,-1,5,1,-1,4,0,-1
MT0027317557,4,2,-1,2,3,-1,5,3,-1
MT0027535695,5,3,-1,5,1,-1,4,0,-1
MT0027696140,5,1,-1,0,5,-1,0,1,-1
MT0027797339,4,4,-1,5,1,-1,4,0,-1
MT0027859587,1,1,-1,1,4,-1,1,4,-1
MT0027976714,1,0,-1,1,4,-1,1,4,-1
MT0028081047,2,5,-1,0,5,-1,0,1,-1
MT0028116568,5,1,-1,3,1,-1,4,0,-1
MT0028167155,0,3,-1,0,5,-1,0,5,-1
MT0028172888,0,3,-1,0,2,-1,0,1,-1
MT0028213435,0,3,-1,0,5,-1,0,1,-1
MT0028228337,1,0,-1,5,1,-1,4,0,-1
MT0028241237,5,1,-1,2,2,-1,5,1,-1
MT0028242839,3,1,-1,3,1,-1,3,0,-1
MT0028293340,1,0,-1,3,1,-1,3,4,-1
MT0028335228,5,1,-1,5,1,-1,4,0,-1
MT0028338292,1,1,-1,3,1,-1,3,0,-1
MT0028345470,2,5,-1,2,2,-1,5,1,-1
MT0028348785,2,3,-1,0,5,-1,0,5,-1
MT0028372740,3,1,-1,5,1,-1,4,0,-1
MT0028374210,3,4,-1,3,1,-1,3,0,-1
MT0028405583,4,2,-1,0,2,-1,0,1,-1
MT0028425911,1,0,-1,3,1,-1,3,0,-1
MT0028445777,4,2,-1,2,2,-1,5,1,-1
MT0028452849,4,2,-1,2,3,-1,5,3,-1
MT0028471202,0,3,-1,2,3,-1,5,1,-1
MT0028498801,3,4,-1,3,1,-1,3,4,-1
MT0028569169,5,1,-1,3,1,-1,3,0,-1
MT0028577920,1,4,-1,1,4,-1,1,4,-1
MT0028587966,1,1,-1,5,1,-1,4,0,-1
MT0028593700,4,2,-1,2,3,-1,5,3,-1
MT0028603801,5,1,-1,5,1,-1,4,0,-1
MT0028609181,1,0,-1,3,1,-1,3,0,-1
MT0028615001,4,2,-1,5,3,-1,4,3,-1
MT0028617657,4,4,-1,3,1,-1,3,0,-1
MT0028617797,0,5,-1,2,2,-1,5,1,-1
MT0028623145,2,3,-1,2,2,-1,5,3,-1
MT0028627699,4,2,-1,2,3,-1,5,3,-1
MT0028691865,3,4,-1,4,0,-1,2,2,-1
MT0028694655,5,1,-1,5,1,-1,4,0,-1
MT0028698324,3,4,-1,3,4,-1,3,0,-1
MT0028750297,2,5,-1,0,5,-1,0,1,-1
MT0028752173,3,2,-1,3,4,-1,3,4,-1
MT0028753982,3,0,-1,3,1,-1,3,0,-1
MT0028754256,2,5,-1,0,5,-1,0,5,-1
MT0028758101,1,0,-1,5,1,-1,4,0,-1
MT0028772639,4,3,-1,3,1,-1,4,0,-1
MT0028790582,4,2,-1,5,1,-1,4,0,-1
MT0028798040,0,3,-1,0,5,-1,0,1,-1
MT0028798502,3,4,-1,4,0,-1,2,2,-1
MT0028810869,4,3,-1,2,2,-1,5,1,-1
MT0028813190,2,5,-1,0,5,-1,0,1,-1
MT0028813196,3,4,-1,3,1,-1,3,0,-1
MT0028888763,5,1,-1,3,1,-1,3,0,-1
MT0028915582,5,1,-1,2,2,-1,5,1,-1
MT0028937743,0,3,-1,5,1,-1,4,0,-1
MT0028942506,3,4,-1,1,0,-1,1,2,-1
MT0029065626,4,2,-1,2,2,-1,5,1,-1
MT0029091265,3,0,-1,1,0,-1,1,2,-1
MT0029133325,0,1,-1,3,1,-1,3,0,-1
MT0029166572,3,4,-1,4,0,-1,2,2,-1
MT0029196396,2,5,-1,0,5,-1,0,1,-1
MT0029772184,0,3,-1,0,5,-1,0,5,-1
MT0029825641,0,3,-1,0,5,-1,0,5,-1
MT0029861029,3,4,-1,4,0,-1,2,2,-1
MT0030006612,3,1,-1,1,4,-1,1,4,-1
MT0030007733,1,0,-1,1,4,-1,3,4,-1
MT0030074137,3,4,-1,3,1,-1,3,0,-1
MT0030097307,5,1,-1,5,1,-1,4,0,-1
MT0030097602,1,0,-1,1,4,-1,1,4,-1
MT0030160582,2,5,-1,1,4,-1,1,4,-1
MT0030177407,2,3,-1,2,3,-1,5,3,-1
MT0030184605,5,3,-1,5,1,-1,4,3,-1
MT0030203700,3,1,-1,5,3,-1,4,3,-1
MT0030203729,4,2,-1,5,3,-1,4,3,-1
MT0030211400,4,3,-1,0,5,-1,0,1,-1
MT0030212531,2,3,-1,3,1,-1,3,0,-1
MT0030214520,0,3,-1,0,5,-1,0,5,-1
MT0030233759,0,3,-1,0,5,-1,0,1,-1
MT0030247926,1,1,-1,1,4,-1,1,4,-1
MT0030248025,4,2,-1,2,3,-1,5,3,-1
MT0030289937,3,4,-1,4,0,-1,2,2,-1
MT0030291182,1,3,-1,5,1,-1,4,0,-1
MT0030319227,1,1,-1,5,1,-1,4,0,-1
MT0030324011,2,3,-1,0,5,-1,0,1,-1
MT0030327630,0,3,-1,5,1,-1,4,0,-1
MT0030349080,5,1,-1,2,2,-1,5,3,-1
MT0030362174,3,1,-1,3,4,-1,3,4,-1
MT0030362299,3,4,-1,4,0,-1,1,2,-1
MT0030369896,1,0,-1,3,1,-1,3,0,-1
MT0030407300,3,2,-1,3,1,-1,3,0,-1
MT0030438262,5,3,-1,2,2,-1,0,1,-1
MT0030481692,4,4,-1,1,4,-1,1,4,-1
MT0030484925,5,1,-1,5,1,-1,4,0,-1
MT0030487841,4,2,-1,5,3,-1,4,3,-1
MT0030489320,1,0,-1,5,3,-1,4,3,-1
MT0030499533,3,4,-1,5,3,-1,4,0,-1
MT0030504803,3,1,-1,0,5,-1,0,5,-1
MT0030646708,5,2,-1,5,3,-1,4,3,-1
MT0030968017,5,1,-1,5,3,-1,4,0,-1
MT0031024722,1,0,-1,1,4,-1,1,4,-1
MT0031049140,1,0,-1,3,4,-1,3,4,-1
MT0031375281,1,0,-1,1,0,-1,1,4,-1
MT0031548988,4,2,-1,0,2,-1,0,1,-1
MT0031555265,1,0,-1,3,1,-1,3,0,-1
MT0031574394,5,1,-1,0,5,-1,0,1,-1
MT0031618741,1,1,-1,5,3,-1,4,0,-1
MT0031626819,3,1,-1,3,1,-1,3,0,-1
MT0031661393,4,2,-1,5,3,-1,4,3,-1
MT0031664726,4,2,-1,2,3,-1,5,3,-1
MT0031693432,1,1,-1,4,0,-1,1,2,-1
MT0031726825,5,3,-1,2,3,-1,5,3,-1
MT0031733848,1,4,-1,4,0,-1,2,2,-1
MT0031826295,5,1,-1,5,1,-1,4,0,-1
MT0031826774,1,0,-1,3,1,-1,3,0,-1
MT0031834881,1,1,-1,2,5,-1,5,1,-1
MT0031841471,5,1,-1,3,1,-1,3,0,-1
MT0031861483,0,3,-1,2,2,-1,5,1,-1
MT0031868141,5,3,-1,0,5,-1,0,5,-1
MT0031875986,2,5,-1,0,5,-1,0,5,-1
MT0031893087,3,4,-1,5,1,-1,4,0,-1
MT0031903528,5,1,-1,3,1,-1,3,0,-1
MT0031912859,1,0,-1,1,0,-1,1,4,-1
MT0031917087,5,1,-1,0,5,-1,0,1,-1
MT0031919561,0,3,-1,0,5,-1,0,5,-1
MT0031924755,4,2,-1,5,3,-1,4,0,-1
MT0031925901,0,3,-1,2,3,-1,5,3,-1
MT0031939057,4,0,-1,3,1,-1,3,0,-1
MT0031964947,2,3,-1,2,3,-1,5,3,-1
MT0031979912,3,1,-1,5,1,-1,4,0,-1
MT0031996487,3,4,-1,5,1,-1,4,0,-1
MT0031996897,4,2,-1,2,3,-1,5,3,-1
MT0032001427,1,1,-1,5,3,-1,4,0,-1
MT0032048707,5,3,-1,2,3,-1,5,3,-1
MT0032050779,5,3,-1,2,3,-1,5,3,-1
MT0032060949,4,1,-1,3,4,-1,3,4,-1
MT0032061091,5,1,-1,0,2,-1,0,1,-1
MT0032093528,1,0,-1,1,4,-1,1,2,-1
MT0032157716,4,2,-1,5,3,-1,4,3,-1
MT0032235381,4,2,-1,2,3,-1,5,3,-1
MT0032332758,4,2,-1,2,3,-1,5,1,-1
MT0032405359,5,1,-1,2,3,-1,5,3,-1
MT0032628164,1,0,-1,1,4,-1,1,4,-1
MT0032643023,0,2,-1,2,3,-1,5,3,-1
MT0032651589,4,2,-1,3,1,-1,3,4,-1
MT0032665811,2,3,-1,2,2,-1,5,1,-1
MT0032673223,5,1,-1,2,3,-1,5,3,-1
MT0032682675,5,0,-1,3,1,-1,3,0,-1
MT0032701682,5,1,-1,5,1,-1,4,0,-1
MT0032723940,5,1,-1,3,1,-1,3,0,-1
MT0032757175,3,1,-1,1,0,-1,1,2,-1
MT0032768117,3,1,-1,3,4,-1,3,4,-1
MT0032768122,0,3,-1,3,4,-1,3,4,-1
MT0032778604,5,1,-1,5,1,-1,4,0,-1
MT0032782452,4,2,-1,3,1,-1,3,0,-1
MT0032892262,5,4,-1,5,1,-1,4,0,-1
MT0032957418,4,2,-1,5,3,-1,4,3,-1
MT0033061162,0,3,-1,5,1,-1,4,0,-1
MT0033097471,4,3,-1,3,1,-1,3,0,-1
MT0033155511,0,3,-1,5,1,-1,4,0,-1
MT0033159895,5,1,-1,3,1,-1,3,0,-1
MT0033218453,1,1,-1,1,0,-1,1,2,-1
MT0033226848,1,1,-1,5,1,-1,4,0,-1
MT0033252621,4,0,-1,2,3,-1,5,3,-1
MT0033258989,3,4,-1,5,1,-1,4,0,-1
MT0033262254,5,1,-1,2,2,-1,5,3,-1
MT0033262547,1,0,-1,5,1,-1,4,0,-1
MT0033287096,0,3,-1,0,5,-1,0,5,-1
MT0033319941,1,0,-1,1,4,-1,1,4,-1
MT0033345959,1,0,-1,1,0,-1,1,2,-1
MT0033376569,5,1,-1,5,3,-1,4,0,-1
MT0033381821,4,2,-1,2,2,-1,5,3,-1
MT0033391277,1,0,-1,1,4,-1,1,4,-1
MT0033397942,5,1,-1,3,1,-1,3,0,-1
MT0033410438,3,1,-1,4,0,-1,2,2,-1
MT0033430737,5,1,-1,2,2,-1,5,1,-1
MT0033459750,4,3,-1,1,4,-1,1,4,-1
MT0033470806,4,2,-1,3,1,-1,3,0,-1
MT0033473090,1,1,-1,3,1,-1,3,0,-1
MT0033493473,1,0,-1,3,1,-1,3,0,-1
MT0033512773,5,1,-1,5,1,-1,4,0,-1
MT0033717316,4,1,-1,0,3,-1,0,1,-1
MT0033733581,1,0,-1,5,1,-1,4,0,-1
MT0033818006,1,0,-1,1,4,-1,1,4,-1
MT0033841575,5,1,-1,2,2,-1,5,1,-1
MT0033958450,1,0,-1,5,1,-1,4,0,-1
MT0033974184,4,2,-1,3,1,-1,3,0,-1
MT0033987987,3,1,-1,2,3,-1,5,1,-1
MT0033993440,1,0,-1,5,1,-1,4,0,-1
MT0034013916,0,3,-1,0,2,-1,0,1,-1
MT0034064577,4,2,-1,5,1,-1,4,0,-1
MT0034094847,3,1,-1,5,1,-1,4,0,-1
MT0034113973,0,3,-1,0,5,-1,0,5,-1
MT0034125967,0,3,-1,5,3,-1,4,3,-1
MT0034136847,3,4,-1,4,0,-1,2,2,-1
MT0034138322,4,4,-1,5,1,-1,4,0,-1
MT0034191542,3,1,-1,1,4,-1,3,4,-1
MT0034197846,3,4,-1,4,0,-1,2,2,-1
MT0034211183,4,2,-1,5,1,-1,4,0,-1
MT0034225020,5,3,-1,5,3,-1,4,3,-1
MT0034230990,4,1,-1,5,1,-1,4,0,-1
MT0034403159,5,2,-1,5,3,-1,4,3,-1
MT0034403951,0,3,-1,2,2,-1,5,1,-1
MT0034410340,3,4,-1,4,0,-1,2,2,-1
MT0034422157,1,1,-1,1,4,-1,1,4,-1
MT0034426806,2,5,-1,0,5,-1,0,1,-1
MT0034429136,1,0,-1,1,4,-1,1,4,-1
MT0034518366,1,0,-1,3,1,-1,3,0,-1
MT0034549623,1,3,-1,1,4,-1,1,4,-1
MT0034551604,2,0,-1,3,1,-1,3,0,-1
MT0034552648,4,2,-1,5,1,-1,4,3,-1
MT0034560618,1,1,-1,3,1,-1,3,0,-1
MT0034563474,5,1,-1,5,1,-1,4,0,-1
MT0034574251,1,0,-1,5,3,-1,4,0,-1
MT0034577404,1,0,-1,3,1,-1,3,0,-1
MT0034670435,2,5,-1,2,2,-1,5,1,-1
MT0034677542,4,2,-1,3,1,-1,3,0,-1
MT0034694413,0,3,-1,2,2,-1,0,1,-1
MT0034706827,3,1,-1,4,0,-1,2,2,-1
MT0034800740,5,1,-1,2,3,-1,5,1,-1
MT0034852831,4,4,-1,2,3,-1,5,3,-1
MT0034988131,5,1,-1,2,3,-1,5,3,-1
MT0034991842,0,3,-1,2,3,-1,5,1,-1
MT0034992204,5,2,-1,5,1,-1,4,0,-1
MT0034992958,3,1,-1,5,1,-1,4,0,-1
MT0034996484,0,3,-1,2,2,-1,5,1,-1
MT0035037927,5,3,-1,2,2,-1,5,3,-1
MT0035108409,1,0,-1,1,0,-1,1,2,-1
MT0035119161,4,0,-1,5,3,-1,4,0,-1
MT0035241675,0,3,-1,2,3,-1,5,3,-1
MT0035285414,2,3,-1,0,5,-1,0,5,-1
MT0035316286,1,0,-1,3,4,-1,3,4,-1
MT0035322836,0,3,-1,0,5,-1,0,5,-1
MT0035332435,4,2,-1,2,3,-1,5,3,-1
MT0035332835,2,5,-1,2,2,-1,5,1,-1
MT0035833639,3,4,-1,1,0,-1,1,2,-1
MT0035974809,1,4,-1,4,0,-1,2,2,-1
MT0035974819,1,0,-1,4,0,-1,2,2,-1
MT0036111757,0,3,-1,2,5,-1,5,1,-1
MT0036368550,4,2,-1,2,2,-1,5,1,-1
MT0039250520,0,3,-1,2,2,-1,5,3,-1
MT0041030749,1,0,-1,1,0,-1,1,2,-1
