track_id,cluster__BetaVAEplusLyrics_KMeans,cluster__BetaVAEplusLyrics_Agglomerative,cluster__RawFeatures_KMeans,cluster__RawFeatures_Agglomerative,cluster__PCA_KMeans,cluster__PCA_Agglomerative,cluster__AutoencoderplusLyrics_KMeans,cluster__AutoencoderplusLyrics_Agglomerative
MT0000008995,0,3,8,0,18,15,4,11
MT0000011357,11,5,0,8,5,3,3,14
MT0000026571,11,4,10,2,5,0,11,6
MT0000027422,11,5,13,9,10,7,16,12
MT0000030834,0,18,8,0,18,15,4,6
MT0000031210,0,3,4,0,15,14,18,11
MT0000038502,6,1,12,16,12,16,3,14
MT0000040773,14,8,7,15,18,1,12,2
MT0000042939,6,0,5,4,10,7,3,14
MT0000043184,0,3,17,3,1,6,18,11
MT0000044741,12,6,3,1,19,12,6,6
MT0000045345,12,4,0,10,8,8,4,16
MT0000048600,15,7,0,2,8,8,16,2
MT0000059269,9,12,16,5,6,2,18,8
MT0000063684,4,7,0,10,8,3,5,9
MT0000066236,3,1,0,6,8,3,17,19
MT0000066421,12,4,15,2,11,0,15,6
MT0000080053,16,6,7,15,9,1,12,5
MT0000082188,0,3,8,0,18,15,4,6
MT0000089238,15,6,0,6,7,3,8,2
MT0000089410,11,4,7,15,9,6,4,16
MT0000091401,5,19,7,15,9,6,19,10
MT0000091781,16,18,10,1,19,12,14,8
MT0000092637,16,12,17,3,1,6,14,16
MT0000093583,19,19,15,1,19,0,19,5
MT0000095414,11,18,6,2,1,0,14,8
MT0000097948,16,3,16,19,6,2,18,11
MT0000103049,1,17,4,19,15,14,11,7
MT0000103874,12,4,6,2,11,0,4,16
MT0000105492,0,3,7,7,4,11,4,16
MT0000117176,9,8,8,0,18,15,18,8
MT0000119701,0,12,8,0,15,15,4,6
MT0000119987,7,7,5,4,3,5,5,9
MT0000124779,14,7,9,12,17,4,16,2
MT0000128573,10,14,0,10,8,8,1,18
MT0000133200,4,13,19,14,3,5,13,3
MT0000135916,10,14,15,10,11,8,1,18
MT0000144160,10,14,0,10,8,8,1,2
MT0000145509,17,0,19,4,3,5,7,14
MT0000146284,0,3,8,0,18,15,18,11
MT0000146966,4,7,11,17,16,17,13,9
MT0000147182,19,7,10,8,13,4,19,12
MT0000151451,17,13,10,1,19,12,15,6
MT0000151529,9,9,1,7,4,11,2,4
MT0000162219,14,1,10,1,5,12,8,2
MT0000164441,9,9,4,19,15,2,2,8
MT0000169174,6,5,9,9,17,9,3,14
MT0000169836,5,10,13,8,14,4,9,13
MT0000171421,0,3,0,6,8,19,4,11
MT0000171852,0,3,8,0,18,1,4,11
MT0000174580,12,15,0,8,14,9,15,1
MT0000175597,9,9,8,15,18,15,2,4
MT0000177878,9,3,8,0,18,15,2,16
MT0000185453,0,3,4,19,15,14,18,11
MT0000185601,19,7,5,4,10,5,15,9
MT0000186467,3,1,18,11,16,18,17,19
MT0000190640,6,0,19,14,12,10,3,14
MT0000192913,15,12,13,6,14,9,2,16
MT0000192982,15,5,6,2,11,0,2,2
MT0000195705,11,1,10,1,5,12,6,16
MT0000197431,5,6,3,3,19,0,5,9
MT0000202045,3,6,18,11,16,18,6,0
MT0000214287,11,12,15,2,19,0,16,0
MT0000216849,8,13,5,4,10,5,0,3
MT0000218346,17,5,5,4,3,5,6,0
MT0000225806,12,15,13,6,14,9,15,1
MT0000231442,2,0,19,4,3,5,10,3
MT0000231784,5,1,18,11,16,17,12,6
MT0000245808,5,6,3,3,9,6,5,5
MT0000252574,4,13,0,10,8,8,7,3
MT0000255724,17,4,13,4,10,7,7,6
MT0000258223,1,17,3,3,19,6,11,7
MT0000258646,13,2,5,9,10,7,0,15
MT0000265621,9,9,0,1,8,8,2,8
MT0000268576,15,12,15,2,11,0,2,6
MT0000270200,19,7,5,4,3,5,19,0
MT0000271454,16,6,15,2,11,0,5,5
MT0000271970,6,0,12,16,12,16,3,14
MT0000273374,15,12,17,3,1,6,14,16
MT0000277032,16,18,8,15,18,15,14,8
MT0000277633,9,8,8,0,15,15,2,4
MT0000283043,6,1,0,1,7,3,3,19
MT0000287606,16,18,16,5,6,2,14,8
MT0000287921,2,1,19,14,3,5,17,19
MT0000289116,0,3,7,15,9,1,4,11
MT0000292000,12,6,13,6,14,9,5,1
MT0000293345,11,0,13,9,14,3,7,14
MT0000299291,17,4,13,9,10,7,6,0
MT0000310204,12,7,9,12,17,4,15,0
MT0000312152,12,6,7,3,9,1,4,16
MT0000315363,4,7,5,4,10,5,13,10
MT0000315392,12,4,9,12,17,4,6,6
MT0000316110,8,15,18,11,16,18,0,1
MT0000318206,2,0,19,14,3,5,3,3
MT0000318279,14,5,0,8,8,3,16,2
MT0000320757,12,15,13,6,14,9,15,1
MT0000321394,3,1,5,4,10,7,0,19
MT0000321824,12,4,10,1,19,12,15,6
MT0000325093,17,4,5,13,0,7,6,6
MT0000335310,10,14,15,10,11,8,1,18
MT0000348553,16,3,8,0,18,15,14,8
MT0000353361,7,7,15,10,11,8,8,0
MT0000369188,18,11,13,9,10,7,7,3
MT0000370694,16,18,3,3,19,0,14,11
MT0000380307,15,3,7,3,1,1,16,4
MT0000380971,16,18,7,15,9,1,14,11
MT0000391566,9,12,10,1,5,8,2,4
MT0000398595,1,5,10,8,5,4,11,7
MT0000408441,16,18,4,0,15,14,14,5
MT0000409922,0,3,10,8,13,12,4,16
MT0000419956,3,1,0,6,14,3,17,19
MT0000421504,1,17,3,3,9,6,11,7
MT0000425270,7,1,5,4,10,7,9,13
MT0000426880,5,6,10,1,4,11,12,4
MT0000436815,1,12,2,13,0,10,11,7
MT0000441552,8,4,13,9,14,7,7,3
MT0000446304,15,4,10,2,5,8,6,4
MT0000447539,1,17,4,0,15,14,11,7
MT0000456939,8,1,12,16,12,16,0,15
MT0000460480,11,12,15,2,19,0,19,12
MT0000463371,2,0,9,9,17,18,3,14
MT0000475876,13,2,15,2,1,0,5,9
MT0000481304,1,12,0,10,8,3,11,4
MT0000487439,16,3,16,5,6,2,14,8
MT0000497520,4,7,18,9,16,7,13,15
MT0000515256,0,3,17,3,1,6,18,8
MT0000518591,4,13,5,4,10,5,13,3
MT0000523576,10,14,0,10,8,8,1,18
MT0000526302,9,9,4,0,15,14,2,7
MT0000526867,11,12,7,7,4,11,4,2
MT0000534539,9,12,8,15,18,15,18,6
MT0000540286,0,3,4,0,15,14,18,11
MT0000546446,12,15,18,9,17,7,15,1
MT0000547065,19,7,13,6,14,9,8,2
MT0000549945,1,17,8,0,18,15,11,7
MT0000550961,15,12,3,7,4,11,14,0
MT0000553622,15,5,6,2,11,0,2,4
MT0000556349,16,18,8,0,18,15,14,11
MT0000567692,0,19,3,3,9,6,14,12
MT0000570966,5,6,17,3,1,6,2,2
MT0000599398,11,5,15,2,19,0,16,2
MT0000603187,15,12,0,10,8,8,2,4
MT0000603561,9,12,4,0,15,14,2,16
MT0000604234,2,1,13,6,14,3,10,19
MT0000615489,4,13,19,14,3,5,13,3
MT0000619767,12,1,2,13,0,10,15,1
MT0000621840,4,7,10,1,5,12,13,0
MT0000630628,3,1,5,4,3,7,17,19
MT0000633351,0,3,17,2,19,0,18,6
MT0000638424,10,14,17,3,1,6,1,18
MT0000638634,0,17,17,3,1,6,4,8
MT0000643201,11,12,13,6,14,3,4,8
MT0000647818,10,14,0,10,8,8,1,18
MT0000652082,0,12,15,2,19,0,18,4
MT0000661250,0,3,8,0,18,15,4,11
MT0000661847,1,5,10,8,13,4,11,7
MT0000664362,16,18,15,2,11,0,14,5
MT0000666429,4,7,5,4,10,7,13,10
MT0000670865,19,7,15,2,11,0,19,12
MT0000672880,7,7,9,12,17,4,8,0
MT0000685324,0,12,9,12,17,4,4,16
MT0000685538,5,6,15,2,11,0,12,5
MT0000685552,4,15,9,12,13,4,13,1
MT0000688115,0,3,8,0,18,15,18,11
MT0000688312,8,1,18,4,16,18,0,15
MT0000694316,3,1,13,9,10,7,17,19
MT0000704913,12,6,0,8,13,4,15,5
MT0000707663,16,12,3,3,9,6,14,8
MT0000712071,12,6,17,2,1,0,15,1
MT0000714708,5,2,10,1,5,4,12,5
MT0000720686,3,1,18,11,16,18,17,0
MT0000721873,17,13,18,9,16,18,7,3
MT0000723464,12,6,0,10,13,8,5,4
MT0000724357,13,2,15,2,11,8,9,13
MT0000727738,5,6,0,10,8,8,5,5
MT0000734482,9,12,16,5,6,2,2,2
MT0000735056,2,0,19,14,3,5,3,19
MT0000741489,6,0,12,14,3,5,3,14
MT0000744293,17,4,13,9,10,7,7,14
MT0000747666,15,5,17,2,1,6,6,6
MT0000753074,16,6,17,3,1,6,12,8
MT0000754511,1,17,17,3,1,6,14,7
MT0000762097,1,17,7,15,18,1,11,7
MT0000763275,9,9,17,3,9,6,16,2
MT0000764951,9,12,4,19,15,14,14,8
MT0000766316,16,18,7,3,9,6,5,16
MT0000775053,14,8,7,3,9,6,12,6
MT0000776108,0,18,3,3,9,6,14,6
MT0000778102,13,2,15,10,5,0,9,13
MT0000780401,19,6,13,9,14,9,19,9
MT0000783307,7,1,13,9,14,9,9,9
MT0000789330,6,0,13,9,10,7,3,14
MT0000807741,14,6,7,3,9,6,12,2
MT0000808227,2,0,5,4,3,5,3,14
MT0000811092,9,17,7,15,9,1,18,8
MT0000811743,12,4,10,1,19,12,6,6
MT0000825920,10,14,8,15,18,15,1,18
MT0000829531,7,10,13,6,14,9,9,13
MT0000829765,14,8,15,2,19,0,12,8
MT0000832464,15,6,17,3,9,0,4,6
MT0000848769,16,3,8,0,18,15,18,11
MT0000850050,16,3,8,0,18,15,14,16
MT0000850957,3,1,10,10,5,12,17,15
MT0000851865,5,6,9,12,13,4,12,5
MT0000852582,17,4,18,9,2,7,10,0
MT0000853072,9,9,8,0,18,15,2,8
MT0000854722,12,3,0,6,13,3,4,16
MT0000863232,1,5,10,8,5,8,11,7
MT0000863543,12,6,13,8,14,9,5,5
MT0000871290,11,4,3,1,19,12,6,16
MT0000874482,8,0,5,4,10,5,7,3
MT0000875199,12,5,14,14,2,13,6,6
MT0000875520,13,2,18,11,16,18,13,3
MT0000886390,12,6,3,3,19,6,6,16
MT0000888329,11,12,10,1,5,8,16,4
MT0000889229,9,12,1,7,4,11,2,4
MT0000892306,13,2,5,4,3,5,3,19
MT0000895003,2,0,5,4,3,5,10,3
MT0000895905,15,9,4,19,15,14,16,4
MT0000900387,5,10,10,1,5,12,9,13
MT0000900995,9,3,4,0,15,14,2,8
MT0000901959,16,18,0,8,13,3,12,8
MT0000903225,17,7,18,11,16,18,7,0
MT0000906888,17,4,10,1,5,12,6,0
MT0000910270,3,1,13,9,14,9,17,15
MT0000920227,9,17,8,0,18,15,11,8
MT0000927561,8,0,19,14,3,5,7,3
MT0000931402,15,5,15,3,11,0,6,0
MT0000934613,17,4,9,12,17,4,7,3
MT0000948111,4,7,3,3,19,0,8,9
MT0000950090,12,4,5,4,10,7,4,6
MT0000954088,5,6,10,1,5,12,12,5
MT0000956340,13,1,0,1,5,12,9,13
MT0000984023,6,0,12,16,12,16,3,14
MT0000992846,4,7,18,11,16,18,7,0
MT0001016068,16,6,17,3,9,6,14,8
MT0001020011,1,12,3,3,19,6,11,7
MT0001030436,11,15,3,3,9,6,6,16
MT0001032211,4,6,3,3,19,12,5,9
MT0001042055,10,14,15,10,11,8,1,18
MT0001043721,5,7,15,2,11,0,9,13
MT0001053268,17,4,10,8,5,4,7,0
MT0001058887,12,6,0,10,8,0,5,0
MT0001062700,15,6,7,3,9,6,14,0
MT0001095298,12,4,0,8,13,8,15,1
MT0001101467,7,10,19,4,3,5,9,13
MT0001102610,15,7,13,9,10,7,16,0
MT0001104467,11,12,9,8,13,4,16,8
MT0001106114,14,8,15,2,11,0,12,5
MT0001109401,14,5,18,11,17,7,6,0
MT0001115644,12,4,13,6,14,9,6,6
MT0001116511,8,1,11,17,12,17,0,15
MT0001117815,17,4,18,11,17,18,6,0
MT0001121577,1,4,9,12,17,4,11,6
MT0001134958,9,3,8,0,18,15,14,8
MT0001137053,9,9,17,3,9,6,18,8
MT0001144930,11,4,18,11,17,18,6,6
MT0001152165,0,3,0,10,11,8,4,11
MT0001152664,15,6,3,3,19,12,14,0
MT0001153847,4,7,0,6,14,3,13,1
MT0001157069,9,9,4,19,15,2,2,4
MT0001168323,10,14,7,15,18,1,1,18
MT0001169715,7,7,10,1,5,12,13,10
MT0001183783,0,3,8,0,18,15,4,0
MT0001189913,4,7,10,8,13,4,12,1
MT0001193202,2,0,11,17,12,17,3,14
MT0001193331,7,7,13,9,14,9,13,10
MT0001193971,15,5,9,12,13,4,16,4
MT0001194164,16,18,3,3,9,6,14,11
MT0001195535,12,4,10,8,13,4,6,6
MT0001202986,12,15,15,2,11,0,15,1
MT0001217651,7,7,5,4,3,5,5,9
MT0001227219,16,18,16,19,6,2,14,11
MT0001230193,8,0,5,4,3,5,0,15
MT0001230298,17,4,3,1,19,12,6,6
MT0001243097,15,12,8,15,18,15,16,4
MT0001256033,12,6,18,11,16,18,5,1
MT0001265984,14,5,0,6,8,9,16,17
MT0001266436,0,3,0,8,8,8,18,11
MT0001267997,0,18,7,15,9,1,18,8
MT0001276044,6,1,12,16,12,16,3,19
MT0001277283,11,12,2,13,0,10,16,4
MT0001284282,17,4,0,8,13,8,6,6
MT0001284801,16,3,7,15,18,1,14,11
MT0001287647,4,13,19,14,3,5,13,15
MT0001292451,16,6,7,15,18,1,14,5
MT0001297031,12,6,15,2,11,0,6,0
MT0001298241,19,19,0,8,8,4,19,9
MT0001301827,0,3,16,19,6,2,18,11
MT0001305550,0,3,4,0,15,14,4,4
MT0001309422,12,6,13,8,14,4,4,6
MT0001313815,0,3,0,10,11,0,4,16
MT0001318718,19,14,15,1,11,0,19,9
MT0001321861,7,7,19,14,3,5,9,13
MT0001323755,1,8,9,8,13,4,11,7
MT0001331047,0,3,4,19,15,2,18,11
MT0001332899,15,12,0,10,11,0,4,6
MT0001335920,7,7,13,6,14,9,13,10
MT0001347462,15,12,3,3,19,12,16,4
MT0001353828,13,2,13,6,14,9,9,2
MT0001356476,4,15,9,12,17,4,15,1
MT0001356637,12,8,10,1,5,12,12,8
MT0001361436,8,1,11,17,12,17,0,15
MT0001362313,19,19,15,2,11,0,19,16
MT0001368531,9,9,15,3,19,0,2,4
MT0001369981,0,3,4,0,15,15,18,11
MT0001370627,0,3,8,0,18,15,4,11
MT0001372070,11,12,0,10,8,8,6,0
MT0001376988,3,1,18,11,16,18,17,19
MT0001377616,9,3,17,3,1,6,2,4
MT0001377742,6,0,14,14,3,5,3,17
MT0001380360,2,0,12,16,12,16,3,14
MT0001383277,7,7,5,4,3,5,5,9
MT0001385947,15,5,13,9,14,7,16,4
MT0001395462,15,4,8,15,18,15,6,0
MT0001397431,3,5,2,13,7,3,7,0
MT0001404677,0,3,8,0,18,15,18,11
MT0001435061,12,4,15,2,11,0,4,16
MT0001436086,0,3,4,0,15,14,18,11
MT0001453285,12,4,10,8,13,4,6,6
MT0001473110,5,10,9,8,13,4,9,5
MT0001473158,16,10,4,19,15,2,9,13
MT0001477169,1,4,3,1,19,12,11,7
MT0001486960,5,7,3,3,19,12,12,0
MT0001494812,11,6,10,8,13,4,14,0
MT0001497786,15,6,15,3,11,0,6,6
MT0001509368,12,12,0,10,8,8,15,1
MT0001509615,9,9,7,3,9,1,2,4
MT0001510617,17,1,0,10,8,8,7,0
MT0001511433,1,17,8,0,18,15,11,7
MT0001514284,12,6,15,2,11,0,5,0
MT0001515028,0,19,7,7,4,15,19,12
MT0001518335,0,3,4,0,15,15,4,6
MT0001521543,4,7,0,10,8,8,5,9
MT0001523435,16,8,17,3,9,6,14,8
MT0001526514,11,1,5,4,10,7,7,3
MT0001528638,10,14,8,0,15,15,1,2
MT0001531856,12,7,0,10,8,8,5,1
MT0001531906,1,5,5,9,10,7,11,7
MT0001542457,4,15,19,14,12,5,13,1
MT0001547111,15,12,17,3,1,6,2,0
MT0001553573,8,1,5,4,10,7,0,3
MT0001554870,7,7,11,14,16,17,13,10
MT0001566152,17,12,0,8,14,3,6,6
MT0001578777,2,0,11,17,12,17,3,19
MT0001583214,8,13,12,16,12,16,7,3
MT0001590201,4,13,13,18,2,13,7,3
MT0001590644,6,13,18,4,3,18,3,3
MT0001594582,9,17,15,2,11,0,14,8
MT0001595082,6,0,5,4,3,5,3,14
MT0001608499,1,19,7,3,9,1,19,12
MT0001609615,19,19,5,9,10,13,19,1
MT0001610102,19,7,9,12,17,9,15,9
MT0001613887,6,0,14,14,3,13,3,14
MT0001615005,8,13,18,4,10,7,7,3
MT0001624303,14,5,0,6,8,3,16,2
MT0001634305,7,7,9,12,17,4,8,0
MT0001638394,0,12,4,0,15,14,18,12
MT0001639011,17,1,18,12,17,18,7,0
MT0001641165,7,7,9,9,17,4,9,0
MT0001642019,2,0,19,4,3,5,10,14
MT0001644811,0,3,15,2,19,8,4,16
MT0001646256,15,12,8,0,18,15,16,4
MT0001648703,2,1,12,16,12,16,3,19
MT0001653728,1,17,7,3,9,6,11,7
MT0001658982,9,3,4,19,15,2,14,8
MT0001661022,10,14,4,0,15,14,1,18
MT0001671399,11,7,18,9,10,7,8,0
MT0001673884,0,3,4,19,15,14,18,11
MT0001699798,11,12,0,6,8,3,16,6
MT0001710592,6,0,5,4,10,7,7,14
MT0001729778,12,6,0,10,11,0,15,1
MT0001738256,8,13,2,13,0,10,0,15
MT0001741017,4,4,18,4,10,7,6,6
MT0001757676,5,14,7,15,18,1,12,4
MT0001765726,15,12,7,7,4,11,14,4
MT0001766004,8,0,5,11,10,7,0,3
MT0001770136,8,13,18,11,16,17,13,3
MT0001779167,17,13,12,16,12,16,7,14
MT0001795697,7,7,0,6,14,9,8,10
MT0001801454,5,10,5,14,3,5,9,13
MT0001810607,12,4,9,8,13,4,6,6
MT0001829666,12,13,0,10,8,8,15,1
MT0001831738,17,4,13,9,10,7,15,1
MT0001832838,12,12,9,12,13,4,4,16
MT0001835551,8,7,11,17,12,17,7,10
MT0001839466,0,3,6,2,11,0,4,16
MT0001841416,16,6,8,15,18,15,14,13
MT0001852290,4,7,19,14,12,16,13,15
MT0001862892,15,6,17,3,1,0,4,6
MT0001889075,13,2,18,11,16,7,13,10
MT0001889244,12,7,15,3,19,0,5,1
MT0001891260,0,12,7,15,9,1,18,8
MT0001899447,15,12,17,3,9,6,4,16
MT0001899867,19,6,9,12,13,3,5,12
MT0001920501,16,3,15,2,19,0,2,11
MT0001927015,5,6,15,2,11,0,5,9
MT0001927474,11,12,13,9,10,9,16,4
MT0001927921,8,7,0,6,13,3,0,15
MT0001929641,12,15,3,3,19,6,6,16
MT0001934410,13,2,13,6,14,9,13,2
MT0001934726,12,6,7,15,9,1,4,16
MT0001938929,5,1,8,0,18,15,9,13
MT0001942272,11,6,13,9,10,9,6,6
MT0001943830,9,9,4,19,15,14,2,4
MT0001949173,0,3,8,0,18,15,18,11
MT0001954919,11,4,7,15,18,15,4,6
MT0001962373,3,1,0,6,8,3,17,19
MT0001963447,6,0,12,16,12,16,3,14
MT0001967655,14,7,9,8,5,4,16,2
MT0001972380,11,12,3,3,19,6,6,16
MT0001972829,9,3,17,3,1,6,18,8
MT0001974130,6,0,12,16,12,16,3,14
MT0001978806,8,1,15,2,11,0,8,15
MT0001980613,1,6,0,10,8,8,6,0
MT0001988811,0,3,10,1,19,12,4,11
MT0001992879,2,1,11,17,12,17,10,19
MT0001993588,7,1,5,4,10,5,17,15
MT0002006203,16,12,7,15,18,1,14,16
MT0002006862,5,14,10,8,5,12,12,4
MT0002007417,0,3,4,19,15,14,18,11
MT0002014752,16,3,8,0,15,15,14,8
MT0002024101,17,13,12,16,12,16,10,3
MT0002024741,12,15,9,12,17,4,15,16
MT0002034238,12,6,0,8,13,3,15,1
MT0002052101,12,4,9,6,17,9,15,6
MT0002054074,9,3,16,5,6,2,18,16
MT0002057142,15,12,4,0,15,14,16,8
MT0002060109,11,4,13,9,10,7,16,0
MT0002068648,8,0,18,11,16,17,7,14
MT0002078701,14,12,0,10,8,8,6,0
MT0002087541,11,5,13,9,10,7,16,2
MT0002088249,19,19,10,1,5,12,19,1
MT0002099419,5,7,15,2,11,0,5,13
MT0002113056,9,9,7,15,9,1,2,4
MT0002131125,4,13,19,14,3,10,13,3
MT0002132088,11,4,10,8,5,4,16,6
MT0002139311,12,15,9,12,17,4,15,1
MT0002142155,9,12,8,0,18,15,2,8
MT0002169629,17,0,5,4,10,7,10,14
MT0002177145,8,4,0,10,8,3,0,9
MT0002179342,13,2,13,6,14,9,10,3
MT0002193996,5,6,13,8,14,9,6,0
MT0002216668,0,3,15,2,11,0,18,11
MT0002219182,19,7,17,3,1,6,5,9
MT0002222944,6,0,13,9,10,7,3,19
MT0002225477,7,10,19,14,3,5,9,13
MT0002238737,9,12,15,1,11,8,2,4
MT0002239079,5,10,17,3,1,0,9,13
MT0002250135,15,12,15,1,11,0,16,0
MT0002252353,17,5,11,11,16,18,7,14
MT0002272314,2,1,18,11,16,18,0,19
MT0002277261,14,4,15,10,11,0,16,2
MT0002291660,3,1,0,6,5,8,17,19
MT0002294387,12,4,5,4,0,5,15,1
MT0002298774,6,0,12,16,12,16,3,14
MT0002307435,11,19,15,1,19,0,19,12
MT0002316145,8,1,18,11,17,18,7,3
MT0002325544,15,4,15,2,11,0,6,6
MT0002336535,0,3,8,0,18,15,18,4
MT0002337555,3,1,18,11,17,4,17,19
MT0002342346,17,0,13,4,10,9,7,3
MT0002343207,16,6,3,15,9,6,5,16
MT0002347246,5,10,10,8,5,12,9,13
MT0002351905,7,7,13,9,14,9,13,10
MT0002355423,1,5,7,15,18,15,11,0
MT0002359628,15,12,3,1,19,12,2,4
MT0002360219,7,7,0,8,8,4,8,0
MT0002362108,19,7,10,8,13,4,15,9
MT0002366291,16,4,0,2,11,0,5,1
MT0002371970,9,9,7,15,18,1,2,8
MT0002372242,7,10,5,13,10,10,13,13
MT0002379942,2,0,0,8,13,3,3,14
MT0002390941,9,12,10,1,19,12,2,4
MT0002396250,11,13,13,9,10,7,7,3
MT0002397625,12,6,2,13,7,3,6,6
MT0002399275,4,7,18,4,16,7,13,15
MT0002438908,1,5,17,3,1,6,11,7
MT0002460914,7,7,9,11,17,7,9,13
MT0002472723,12,15,9,12,17,4,15,1
MT0002477987,15,12,4,0,15,14,14,8
MT0002479795,2,0,19,4,3,5,10,3
MT0002485672,15,12,7,15,18,1,2,2
MT0002510318,14,7,0,6,8,3,16,2
MT0002515172,1,17,8,0,18,15,11,7
MT0002532237,5,6,7,15,9,6,9,5
MT0002538335,5,6,0,10,8,3,5,5
MT0002541988,0,18,17,3,1,6,4,6
MT0002549047,12,4,3,3,19,6,14,0
MT0002549944,12,4,13,4,10,7,5,0
MT0002580064,4,1,13,6,14,9,13,9
MT0002585767,12,12,15,3,11,0,4,6
MT0002591418,11,4,15,2,11,0,4,6
MT0002595792,12,5,7,15,9,1,6,6
MT0002602057,5,8,15,2,11,12,5,5
MT0002604697,11,18,9,12,17,18,4,16
MT0002619035,11,12,9,12,17,4,16,8
MT0002621498,6,0,12,14,12,5,3,14
MT0002634024,11,3,15,2,11,0,4,16
MT0002638821,11,4,7,7,4,11,16,6
MT0002645049,5,7,0,10,8,8,5,9
MT0002655864,7,10,0,10,8,8,9,10
MT0002659854,1,1,14,18,2,13,1,3
MT0002672499,4,7,9,12,17,4,13,9
MT0002675791,11,4,0,10,8,3,6,6
MT0002698706,4,1,18,11,16,18,8,9
MT0002698827,1,17,4,0,15,15,11,7
MT0002700026,19,15,11,17,12,17,13,1
MT0002701422,6,0,0,6,8,9,3,14
MT0002709704,4,13,18,11,16,18,13,15
MT0002711792,6,0,19,4,3,5,3,3
MT0002714093,19,12,9,12,14,4,19,7
MT0002716927,17,4,18,11,17,18,7,3
MT0002737189,7,10,9,9,17,9,13,0
MT0002739845,8,13,18,11,16,17,0,3
MT0002760912,15,12,3,1,4,12,6,6
MT0002761408,2,0,19,4,3,5,3,14
MT0002762445,4,15,9,12,17,4,15,1
MT0002771537,15,12,6,2,19,12,4,6
MT0002784741,5,1,0,6,14,9,8,17
MT0002803746,10,12,15,2,1,0,1,18
MT0002810052,2,0,11,17,12,17,10,14
MT0002840704,5,6,15,2,1,0,5,9
MT0002842988,8,1,14,18,2,13,0,15
MT0002844771,15,6,3,2,19,12,16,0
MT0002846256,0,3,6,2,11,0,4,16
MT0002858390,10,14,15,10,19,8,1,18
MT0002859848,11,4,0,1,13,13,6,6
MT0002875103,4,7,5,4,10,7,13,15
MT0002889321,2,0,19,14,12,5,3,19
MT0002894033,7,7,15,2,11,0,8,0
MT0002903697,14,5,10,1,19,12,16,2
MT0002905185,16,3,8,0,18,15,14,11
MT0002907679,4,13,18,11,16,18,13,1
MT0002909109,7,7,2,13,0,10,13,9
MT0002915967,12,4,3,15,9,6,6,11
MT0002920876,9,8,8,0,18,15,2,4
MT0002928993,12,15,10,8,13,12,15,1
MT0002939380,7,1,0,10,14,19,10,15
MT0002949712,6,0,19,14,0,10,3,14
MT0002951872,19,19,19,14,3,5,19,12
MT0002954708,6,0,5,4,10,7,3,14
MT0002960288,15,5,10,1,7,0,16,2
MT0002962258,7,7,5,4,3,5,13,10
MT0002969144,11,4,10,8,5,4,16,6
MT0002980543,15,14,4,0,15,15,2,2
MT0002986568,12,15,9,12,17,4,15,1
MT0002999366,4,7,0,10,8,3,13,9
MT0003008724,2,0,13,4,10,7,10,14
MT0003012633,14,3,7,0,18,1,16,0
MT0003019852,17,0,11,17,16,17,7,14
MT0003023886,2,0,12,14,12,13,3,14
MT0003025046,11,4,0,8,8,8,4,6
MT0003025373,12,6,18,4,10,7,6,1
MT0003025883,11,12,10,8,5,4,6,0
MT0003028265,16,12,15,10,11,0,14,4
MT0003037754,15,6,10,2,7,0,6,4
MT0003041246,17,0,5,4,3,7,10,3
MT0003044417,19,7,18,4,10,7,8,9
MT0003081304,14,8,3,3,9,6,12,5
MT0003085195,7,1,11,14,16,17,9,13
MT0003085925,17,4,10,1,5,4,6,0
MT0003094118,5,10,9,6,14,9,5,9
MT0003102331,14,7,9,11,17,4,12,9
MT0003106472,7,10,9,12,17,4,8,2
MT0003109823,12,6,10,8,13,4,4,6
MT0003117846,8,1,5,4,3,5,0,15
MT0003124476,4,1,9,6,14,9,13,3
MT0003131369,12,6,15,2,11,0,15,1
MT0003131435,12,6,0,8,13,3,4,16
MT0003144898,8,1,5,4,3,7,0,15
MT0003146944,1,17,8,0,18,15,11,7
MT0003148189,1,5,13,6,14,9,9,2
MT0003163405,1,12,0,10,13,3,11,7
MT0003175531,4,15,0,6,14,3,15,1
MT0003189890,19,6,10,1,5,12,6,7
MT0003209662,6,13,18,11,10,7,3,3
MT0003213617,0,3,15,2,11,0,4,16
MT0003213835,4,15,9,9,17,18,5,1
MT0003216840,4,13,5,4,10,7,13,1
MT0003224500,19,7,12,16,12,16,19,10
MT0003228768,0,3,17,3,1,0,4,6
MT0003237550,3,6,0,6,8,3,17,0
MT0003246728,8,7,13,6,14,3,0,15
MT0003248394,3,1,0,10,8,8,17,18
MT0003262589,2,13,18,11,16,18,7,3
MT0003263304,5,6,0,8,8,3,14,0
MT0003264792,7,7,15,2,11,0,5,9
MT0003272904,17,13,18,11,17,18,7,1
MT0003274067,19,12,3,3,19,12,19,6
MT0003280103,14,6,15,1,19,0,8,0
MT0003286463,13,2,10,1,5,12,12,5
MT0003287170,9,17,4,19,15,14,11,8
MT0003287931,12,4,13,9,10,7,15,6
MT0003294608,2,0,19,4,3,5,3,19
MT0003300388,11,4,10,1,5,12,6,0
MT0003304271,0,12,17,3,9,6,18,4
MT0003309945,6,0,10,1,5,12,3,17
MT0003315880,4,15,13,6,14,3,13,1
MT0003320924,0,18,8,0,15,15,18,11
MT0003326925,8,15,18,17,16,17,0,1
MT0003328491,12,4,7,3,9,6,5,0
MT0003329820,7,1,13,6,14,7,12,6
MT0003336370,12,6,7,0,18,1,4,6
MT0003336800,3,1,18,11,16,18,17,19
MT0003337396,2,1,19,14,3,5,10,19
MT0003343422,15,12,3,3,19,12,2,4
MT0003345751,2,0,19,4,3,5,3,14
MT0003352308,15,12,4,0,15,14,2,8
MT0003353602,17,4,13,4,10,7,7,3
MT0003353794,12,19,6,2,11,0,6,6
MT0003354468,10,14,0,10,8,8,1,18
MT0003362542,19,19,14,18,2,13,19,12
MT0003362617,16,19,4,0,15,15,19,12
MT0003389088,11,7,5,4,10,7,6,9
MT0003390733,13,6,6,10,11,0,5,6
MT0003402178,9,17,16,19,6,2,11,8
MT0003402538,12,6,17,3,1,0,4,6
MT0003402994,7,7,13,13,14,9,13,9
MT0003420996,9,8,7,15,9,6,2,8
MT0003421433,14,8,9,12,17,4,6,6
MT0003428477,9,9,8,0,15,14,2,4
MT0003435704,12,12,18,11,16,18,4,6
MT0003440957,4,13,5,4,3,5,13,15
MT0003444822,2,0,2,13,0,3,10,3
MT0003462877,13,0,11,11,16,17,0,3
MT0003473344,11,4,3,2,19,12,6,6
MT0003482336,4,1,13,9,17,7,17,15
MT0003496132,3,1,18,11,16,18,17,19
MT0003501434,15,12,0,6,8,8,2,4
MT0003503243,8,13,19,14,3,5,0,3
MT0003504525,10,14,15,10,11,0,1,18
MT0003510796,7,8,13,9,17,7,12,5
MT0003517837,12,7,9,12,17,4,6,0
MT0003536193,4,13,11,17,16,17,13,9
MT0003539442,2,0,19,14,3,5,3,14
MT0003542756,9,3,4,0,15,15,2,8
MT0003570082,12,4,0,10,11,8,14,8
MT0003587042,17,0,12,16,12,16,10,3
MT0003597979,4,15,9,8,13,4,15,1
MT0003603497,10,14,15,10,19,8,1,18
MT0003603772,5,7,15,2,11,0,5,9
MT0003612742,4,7,11,11,16,17,13,10
MT0003617309,17,13,11,17,16,17,7,3
MT0003629164,12,6,0,10,11,8,5,1
MT0003630870,5,10,15,10,11,0,9,13
MT0003649209,7,7,13,9,14,9,13,10
MT0003655884,0,3,16,5,6,2,18,8
MT0003659365,17,13,12,16,12,16,7,3
MT0003663435,4,7,9,8,13,4,13,3
MT0003669917,4,13,13,9,14,9,13,15
MT0003728288,6,0,12,14,12,5,3,14
MT0003729518,11,5,5,4,3,5,6,0
MT0003732702,11,12,10,2,19,12,18,6
MT0003740052,12,4,10,2,5,12,6,6
MT0003748227,16,6,7,15,9,6,12,12
MT0003759483,17,4,0,8,8,8,7,3
MT0003762220,12,6,3,3,19,6,4,16
MT0003762339,6,0,19,14,3,5,3,14
MT0003768949,4,15,9,12,17,4,15,1
MT0003770678,5,6,0,10,8,8,5,5
MT0003774577,7,10,18,11,16,18,9,13
MT0003782002,2,0,2,9,10,7,10,14
MT0003788939,13,2,18,11,16,18,7,3
MT0003791678,4,7,9,12,17,4,13,1
MT0003792475,8,13,18,11,16,18,7,3
MT0003795778,8,1,18,11,16,18,15,6
MT0003796752,0,3,3,7,4,11,4,16
MT0003821577,6,0,12,14,12,5,3,14
MT0003837569,2,0,12,14,12,16,3,14
MT0003859252,5,6,13,6,14,9,5,5
MT0003861331,7,7,0,6,14,9,5,9
MT0003863509,12,4,9,8,13,3,6,6
MT0003868349,9,3,0,8,8,3,18,8
MT0003868390,1,5,5,4,10,9,6,7
MT0003869539,8,1,0,6,8,8,0,15
MT0003878494,14,5,3,2,19,0,16,2
MT0003880691,17,13,9,11,17,7,7,3
MT0003881997,7,10,9,6,17,4,9,13
MT0003898980,10,14,0,10,8,8,1,2
MT0003903675,4,7,13,6,14,9,13,15
MT0003906833,7,7,9,12,17,4,12,0
MT0003907045,11,12,0,8,8,3,16,6
MT0003909053,12,4,10,1,5,12,6,6
MT0003909575,5,6,3,3,9,6,5,13
MT0003922883,12,15,9,12,13,4,15,1
MT0003934644,17,4,5,9,10,7,15,6
MT0003935299,0,18,8,0,18,15,4,16
MT0003965796,14,7,9,12,17,4,13,3
MT0003968586,6,0,2,14,0,10,3,14
MT0003970870,0,3,8,0,18,15,18,11
MT0003974181,0,3,8,0,18,15,18,11
MT0003979876,8,13,12,16,12,16,10,15
MT0004001989,17,15,5,4,10,7,15,1
MT0004012938,2,0,19,4,3,5,10,14
MT0004020993,17,15,19,14,3,5,15,1
MT0004025604,6,0,18,4,16,7,7,3
MT0004028719,11,12,15,2,11,0,16,0
MT0004033010,12,6,9,6,17,9,15,1
MT0004068560,6,0,12,14,12,5,3,14
MT0004072079,8,1,12,16,12,16,0,3
MT0004073991,5,2,10,1,5,12,9,5
MT0004085907,8,10,18,4,16,18,0,19
MT0004087145,17,4,18,9,10,7,7,6
MT0004091857,4,7,0,6,14,3,13,9
MT0004098601,13,0,10,2,19,0,3,7
MT0004113262,3,1,5,9,10,7,17,2
MT0004117319,0,3,8,0,18,15,18,11
MT0004131260,3,1,19,14,3,5,17,19
MT0004137658,6,1,13,9,10,9,3,17
MT0004141823,13,2,17,3,1,0,5,1
MT0004156130,9,3,3,3,9,6,2,8
MT0004180568,11,12,15,2,11,0,6,6
MT0004184616,14,8,9,8,17,4,12,8
MT0004194402,12,15,10,1,5,12,15,6
MT0004197514,7,10,9,12,17,4,9,2
MT0004212108,11,4,3,3,9,6,6,6
MT0004219321,11,4,3,3,9,6,6,6
MT0004232099,1,17,7,15,9,6,14,7
MT0004240748,17,1,13,9,10,7,10,3
MT0004254228,8,1,11,17,12,17,10,19
MT0004256890,0,3,7,15,9,1,4,16
MT0004262978,11,12,15,2,19,0,16,2
MT0004263301,19,19,9,12,13,4,19,12
MT0004287283,5,18,3,3,19,6,14,5
MT0004290389,9,12,15,1,8,8,2,2
MT0004293364,5,10,0,6,14,9,9,9
MT0004306521,12,15,9,12,17,4,15,1
MT0004317784,6,1,15,2,1,0,3,19
MT0004337195,12,15,15,3,19,0,5,9
MT0004338270,5,6,17,3,1,6,5,0
MT0004352104,8,5,13,6,14,3,6,0
MT0004352726,0,12,17,3,1,6,4,16
MT0004362501,1,4,9,13,7,3,6,6
MT0004395306,11,12,10,1,5,12,14,8
MT0004397754,5,10,15,8,11,0,9,13
MT0004400843,17,4,11,11,16,18,6,0
MT0004414074,6,0,14,14,3,5,3,14
MT0004422924,17,15,18,11,17,4,7,6
MT0004425744,12,6,13,6,14,9,4,6
MT0004440606,15,9,0,10,8,8,2,2
MT0004444570,12,15,15,2,19,0,15,9
MT0004447086,3,1,14,18,2,13,10,17
MT0004459450,3,1,5,4,3,5,17,19
MT0004469135,12,15,0,6,13,3,15,1
MT0004476235,16,18,8,0,18,15,5,5
MT0004485367,9,18,8,0,15,15,14,8
MT0004489039,9,9,16,19,6,2,2,8
MT0004497478,6,5,13,9,10,7,3,14
MT0004500770,15,12,7,15,18,1,4,6
MT0004506984,14,7,15,2,11,0,7,0
MT0004511265,8,0,5,4,3,5,10,3
MT0004512063,2,0,19,4,3,5,10,14
MT0004514306,17,1,11,17,16,17,7,0
MT0004525980,11,12,10,1,5,12,16,4
MT0004540242,4,13,13,9,14,9,13,1
MT0004542745,14,7,3,3,19,12,12,8
MT0004548391,7,10,13,9,14,7,9,13
MT0004550434,8,1,19,14,3,5,0,15
MT0004550458,16,18,7,15,18,1,14,5
MT0004551480,5,1,10,1,19,12,12,9
MT0004558203,8,0,19,14,3,5,0,3
MT0004558461,8,0,18,11,16,18,7,3
MT0004588191,19,15,9,12,17,4,15,1
MT0004609722,12,6,3,1,19,12,6,16
MT0004625127,6,13,11,17,12,17,7,3
MT0004645468,8,7,19,14,3,5,0,15
MT0004674397,14,5,0,8,8,12,9,2
MT0004683099,13,13,19,14,3,5,13,1
MT0004692317,12,15,13,6,14,9,15,1
MT0004692456,12,4,5,4,3,5,15,1
MT0004711079,19,19,3,3,19,0,19,12
MT0004725201,15,12,3,3,19,12,2,4
MT0004725405,5,8,18,4,10,7,5,5
MT0004739956,6,0,19,14,3,5,3,14
MT0004754115,12,4,10,8,13,4,6,16
MT0004758223,0,12,8,0,18,15,4,8
MT0004759588,2,0,19,14,3,5,3,14
MT0004772896,15,12,17,3,9,6,4,6
MT0004776609,11,6,3,3,19,6,4,16
MT0004781165,16,18,4,19,15,2,14,11
MT0004798504,3,1,5,4,10,18,19,12
MT0004798790,3,5,10,2,5,12,9,2
MT0004811602,6,1,12,14,12,5,17,19
MT0004816612,11,4,15,1,11,0,16,3
MT0004829377,4,15,13,6,10,9,13,1
MT0004836526,3,1,5,4,10,7,17,19
MT0004840819,15,6,15,2,11,0,4,6
MT0004842694,9,9,8,0,18,15,2,2
MT0004844832,8,0,14,11,16,18,10,15
MT0004850406,7,7,13,9,14,9,8,15
MT0004861138,13,2,17,3,1,0,9,13
MT0004864453,3,1,5,4,10,7,8,2
MT0004866559,16,18,7,2,4,11,9,16
MT0004867185,7,2,6,10,11,0,9,13
MT0004869271,11,12,7,15,18,1,16,2
MT0004872217,7,7,5,4,3,5,13,10
MT0004882280,17,1,13,6,14,9,8,0
MT0004883551,7,7,0,6,8,3,9,0
MT0004890000,12,15,13,6,14,9,15,1
MT0004896738,4,7,13,9,10,9,8,9
MT0004910983,11,4,10,1,5,12,6,0
MT0004925844,10,12,0,8,8,3,1,18
MT0004936799,19,19,3,1,19,6,19,16
MT0004943985,14,7,15,2,11,0,12,10
MT0004948855,13,13,11,17,16,17,0,15
MT0004961409,3,1,13,4,10,7,10,3
MT0004962647,1,17,15,2,19,0,11,8
MT0004963809,0,12,4,0,15,14,18,8
MT0004970058,7,6,9,12,17,4,8,5
MT0005001966,17,13,10,2,5,12,7,3
MT0005023904,16,3,3,1,19,0,14,8
MT0005026798,2,0,19,14,3,5,10,19
MT0005029328,2,13,5,4,10,5,10,3
MT0005030845,19,19,13,9,10,9,19,1
MT0005033429,8,1,13,6,14,3,0,15
MT0005039941,3,1,18,11,17,18,17,19
MT0005072543,9,9,8,0,15,15,2,16
MT0005083885,15,5,17,3,1,6,16,4
MT0005094727,12,4,10,1,5,4,6,6
MT0005111463,12,15,10,8,13,4,15,1
MT0005113916,11,12,10,1,19,12,6,0
MT0005115042,12,6,3,3,9,6,14,16
MT0005118426,0,3,7,15,9,1,4,16
MT0005134466,17,8,18,4,16,18,7,3
MT0005155949,0,3,15,1,19,12,4,11
MT0005157804,1,5,15,2,11,0,6,14
MT0005158273,0,3,17,3,1,6,4,16
MT0005171537,3,1,13,6,10,19,17,19
MT0005189351,12,15,15,3,11,0,15,1
MT0005189820,15,3,6,2,11,0,4,6
MT0005198745,15,12,7,15,9,1,4,6
MT0005202791,2,0,19,14,3,5,3,14
MT0005223794,2,0,11,17,12,17,7,3
MT0005241287,14,5,1,7,4,11,6,0
MT0005241699,4,7,11,17,16,17,13,15
MT0005243931,2,0,14,14,3,13,10,3
MT0005253065,12,3,10,1,19,12,4,16
MT0005262725,9,9,4,0,15,14,18,4
MT0005265641,5,8,17,3,1,0,5,13
MT0005272837,5,18,7,15,9,1,14,5
MT0005285696,0,17,6,2,1,0,4,8
MT0005286165,8,7,14,14,3,13,0,15
MT0005287506,2,0,5,4,10,7,0,3
MT0005294278,0,3,3,3,9,6,18,11
MT0005304966,3,1,5,4,3,5,17,19
MT0005319891,2,0,12,16,12,16,3,14
MT0005330350,1,6,15,2,11,0,19,5
MT0005331755,4,15,18,11,16,4,15,1
MT0005344437,12,12,10,1,19,12,4,16
MT0005379911,4,13,10,8,13,4,7,3
MT0005387539,8,13,11,17,16,17,0,15
MT0005404111,7,7,0,6,14,9,13,10
MT0005404247,15,12,0,6,13,3,4,6
MT0005409948,7,1,18,4,10,7,9,13
MT0005411969,4,7,18,4,10,7,13,10
MT0005417719,7,7,9,12,17,4,9,13
MT0005422349,16,8,7,3,9,6,12,6
MT0005425879,9,9,4,0,15,14,2,4
MT0005426130,5,10,13,6,14,3,9,9
MT0005431678,13,2,18,11,16,5,9,13
MT0005443513,10,14,3,3,9,6,1,18
MT0005451862,17,0,2,13,0,3,7,14
MT0005469880,19,19,0,10,8,8,19,10
MT0005478759,4,13,5,4,3,5,13,1
MT0005486154,9,9,8,0,15,15,2,8
MT0005497233,13,2,3,3,19,0,9,13
MT0005515169,8,13,11,17,16,17,0,15
MT0005519111,11,12,0,10,8,8,6,16
MT0005523766,7,7,13,6,14,9,13,10
MT0005540023,1,5,15,2,11,0,7,3
MT0005540907,4,7,0,6,14,3,13,9
MT0005550288,2,13,18,11,16,18,7,3
MT0005556630,11,12,15,2,19,0,16,8
MT0005567133,2,0,18,4,3,18,10,3
MT0005568749,0,12,4,0,15,14,19,8
MT0005575348,1,17,3,3,19,6,6,7
MT0005592810,4,7,9,11,17,4,6,0
MT0005593407,12,4,15,2,11,0,12,6
MT0005621435,16,18,3,3,9,6,14,8
MT0005625323,7,7,13,6,14,9,13,10
MT0005625762,7,10,13,6,14,9,9,13
MT0005630273,15,12,10,1,5,12,2,6
MT0005638160,2,0,14,14,3,13,3,3
MT0005642770,8,13,12,16,12,16,0,19
MT0005652563,8,1,19,14,3,5,10,10
MT0005655655,12,6,7,15,9,1,6,16
MT0005656534,10,14,7,15,18,1,1,18
MT0005660001,16,12,8,0,15,15,4,5
MT0005666606,4,7,9,6,13,4,5,1
MT0005673020,3,1,5,4,3,5,17,13
MT0005675358,19,19,13,6,14,9,0,1
MT0005695311,0,17,4,0,15,14,4,8
MT0005707044,17,1,18,11,16,18,6,0
MT0005713768,4,7,13,6,14,9,15,9
MT0005715379,4,7,9,12,13,4,8,0
MT0005715715,17,4,9,11,17,4,7,3
MT0005723257,0,3,8,0,15,15,18,11
MT0005725657,4,13,18,9,17,18,10,3
MT0005727783,12,6,15,2,11,0,15,0
MT0005740567,12,6,7,0,18,1,4,1
MT0005751512,3,1,19,4,3,5,17,19
MT0005752234,7,7,0,10,8,8,8,9
MT0005756784,5,10,0,10,8,0,9,13
MT0005760259,8,7,5,9,10,9,10,15
MT0005761702,19,19,9,12,17,4,5,12
MT0005763004,5,7,0,10,11,0,9,13
MT0005774267,17,0,9,12,17,4,10,3
MT0005775235,10,14,10,10,5,8,1,18
MT0005802574,5,6,3,3,19,12,12,9
MT0005804191,0,12,17,2,1,6,4,16
MT0005822463,16,12,4,0,15,14,2,5
MT0005822671,8,0,18,11,16,7,7,16
MT0005826176,8,1,5,9,10,7,13,3
MT0005827376,12,15,10,8,13,12,15,1
MT0005830128,0,6,15,2,11,0,4,16
MT0005850999,9,12,17,3,1,6,2,4
MT0005863380,11,4,0,2,11,0,6,0
MT0005884980,1,17,17,3,1,6,11,7
MT0005912220,0,3,0,8,13,3,4,16
MT0005916227,12,15,7,3,9,1,15,1
MT0005944471,12,15,18,12,17,18,15,1
MT0005951020,14,7,11,17,16,17,12,0
MT0005959692,9,9,4,19,15,14,2,8
MT0005963165,11,3,10,1,13,12,6,16
MT0005974256,7,7,9,12,17,4,8,0
MT0006001707,14,5,13,9,10,9,7,3
MT0006007936,7,1,19,14,3,5,13,15
MT0006022752,12,4,10,1,5,12,14,0
MT0006036535,0,3,3,3,9,6,18,6
MT0006037085,10,14,3,3,19,12,1,18
MT0006039798,17,4,9,12,17,4,8,0
MT0006044445,11,12,6,2,4,11,16,2
MT0006067841,8,1,5,4,10,5,0,15
MT0006078896,2,0,18,4,16,18,3,19
MT0006114773,6,0,19,4,3,5,7,14
MT0006115121,17,7,18,11,16,18,8,0
MT0006129774,0,3,7,15,9,1,18,8
MT0006137300,1,17,7,15,18,1,11,7
MT0006137372,15,12,3,3,9,6,6,4
MT0006157839,4,1,10,1,5,12,7,3
MT0006159067,16,12,17,3,1,6,14,11
MT0006164654,8,1,9,12,13,4,8,15
MT0006169551,1,5,17,3,1,6,11,7
MT0006171393,9,3,4,19,15,14,18,8
MT0006181559,16,6,7,3,9,6,12,5
MT0006188933,5,6,8,0,18,15,9,13
MT0006196650,4,7,9,12,17,4,12,0
MT0006232679,19,7,5,4,10,5,15,10
MT0006256204,2,1,11,17,12,17,17,19
MT0006324704,11,4,0,8,8,3,7,6
MT0006348382,0,3,0,10,8,0,4,11
MT0006356406,2,1,11,17,12,17,10,17
MT0006357085,4,15,18,11,16,18,13,1
MT0006357849,17,1,9,12,17,7,7,15
MT0006365604,3,1,18,11,16,18,9,2
MT0006367176,8,1,5,4,10,5,0,1
MT0006391732,8,1,19,14,3,5,0,15
MT0006397809,19,15,18,4,10,7,5,1
MT0006400514,9,17,3,3,9,6,11,4
MT0006406298,4,15,9,12,17,4,13,1
MT0006409530,3,8,2,13,7,3,7,3
MT0006410285,12,4,15,10,11,0,6,6
MT0006417602,9,9,17,2,1,0,2,4
MT0006421356,0,3,17,3,9,6,4,16
MT0006431184,10,14,8,0,18,15,1,2
MT0006431807,3,1,13,6,14,9,8,17
MT0006434833,7,1,13,6,14,3,0,15
MT0006475078,0,3,8,0,15,15,4,6
MT0006475970,5,6,15,2,11,0,5,9
MT0006484633,2,0,19,14,3,5,3,14
MT0006487635,2,1,11,17,12,17,10,3
MT0006492385,0,3,16,19,6,2,18,11
MT0006497092,11,4,9,8,13,3,6,6
MT0006510599,8,0,9,12,17,4,10,15
MT0006514225,17,13,13,4,10,7,7,3
MT0006522591,1,5,17,3,1,0,16,2
MT0006528309,0,4,0,10,11,0,4,16
MT0006531857,6,0,12,16,12,5,3,14
MT0006536592,17,15,0,6,14,3,15,1
MT0006540794,4,7,13,4,10,7,13,9
MT0006545202,3,0,19,14,3,10,10,19
MT0006552038,2,1,19,4,3,7,3,3
MT0006553309,4,5,9,12,17,4,7,7
MT0006553914,7,7,5,14,3,5,8,0
MT0006559667,2,0,12,16,12,16,10,14
MT0006573563,2,0,12,16,12,16,10,14
MT0006587635,2,0,12,16,12,16,3,14
MT0006587819,9,17,7,15,9,6,18,8
MT0006612877,2,0,12,16,12,16,10,3
MT0006633147,11,4,10,1,5,12,16,6
MT0006635536,9,12,15,1,11,8,16,2
MT0006640142,4,7,0,10,8,8,13,9
MT0006641042,2,0,19,14,3,10,3,14
MT0006654122,17,5,19,4,3,5,7,14
MT0006683265,6,0,19,14,3,5,3,14
MT0006683875,17,4,13,6,14,3,7,3
MT0006695707,6,0,19,14,3,5,3,14
MT0006708402,7,7,0,6,8,3,8,15
MT0006713730,15,3,17,3,9,6,16,4
MT0006723128,13,0,5,4,3,5,0,15
MT0006737689,8,13,19,4,3,5,0,3
MT0006742179,2,0,5,4,3,5,10,14
MT0006746691,13,13,11,17,12,17,13,3
MT0006747288,19,15,9,12,17,18,15,1
MT0006751087,13,2,11,17,12,17,0,10
MT0006761058,12,4,0,8,14,9,4,6
MT0006761971,5,10,13,6,14,9,9,9
MT0006770955,4,7,13,4,10,7,13,9
MT0006771406,4,7,13,6,2,13,13,9
MT0006773580,2,0,13,4,10,7,3,3
MT0006778622,7,7,13,10,14,7,8,0
MT0006784451,8,1,12,16,12,16,10,15
MT0006788512,6,1,14,4,10,9,3,3
MT0006790347,2,0,13,9,2,7,3,14
MT0006795758,7,13,0,8,11,8,9,15
MT0006798861,8,0,11,16,12,16,0,15
MT0006800841,13,6,0,2,11,8,5,1
MT0006806145,8,0,5,4,3,5,0,3
MT0006810990,3,1,11,17,12,17,17,19
MT0006813360,9,9,7,15,18,15,2,8
MT0006832360,6,0,19,14,3,5,3,14
MT0006833696,14,7,18,11,16,18,16,6
MT0006839715,14,5,13,6,14,9,16,2
MT0006843007,17,15,18,11,16,18,15,6
MT0006846075,11,5,10,1,5,12,16,2
MT0006876450,9,3,8,0,15,15,18,8
MT0006877397,12,12,0,10,8,3,12,6
MT0006879985,5,10,0,10,8,3,9,13
MT0006880936,14,14,9,8,5,4,8,2
MT0006919273,19,19,17,3,1,6,19,12
MT0006929157,8,1,0,6,14,3,9,15
MT0006933170,8,1,5,4,10,7,0,15
MT0006937715,12,4,18,12,17,18,15,1
MT0006939177,7,10,0,10,8,12,9,13
MT0006955716,5,6,13,9,10,7,12,9
MT0006983241,10,14,0,10,8,8,1,2
MT0006991912,15,12,3,3,9,6,2,2
MT0007013069,14,12,15,2,11,0,16,2
MT0007037296,8,0,18,14,16,18,0,15
MT0007039082,17,4,13,4,10,7,6,6
MT0007043504,5,10,15,10,11,0,9,13
MT0007051057,16,12,8,0,18,15,14,16
MT0007051188,1,4,15,2,11,0,11,6
MT0007053424,1,5,9,12,17,4,6,7
MT0007057303,5,6,10,1,5,12,5,5
MT0007058512,8,1,12,16,12,16,0,19
MT0007064420,0,12,3,3,9,6,4,8
MT0007067293,4,1,13,9,14,3,13,10
MT0007071481,7,10,6,2,11,0,5,13
MT0007072992,12,12,10,1,5,12,6,0
MT0007074655,3,1,19,14,3,5,17,19
MT0007075838,2,5,18,11,16,18,7,7
MT0007081433,12,4,17,2,1,0,6,0
MT0007087238,10,14,15,10,11,8,1,18
MT0007102148,0,17,4,19,15,14,4,16
MT0007102997,11,12,15,2,11,8,16,16
MT0007106784,12,6,15,2,11,0,15,1
MT0007107079,1,17,7,15,18,1,11,7
MT0007109938,13,2,18,11,16,18,0,15
MT0007113915,16,9,17,2,1,1,14,8
MT0007117290,14,7,10,8,5,12,12,2
MT0007127869,3,1,18,11,16,18,17,19
MT0007132421,14,7,9,12,17,4,13,3
MT0007136180,4,7,5,4,10,7,0,15
MT0007142175,19,7,13,9,10,9,19,3
MT0007147603,7,7,15,2,11,0,13,9
MT0007164275,8,7,19,14,3,5,0,15
MT0007186714,15,12,3,3,9,6,4,6
MT0007190016,8,1,15,2,19,12,0,15
MT0007199330,4,13,2,13,0,10,7,3
MT0007210245,7,1,18,11,17,7,17,19
MT0007267489,12,3,15,2,11,0,4,6
MT0007269020,2,0,18,9,10,7,3,14
MT0007276457,17,13,11,17,12,17,7,3
MT0007280044,12,6,6,2,11,0,6,6
MT0007282148,9,12,17,3,1,6,14,8
MT0007329488,7,7,13,13,14,9,13,10
MT0007337206,13,2,11,17,12,17,13,9
MT0007340697,5,6,0,6,8,19,13,15
MT0007349422,5,10,0,10,8,3,9,5
MT0007350911,12,15,10,8,13,4,4,16
MT0007353661,15,5,6,2,11,0,16,0
MT0007356476,0,3,7,15,9,1,18,8
MT0007379700,5,6,0,6,13,8,8,2
MT0007384768,12,6,7,3,9,6,15,16
MT0007390015,15,18,6,2,11,0,16,6
MT0007393408,14,4,17,2,1,0,16,0
MT0007401605,3,1,5,4,3,5,17,19
MT0007410187,9,3,7,15,9,1,18,11
MT0007412399,5,7,10,1,5,12,5,2
MT0007412921,11,12,15,2,11,8,16,2
MT0007413949,2,0,19,14,3,5,3,14
MT0007419064,4,7,5,4,3,5,13,10
MT0007423667,2,0,12,14,12,16,7,14
MT0007433643,15,12,15,1,19,12,16,0
MT0007438571,17,7,18,11,16,18,8,0
MT0007442223,2,0,12,16,12,16,3,19
MT0007453719,16,18,17,3,1,0,4,16
MT0007477802,3,1,9,9,17,9,19,12
MT0007493575,16,8,10,3,19,0,12,8
MT0007508173,14,5,17,3,1,0,16,0
MT0007522436,7,10,13,9,10,9,9,13
MT0007525777,0,12,7,3,9,6,4,16
MT0007556029,16,3,8,0,18,15,14,11
MT0007602902,17,4,11,17,12,17,7,3
MT0007607008,5,6,13,6,10,9,5,9
MT0007627521,6,0,12,14,12,5,3,14
MT0007644103,12,15,15,2,11,0,15,1
MT0007645808,7,10,19,14,3,5,9,9
MT0007659703,8,1,12,16,12,16,0,19
MT0007663424,8,13,12,16,12,16,0,3
MT0007696006,13,2,12,16,12,16,3,14
MT0007728545,16,19,9,12,17,4,14,12
MT0007730975,11,4,10,2,11,0,6,6
MT0007757097,4,7,18,11,16,7,13,3
MT0007766156,14,4,0,8,13,3,12,5
MT0007780282,2,0,18,11,16,18,17,14
MT0007780572,2,1,5,4,3,5,3,19
MT0007795217,8,0,13,4,10,7,10,3
MT0007797719,0,3,4,0,15,14,18,11
MT0007805279,7,10,9,8,17,4,9,13
MT0007806202,8,0,11,17,12,17,0,19
MT0007818252,2,0,19,4,3,5,10,3
MT0007825188,17,4,11,17,16,17,7,6
MT0007828167,1,5,0,8,8,3,6,0
MT0007832902,17,13,18,11,16,17,7,3
MT0007859380,19,6,10,1,5,12,5,9
MT0007860263,0,12,3,15,9,1,18,11
MT0007866540,13,2,5,4,10,7,9,13
MT0007868583,7,1,9,8,13,3,13,15
MT0007886392,5,6,3,3,19,12,12,5
MT0007906518,2,0,13,9,10,7,7,3
MT0007912800,0,3,9,6,13,3,4,16
MT0007924549,3,1,5,6,3,13,10,15
MT0007926918,17,0,19,4,3,5,7,3
MT0007934529,3,0,12,16,12,16,0,14
MT0007939281,3,5,2,13,0,10,3,19
MT0007959122,8,0,5,4,3,5,10,3
MT0007961100,6,0,12,14,3,5,3,14
MT0007983016,17,4,9,12,17,4,8,0
MT0007991638,2,0,13,4,10,7,10,14
MT0007999856,8,1,11,17,12,17,0,15
MT0008022729,3,1,0,6,8,3,17,19
MT0008029439,5,10,6,0,1,1,9,13
MT0008045785,2,0,19,4,3,5,10,3
MT0008046899,19,7,6,2,7,0,5,9
MT0008077878,4,7,18,11,17,18,13,15
MT0008084656,8,13,18,11,16,18,7,3
MT0008105399,1,5,0,10,8,8,11,2
MT0008113039,4,15,2,13,0,10,15,1
MT0008120072,16,18,8,0,18,15,5,5
MT0008130158,8,1,19,14,3,5,10,3
MT0008131425,15,12,6,2,11,0,5,2
MT0008138963,0,6,3,3,19,0,14,16
MT0008147388,2,1,12,14,12,5,17,19
MT0008149831,2,0,13,9,10,7,3,14
MT0008154135,11,5,15,2,11,0,7,14
MT0008166431,4,7,18,11,16,17,13,1
MT0008184180,13,2,2,13,7,3,10,3
MT0008211502,13,2,11,17,16,17,7,3
MT0008236217,17,4,10,8,5,4,6,0
MT0008236389,4,13,0,10,8,8,7,1
MT0008237717,4,7,18,11,16,18,15,9
MT0008241153,16,6,8,0,18,15,14,5
MT0008276763,17,12,5,4,10,5,6,0
MT0008279825,12,4,13,6,14,9,6,6
MT0008296972,14,5,8,0,18,15,16,2
MT0008307409,1,5,10,8,5,4,11,2
MT0008307905,3,1,5,9,10,7,0,19
MT0008308461,12,6,10,1,5,12,5,6
MT0008313843,4,15,13,6,14,9,15,1
MT0008327012,5,18,15,2,11,0,5,6
MT0008345160,5,6,18,11,16,18,5,5
MT0008347586,13,2,5,4,10,7,9,1
MT0008350331,17,1,13,6,14,7,8,15
MT0008352590,16,18,17,3,1,6,14,16
MT0008361425,5,6,13,6,14,9,5,2
MT0008363189,4,4,0,10,8,8,13,3
MT0008363839,1,5,15,2,11,0,6,7
MT0008368311,15,17,7,15,9,1,14,4
MT0008371251,11,12,17,3,1,6,16,8
MT0008385501,6,0,18,4,16,18,3,14
MT0008386252,2,1,12,16,12,16,10,19
MT0008394478,13,2,9,12,17,18,13,1
MT0008401073,7,7,18,11,17,7,8,10
MT0008408635,1,17,3,3,9,6,11,7
MT0008421113,6,0,19,14,3,5,3,14
MT0008421900,9,9,8,0,18,15,11,4
MT0008425062,3,1,10,8,5,4,8,2
MT0008425616,6,0,12,16,12,16,3,14
MT0008428932,9,12,3,15,9,6,11,4
MT0008431795,19,15,9,12,13,3,15,1
MT0008493270,16,18,4,19,15,2,2,5
MT0008497871,3,1,18,9,10,7,17,19
MT0008499614,6,0,18,9,10,7,3,14
MT0008511909,7,1,0,13,7,3,9,13
MT0008515901,16,18,8,15,18,1,14,11
MT0008530072,2,0,19,4,3,5,3,3
MT0008530652,9,3,8,0,15,15,18,8
MT0008537015,14,5,8,0,18,15,12,8
MT0008548050,12,3,10,1,19,12,4,11
MT0008554680,3,0,6,10,7,3,17,19
MT0008565530,2,0,11,16,12,16,0,3
MT0008570712,13,2,5,11,10,7,9,15
MT0008573252,8,0,19,4,3,5,10,15
MT0008578405,3,5,18,9,10,7,17,3
MT0008596505,10,14,0,10,8,8,1,18
MT0008596537,8,13,5,4,3,7,10,15
MT0008602863,13,2,12,16,12,16,9,15
MT0008604277,9,12,8,0,18,15,2,4
MT0008632122,11,5,10,1,5,4,16,0
MT0008635124,6,0,12,16,12,16,3,19
MT0008636271,11,4,14,9,2,9,6,6
MT0008641724,7,7,13,6,14,4,9,13
MT0008649724,6,5,5,4,10,18,3,14
MT0008652185,2,0,12,16,12,16,3,14
MT0008672387,13,2,11,17,12,17,0,15
MT0008673460,15,12,0,8,13,8,4,16
MT0008684978,12,15,0,8,8,3,15,1
MT0008690776,17,19,18,11,16,18,19,12
MT0008709705,0,6,10,3,19,6,14,16
MT0008734186,6,0,5,4,10,18,3,14
MT0008734289,6,1,19,4,3,5,3,3
MT0008740787,1,5,15,2,11,0,16,7
MT0008750426,14,5,10,1,19,12,12,0
MT0008776764,8,13,5,11,10,7,0,15
MT0008790106,17,7,10,8,13,4,8,0
MT0008790360,6,0,19,14,3,5,3,14
MT0008791082,2,0,11,17,12,17,3,14
MT0008794071,9,17,15,2,19,0,11,7
MT0008800327,2,0,5,4,10,7,10,3
MT0008806305,6,0,19,14,3,5,3,14
MT0008813307,8,1,10,8,13,4,6,1
MT0008813309,4,7,11,17,12,17,13,9
MT0008819987,9,9,8,15,18,15,18,8
MT0008863436,6,0,14,18,2,13,3,14
MT0008869963,10,14,3,3,9,6,16,2
MT0008882630,17,1,5,4,10,7,10,15
MT0008883788,16,18,15,2,11,0,14,8
MT0008891523,17,4,9,12,17,4,6,6
MT0008899266,16,3,4,19,15,14,18,11
MT0008905908,12,6,10,1,5,4,15,6
MT0008953247,15,9,8,0,18,15,2,4
MT0008960612,15,12,3,3,19,12,2,4
MT0008963540,19,19,0,8,8,4,19,12
MT0008966305,13,6,0,6,8,3,5,1
MT0008969183,17,13,5,4,10,7,7,3
MT0008972801,4,6,13,6,14,9,5,9
MT0008999728,6,0,12,16,12,16,3,14
MT0008999898,9,17,4,19,15,2,2,4
MT0009005900,14,5,17,3,1,0,9,10
MT0009008051,1,5,0,10,8,4,6,2
MT0009010830,12,4,0,8,14,3,5,1
MT0009025287,17,5,15,2,11,0,7,14
MT0009025845,14,5,18,11,16,18,16,2
MT0009041370,4,7,18,11,17,7,0,15
MT0009041848,13,2,11,17,12,17,5,9
MT0009054976,1,5,0,10,8,3,6,7
MT0009075362,0,3,6,2,11,0,4,11
MT0009112823,14,8,3,3,19,6,12,5
MT0009117202,14,7,5,9,10,9,12,0
MT0009123251,6,0,14,14,3,5,3,14
MT0009153900,12,15,9,12,17,4,15,1
MT0009164591,15,12,15,2,1,0,4,4
MT0009164605,19,7,0,8,8,3,5,9
MT0009165729,3,1,11,14,16,17,8,17
MT0009169626,14,8,0,6,14,3,12,6
MT0009172291,13,2,19,14,3,5,0,15
MT0009174874,8,1,9,11,17,4,7,3
MT0009188643,12,15,11,17,16,17,15,16
MT0009206381,12,6,10,1,5,12,4,16
MT0009208842,7,7,5,9,10,9,8,10
MT0009213083,5,6,15,10,11,12,5,16
MT0009217411,7,10,13,6,14,4,9,13
MT0009220462,12,7,3,3,19,6,6,6
MT0009233872,4,7,9,12,17,4,6,9
MT0009239443,2,1,19,4,3,5,10,19
MT0009246394,9,3,3,3,19,12,18,8
MT0009253379,13,2,11,11,16,17,13,10
MT0009263768,12,12,0,10,8,8,6,6
MT0009278329,14,7,10,1,5,12,12,0
MT0009300582,15,6,13,6,14,7,16,13
MT0009311775,2,7,19,14,3,5,10,3
MT0009312856,15,6,15,2,11,0,16,0
MT0009319587,17,0,11,14,12,17,7,14
MT0009320357,8,13,9,11,17,4,0,19
MT0009321428,17,1,2,13,7,3,6,6
MT0009346128,5,7,7,15,18,1,8,0
MT0009348908,3,1,0,8,8,3,17,19
MT0009360971,4,13,11,17,12,17,13,15
MT0009368615,12,4,6,2,7,0,6,6
MT0009375581,9,9,7,15,9,1,2,4
MT0009378909,7,7,9,12,17,4,8,0
MT0009385684,15,7,9,1,2,13,16,8
MT0009390091,7,7,18,11,16,18,5,9
MT0009400121,7,10,9,12,17,9,9,13
MT0009418269,3,1,11,17,12,5,17,19
MT0009425259,17,0,11,16,12,16,7,3
MT0009430339,3,1,19,11,3,17,17,0
MT0009464817,16,18,7,15,18,1,14,8
MT0009469599,14,5,10,1,5,8,16,2
MT0009495280,0,3,4,19,15,2,18,11
MT0009495283,15,12,3,3,9,0,16,6
MT0009495284,9,3,4,19,15,14,18,8
MT0009495285,15,12,3,3,19,6,2,4
MT0009521580,12,4,9,12,17,4,6,6
MT0009577134,13,2,2,13,0,10,7,3
MT0009619048,12,4,18,4,10,7,4,6
MT0009631750,2,13,5,4,3,5,7,3
MT0009635389,6,1,19,14,3,5,3,15
MT0009635394,2,0,14,18,2,13,10,3
MT0009635397,6,1,19,4,3,5,3,19
MT0009693151,9,9,3,2,19,11,2,8
MT0009740290,19,7,9,12,13,4,5,9
MT0009741521,1,17,17,3,1,0,11,7
MT0009741760,9,17,4,0,15,14,11,7
MT0009741774,10,14,0,10,8,8,1,18
MT0009781899,19,19,1,7,4,11,19,12
MT0009795009,9,17,8,15,18,15,11,7
MT0009868354,10,14,7,3,9,6,1,18
MT0009872131,7,7,9,9,17,7,8,0
MT0009904717,13,2,19,14,3,5,15,1
MT0009908994,6,5,13,9,14,7,3,14
MT0009968194,7,7,15,2,11,0,8,0
MT0009996318,12,4,17,3,1,6,4,16
MT0010007878,9,12,7,15,18,15,2,8
MT0010007881,11,12,17,3,1,6,16,4
MT0010007882,9,9,7,7,4,11,2,4
MT0010049476,19,19,18,9,10,7,19,12
MT0010054305,17,4,2,13,7,3,6,6
MT0010065680,4,7,19,14,0,10,5,9
MT0010065686,4,13,9,12,14,9,5,9
MT0010083757,16,12,3,3,19,0,14,16
MT0010085729,13,2,18,4,16,7,5,9
MT0010100277,4,15,13,11,10,7,15,1
MT0010100278,16,4,7,7,18,15,14,2
MT0010100279,19,19,10,10,5,8,19,10
MT0010100283,19,19,7,3,18,15,19,12
MT0010100285,19,4,15,10,5,12,8,9
MT0010100333,14,13,9,9,17,7,13,3
MT0010100428,14,12,3,2,19,0,16,2
MT0010169019,5,6,5,4,10,5,5,5
MT0010203716,11,5,0,6,13,3,6,14
MT0010236541,17,6,18,9,17,18,6,0
MT0010257371,4,15,11,17,12,16,15,1
MT0010261584,15,12,15,10,11,8,16,4
MT0010261588,12,4,6,7,4,11,5,0
MT0010278984,0,18,13,9,14,4,4,16
MT0010290775,14,13,0,6,8,8,16,3
MT0010290785,6,17,0,1,8,8,11,7
MT0010290788,1,17,7,15,9,6,11,7
MT0010305995,1,17,7,15,9,6,11,7
MT0010310891,2,0,11,14,12,5,10,14
MT0010310894,3,1,13,9,7,3,17,19
MT0010310896,2,0,19,14,3,5,10,3
MT0010310897,2,13,19,14,12,5,3,14
MT0010310898,2,0,19,14,3,5,3,3
MT0010310899,3,1,11,14,12,5,17,19
MT0010344415,4,7,11,14,3,5,5,9
MT0010346228,4,7,19,14,3,5,13,9
MT0010363782,15,12,3,3,9,6,2,16
MT0010368848,7,7,13,9,10,7,8,0
MT0010369823,8,0,5,4,3,5,10,3
MT0010375510,5,6,0,10,8,8,5,5
MT0010379209,14,4,13,13,10,9,6,0
MT0010392442,16,12,17,3,19,0,14,8
MT0010394619,5,14,15,2,19,0,2,4
MT0010405928,2,1,13,9,10,7,3,19
MT0010444469,13,13,18,9,10,18,12,5
MT0010468178,0,4,9,8,13,4,4,6
MT0010477194,6,13,18,9,10,7,3,3
MT0010480965,6,0,13,4,10,18,3,14
MT0010481194,3,1,15,1,19,12,17,19
MT0010482550,7,7,10,1,5,12,13,1
MT0010485559,8,0,5,4,10,7,10,3
MT0010487366,2,1,18,9,10,7,3,14
MT0010487702,6,13,2,14,0,10,3,3
MT0010502078,7,8,13,9,17,7,12,0
MT0010506192,16,18,3,3,19,0,14,8
MT0010510852,19,7,0,8,13,4,5,9
MT0010512527,10,14,7,3,18,1,1,2
MT0010524453,3,1,0,6,8,3,17,0
MT0010526041,6,0,19,14,3,5,3,19
MT0010534904,9,9,7,15,18,1,2,4
MT0010545132,9,14,4,0,15,14,2,4
MT0010548963,12,15,0,8,13,8,15,1
MT0010551970,11,12,8,0,18,15,16,16
MT0010552303,4,7,10,8,13,4,13,9
MT0010554620,6,5,13,6,14,9,3,17
MT0010574326,14,6,10,2,5,0,8,3
MT0010582452,16,6,10,1,5,12,14,8
MT0010611876,12,6,15,2,11,0,4,6
MT0010612023,7,7,18,9,17,9,13,9
MT0010615428,14,5,0,6,8,3,9,2
MT0010616215,7,7,5,4,10,7,9,13
MT0010617945,14,6,0,6,8,8,8,2
MT0010620026,5,10,15,1,11,12,9,13
MT0010623104,7,1,18,11,16,7,9,13
MT0010624346,7,10,13,6,14,9,9,13
MT0010630017,15,4,0,8,13,4,6,0
MT0010670378,11,12,15,2,11,0,19,12
MT0010674530,12,6,9,12,17,4,6,0
MT0010674859,15,12,7,15,18,15,16,6
MT0010676114,4,7,9,9,17,7,8,0
MT0010687397,2,1,19,14,3,5,3,19
MT0010695865,17,4,9,12,17,4,16,0
MT0010702898,0,3,7,3,9,1,4,11
MT0010705334,12,6,0,8,13,4,4,1
MT0010706869,12,6,3,3,19,6,5,6
MT0010710874,16,6,7,15,18,1,14,5
MT0010715611,5,7,0,6,8,8,5,9
MT0010723658,15,5,9,12,14,3,8,4
MT0010723756,9,3,4,19,15,14,18,8
MT0010736208,5,6,9,18,2,13,5,9
MT0010736281,11,4,10,8,13,8,6,1
MT0010739708,9,9,7,15,9,1,2,4
MT0010741386,0,3,7,3,9,1,18,11
MT0010751134,12,6,0,2,13,8,4,6
MT0010753520,15,6,10,1,19,12,6,6
MT0010754290,12,6,15,2,11,0,5,16
MT0010755212,12,15,0,6,8,3,13,1
MT0010777106,14,7,9,6,17,4,8,10
MT0010815151,0,3,8,0,15,15,18,11
MT0010823031,16,18,3,3,19,12,14,8
MT0010849747,4,1,18,9,17,7,8,15
MT0010850805,11,12,3,3,19,12,16,8
MT0010857270,2,1,19,14,3,7,10,15
MT0010862394,16,3,4,0,15,15,18,11
MT0010883435,5,6,9,6,14,9,5,9
MT0010894865,2,0,13,9,17,7,3,14
MT0010897525,8,13,13,9,17,4,7,3
MT0010902792,19,15,9,6,14,4,5,1
MT0010922381,3,1,6,7,4,11,17,19
MT0010956902,11,12,0,2,11,0,6,4
MT0010967419,9,9,7,15,9,1,2,4
MT0010978213,3,1,5,4,10,9,17,17
MT0010980499,14,5,10,8,5,12,16,7
MT0010983830,14,5,10,1,5,8,16,0
MT0011069243,15,4,13,6,14,9,6,6
MT0011083648,1,0,13,6,14,19,3,3
MT0011095825,9,9,4,0,15,1,2,13
MT0011145388,5,10,0,8,8,4,9,13
MT0011162069,0,3,17,3,1,0,18,11
MT0011204639,17,1,19,4,3,5,7,15
MT0011252708,5,10,18,11,16,5,9,13
MT0011292112,10,14,7,7,4,11,1,2
MT0011302120,0,18,8,0,18,15,18,8
MT0011308097,15,5,0,1,11,8,16,0
MT0011322528,2,0,19,4,3,5,3,3
MT0011332604,11,4,10,8,13,8,6,0
MT0011342337,12,6,0,2,13,3,4,16
MT0011348776,5,10,9,6,14,4,9,13
MT0011353873,17,1,13,9,14,9,10,3
MT0011358600,5,18,8,15,18,15,5,5
MT0011361934,3,1,5,4,10,7,17,19
MT0011369407,13,0,19,14,3,10,0,19
MT0011374266,4,13,11,17,12,17,13,3
MT0011374342,1,6,9,8,14,4,5,13
MT0011376343,13,2,9,12,17,4,9,19
MT0011378875,2,0,11,17,12,17,0,15
MT0011387901,4,7,18,9,16,18,13,9
MT0011391187,16,3,15,2,11,0,14,8
MT0011391356,5,10,3,3,19,0,9,13
MT0011395375,15,12,7,15,18,1,16,6
MT0011398970,9,17,8,0,18,15,2,2
MT0011403548,9,8,4,19,15,14,2,8
MT0011411969,17,1,13,9,17,9,8,17
MT0011426003,7,7,13,9,17,9,9,13
MT0011448773,19,7,9,6,14,9,13,10
MT0011451296,0,8,3,15,9,6,12,8
MT0011487003,12,6,0,1,13,4,5,16
MT0011503204,5,7,9,12,13,4,5,9
MT0011510700,17,15,9,12,17,4,15,1
MT0011558921,14,7,15,2,11,8,12,2
MT0011594970,16,18,7,15,9,1,18,11
MT0011650689,12,12,8,15,18,15,6,0
MT0011659985,0,3,8,0,15,15,4,11
MT0011677264,3,1,18,9,10,7,6,19
MT0011707340,17,4,0,6,13,3,8,15
MT0011711878,0,4,7,15,9,1,4,6
MT0011712337,3,1,19,4,3,18,17,17
MT0011716005,12,6,13,9,17,18,5,6
MT0011739779,12,15,15,2,11,8,15,1
MT0011741035,11,12,7,7,4,11,6,4
MT0011767762,4,15,0,6,14,3,15,9
MT0011772341,19,6,17,3,1,6,5,12
MT0011776369,14,8,15,3,19,0,12,5
MT0011800641,15,8,15,2,11,0,12,6
MT0011808566,4,7,9,11,17,4,13,17
MT0011809659,12,4,17,3,1,6,4,16
MT0011818239,12,15,10,1,13,12,6,6
MT0011821215,4,7,0,8,13,8,15,1
MT0011827018,3,5,9,9,14,3,8,2
MT0011842354,15,12,17,3,1,0,16,8
MT0011847514,4,1,5,4,3,5,13,10
MT0011861922,4,7,9,12,13,4,15,1
MT0011862487,11,18,3,2,19,0,6,8
MT0011869625,10,14,0,6,8,8,1,2
MT0011870505,9,9,8,0,18,15,2,8
MT0011878109,12,15,15,2,19,0,15,1
MT0011879943,13,0,5,4,10,5,17,19
MT0011881944,13,2,18,11,16,18,15,1
MT0011886864,0,18,3,3,9,6,4,16
MT0011894681,16,18,4,0,15,14,14,11
MT0011895910,14,7,0,8,14,3,8,15
MT0011896804,10,14,0,10,8,8,1,2
MT0011908274,10,14,17,3,1,6,1,18
MT0011909571,19,7,0,10,8,3,13,9
MT0011910522,0,3,17,3,9,6,18,11
MT0011914836,19,15,15,2,11,0,19,1
MT0011916674,7,7,15,2,19,0,13,10
MT0011920419,19,7,3,3,19,0,5,9
MT0011921060,8,13,13,6,14,9,7,14
MT0011922905,5,6,9,8,13,4,14,8
MT0011924283,16,18,15,1,19,0,14,11
MT0011924316,3,1,7,3,9,6,17,19
MT0011924930,10,14,6,2,7,0,1,18
MT0011928183,12,4,15,2,11,8,16,6
MT0011929096,15,12,15,2,11,0,16,2
MT0011933875,12,4,0,8,13,3,15,6
MT0011937155,6,1,5,4,10,7,3,19
MT0011937271,9,8,4,0,15,14,2,4
MT0011940781,3,0,13,9,14,3,17,19
MT0011943335,2,1,5,4,3,18,3,19
MT0011943549,5,10,0,10,8,3,9,13
MT0011944405,3,1,13,9,10,7,17,19
MT0011945841,3,1,13,9,14,3,17,19
MT0011950450,1,17,7,15,9,1,11,7
MT0011957429,12,15,0,8,13,8,15,1
MT0011959819,2,0,19,14,3,5,10,14
MT0011961925,19,19,0,8,13,4,19,12
MT0011963777,2,0,19,14,3,5,10,14
MT0011975274,7,10,18,4,10,9,9,13
MT0011982393,11,12,15,2,19,0,16,16
MT0011991382,2,7,13,4,10,7,10,3
MT0011999773,4,15,5,4,3,5,15,1
MT0012000832,1,5,15,10,5,8,11,7
MT0012001409,5,10,10,1,5,0,9,13
MT0012001684,4,15,9,8,13,9,15,9
MT0012004909,14,8,6,2,7,0,12,5
MT0012004929,17,4,9,12,14,4,6,6
MT0012005920,12,4,0,8,13,4,15,1
MT0012009054,8,13,13,9,10,7,7,3
MT0012011991,16,18,0,6,5,8,14,8
MT0012013969,16,19,7,15,18,1,19,12
MT0012014382,4,13,11,14,12,5,13,15
MT0012016955,19,19,9,9,17,9,19,12
MT0012017035,9,17,4,0,15,14,11,7
MT0012023721,19,6,18,4,17,7,19,10
MT0012028572,7,7,0,6,8,3,9,13
MT0012030545,7,10,13,6,14,9,9,13
MT0012030591,12,6,15,2,11,0,5,1
MT0012030863,5,10,10,1,5,12,12,13
MT0012031327,5,10,0,10,8,0,9,13
MT0012033786,5,10,13,6,14,9,9,13
MT0012034242,15,12,0,1,13,12,6,4
MT0012035583,11,4,0,8,13,8,16,0
MT0012041920,19,7,13,6,14,19,13,10
MT0012067911,0,18,3,3,19,6,18,11
MT0012100576,5,10,13,9,14,9,9,5
MT0012116237,8,1,5,4,3,5,10,17
MT0012122028,3,0,13,9,10,7,17,19
MT0012159808,9,9,8,0,18,15,18,4
MT0012168286,2,1,19,16,3,16,3,19
MT0012317309,16,12,8,0,18,15,14,11
MT0012330276,11,12,15,3,19,6,16,4
MT0012333553,15,12,10,2,5,8,16,2
MT0012334245,4,15,10,8,13,4,15,1
MT0012396528,13,13,19,14,3,5,8,9
MT0012398546,5,7,15,2,11,0,8,0
MT0012430736,12,1,15,2,11,0,6,1
MT0012438211,14,13,15,2,11,0,7,3
MT0012455611,17,4,13,12,14,7,15,3
MT0012459878,8,1,5,4,3,5,0,19
MT0012505137,10,14,0,10,8,8,1,2
MT0012509093,4,15,5,9,10,7,15,1
MT0012521149,12,15,0,8,11,8,15,1
MT0012619690,5,6,7,3,9,1,12,5
MT0012634038,15,6,9,8,13,4,14,4
MT0012637285,12,4,9,8,13,3,14,6
MT0012639323,13,0,0,10,8,8,8,17
MT0012645597,11,16,3,3,9,6,19,12
MT0012649676,8,1,13,9,17,7,0,15
MT0012658386,0,3,8,0,18,15,18,11
MT0012666474,12,4,6,2,1,6,5,6
MT0012697686,15,12,3,2,19,0,16,4
MT0012698055,10,14,13,9,14,9,1,18
MT0012738934,4,1,0,10,13,4,13,3
MT0012740185,12,4,15,2,11,0,6,6
MT0012773883,14,8,3,3,9,6,16,0
MT0012777233,12,4,0,18,2,13,15,1
MT0012811141,12,4,17,3,19,0,6,6
MT0012823048,19,19,15,3,19,0,19,1
MT0012844418,19,19,15,2,11,0,19,12
MT0012854734,0,12,7,15,18,1,18,8
MT0012855159,3,5,10,1,5,12,17,3
MT0012862507,11,4,13,9,14,3,6,6
MT0012863101,15,5,13,6,14,19,8,0
MT0012865192,4,7,18,4,10,7,13,9
MT0012895822,16,18,7,15,18,1,14,8
MT0012900592,3,1,5,9,10,7,17,10
MT0012909507,17,1,18,4,10,7,7,3
MT0012914763,8,1,19,16,3,5,0,15
MT0012930833,3,1,5,4,10,7,9,13
MT0012933678,12,6,18,4,10,7,5,5
MT0012976100,5,19,7,15,18,1,19,12
MT0012988776,0,3,7,15,9,1,18,16
MT0013003902,1,18,10,2,5,0,11,8
MT0013056573,11,12,8,15,18,15,16,2
MT0013056830,11,12,0,10,13,8,16,2
MT0013058008,8,13,13,6,14,3,7,10
MT0013064857,11,4,13,13,10,10,6,0
MT0013070871,15,12,3,3,9,6,4,4
MT0013087767,17,13,9,9,14,3,7,0
MT0013101577,19,15,13,9,10,7,19,1
MT0013104929,12,6,9,6,14,4,15,1
MT0013115311,11,12,7,15,18,15,16,2
MT0013156036,4,7,18,11,16,18,13,9
MT0013161246,12,4,0,10,13,8,4,6
MT0013176970,16,4,3,3,19,12,14,8
MT0013177702,16,6,17,3,9,6,12,8
MT0013184611,7,7,19,14,3,5,13,10
MT0013186132,7,10,7,15,9,1,8,9
MT0013193016,15,3,8,0,18,15,16,4
MT0013201347,19,15,0,12,13,4,13,1
MT0013209458,12,18,10,2,5,0,14,6
MT0013216725,7,10,13,9,10,7,9,13
MT0013219857,16,18,8,0,18,15,14,6
MT0013228223,19,12,15,3,19,0,19,6
MT0013236693,4,13,18,4,16,7,7,10
MT0013260233,15,12,4,0,15,14,19,6
MT0013280170,9,3,16,5,6,2,14,8
MT0013283837,14,4,17,3,1,0,6,0
MT0013289749,7,7,9,6,14,9,8,15
MT0013305827,0,3,7,0,18,1,4,11
MT0013328261,12,6,7,15,18,1,5,1
MT0013349760,19,19,9,12,13,4,19,12
MT0013350034,16,18,7,3,9,6,14,11
MT0013411556,12,4,10,1,5,4,4,6
MT0013416300,15,12,17,3,1,6,16,2
MT0013418800,8,1,13,9,14,9,0,15
MT0013458428,15,12,15,2,11,0,4,6
MT0013464231,12,4,0,10,13,12,15,16
MT0013524535,7,7,0,6,8,3,9,13
MT0013583287,14,13,0,8,13,4,13,0
MT0013590244,12,15,18,4,10,7,15,1
MT0013602925,2,0,19,14,3,10,3,14
MT0013610638,2,0,18,4,16,18,3,14
MT0013612461,7,10,19,14,3,16,8,13
MT0013613711,3,1,0,6,5,8,17,19
MT0013616609,13,2,18,9,10,7,9,13
MT0013637631,17,15,13,9,10,7,7,6
MT0013649307,12,8,9,10,13,4,6,6
MT0013658337,19,1,13,6,14,9,13,1
MT0013676763,1,17,4,0,15,14,11,7
MT0013678986,5,6,9,6,14,3,5,9
MT0013693326,12,5,9,12,17,4,6,1
MT0013743441,1,5,17,3,9,6,17,2
MT0013746403,12,3,17,3,9,6,6,16
MT0013751364,13,2,9,12,17,4,9,13
MT0013752990,8,0,11,17,12,17,7,3
MT0013758625,5,19,7,15,18,1,12,10
MT0013764945,12,4,15,2,11,0,6,6
MT0013795989,5,6,15,1,11,0,9,13
MT0013800071,16,18,7,15,18,1,4,16
MT0013809208,12,4,7,3,9,1,12,5
MT0013833732,12,4,3,1,19,12,6,11
MT0013868618,15,12,0,2,8,0,4,6
MT0013881862,3,1,5,4,10,5,17,19
MT0013900095,8,4,13,9,10,9,8,15
MT0013906090,19,19,13,13,10,9,13,10
MT0013921881,14,12,0,6,8,3,9,2
MT0013923586,16,9,7,15,9,1,14,8
MT0013924254,3,1,9,12,13,4,8,17
MT0013929650,5,6,7,3,9,6,12,5
MT0013955066,15,12,15,2,11,0,16,5
MT0013960578,14,5,17,3,1,6,16,2
MT0013979875,5,8,6,10,11,0,9,13
MT0014005525,5,10,0,10,8,3,5,5
MT0014082915,9,8,7,15,9,6,18,8
MT0014116864,5,10,0,10,8,19,9,13
MT0014118699,0,3,15,2,11,0,18,11
MT0014121590,3,1,13,9,10,7,17,19
MT0014135173,6,13,5,4,3,5,3,3
MT0014209882,5,10,15,2,11,0,12,5
MT0014215479,12,4,0,8,13,3,6,0
MT0014439055,17,4,5,9,10,9,7,3
MT0014472963,15,12,15,2,11,8,16,4
MT0014498396,1,4,0,6,14,3,11,6
MT0014553025,19,18,17,3,1,6,19,9
MT0014553172,0,12,4,0,15,15,18,8
MT0014554353,5,6,0,3,5,6,5,9
MT0014555701,13,2,13,9,14,9,5,9
MT0014581361,3,1,5,4,10,5,17,17
MT0014584319,0,3,6,2,11,0,4,8
MT0014584473,16,18,7,15,18,1,14,11
MT0014586720,19,6,5,14,0,10,5,10
MT0014594482,8,1,13,9,10,9,7,0
MT0014612093,16,10,15,2,11,0,12,5
MT0014615863,7,1,12,16,12,16,9,13
MT0014619583,7,7,15,2,11,0,5,9
MT0014624309,0,4,0,6,13,3,4,6
MT0014650353,16,6,0,10,8,8,14,4
MT0014650360,12,6,0,10,8,8,5,6
MT0014664637,3,7,13,9,14,9,8,0
MT0014665667,10,14,17,3,1,6,1,18
MT0014665693,4,6,3,1,19,12,6,1
MT0014693814,15,12,17,2,1,0,16,6
MT0014703649,7,10,13,6,10,9,9,9
MT0014724547,9,17,4,19,15,14,18,8
MT0014752461,0,18,0,6,14,3,4,16
MT0014756127,3,1,19,4,3,5,17,19
MT0014762437,6,1,5,9,10,9,3,14
MT0014781093,11,12,0,10,8,8,16,2
MT0014790813,5,10,13,6,14,9,12,5
MT0014798420,5,10,5,4,10,9,12,5
MT0014804830,14,12,0,6,14,3,16,2
MT0014826870,16,18,15,2,11,0,14,4
MT0014838459,8,1,5,4,3,5,10,3
MT0014845647,5,10,6,2,1,11,9,13
MT0014859055,5,6,15,2,11,0,8,13
MT0014880463,5,10,5,4,10,5,9,13
MT0014936205,19,7,0,10,8,3,5,9
MT0014936656,10,14,17,3,1,6,1,18
MT0014948707,13,2,19,14,3,5,9,13
MT0014953592,13,2,0,10,11,0,5,13
MT0014957211,4,6,19,14,3,5,5,9
MT0014964772,7,7,5,4,3,7,9,13
MT0014974957,3,1,19,4,3,5,17,19
MT0014980594,2,1,19,4,3,16,3,19
MT0014992356,7,14,5,4,10,9,8,17
MT0014997916,5,6,0,1,7,3,9,5
MT0015004867,6,0,12,16,12,16,3,14
MT0015005100,16,18,17,0,1,1,5,9
MT0015019608,17,4,2,13,0,10,10,14
MT0015026273,2,5,5,4,3,13,10,0
MT0015026293,10,14,0,10,8,8,1,18
MT0015028144,12,5,15,10,11,0,6,0
MT0015032338,0,12,4,0,15,2,4,16
MT0015034564,17,1,5,4,10,9,10,0
MT0015139461,16,6,15,10,11,0,5,5
MT0015428521,16,18,8,0,18,15,14,8
MT0015465230,0,3,8,0,18,15,18,11
MT0015469804,7,1,19,4,3,5,9,17
MT0015471594,10,14,8,0,18,15,1,18
MT0015477550,1,12,7,15,18,1,1,18
MT0015494518,5,10,15,2,11,0,12,5
MT0015506396,1,12,7,15,18,1,11,7
MT0015506741,11,4,7,15,18,15,6,6
MT0015511866,15,12,6,2,8,19,16,0
MT0015541501,7,10,0,6,8,3,9,13
MT0015546206,16,6,17,3,19,0,5,16
MT0015587436,3,5,13,9,14,9,17,19
MT0015599764,12,4,5,4,10,5,5,16
MT0015665796,9,3,4,19,15,2,14,8
MT0015706588,16,18,4,0,15,14,14,11
MT0015708437,5,7,13,8,14,3,9,0
MT0015709701,12,4,0,6,14,3,15,6
MT0015715008,14,5,0,10,8,8,16,2
MT0015760726,1,5,0,6,14,9,11,2
MT0015883602,0,3,13,9,10,7,18,11
MT0015889071,3,1,5,4,10,5,17,19
MT0015929505,19,19,15,2,11,0,19,12
MT0015940634,8,1,13,6,14,9,10,17
MT0015950558,5,8,15,2,11,0,12,5
MT0015962332,5,7,0,10,8,8,9,9
MT0015971175,14,8,10,8,5,3,12,5
MT0016469828,16,18,0,10,8,3,14,11
MT0016743722,5,10,5,4,3,5,9,13
MT0016770768,17,4,5,4,10,5,15,0
MT0016887233,1,17,17,3,19,6,11,7
MT0016897938,1,17,8,0,18,15,11,7
MT0016913402,12,6,0,8,13,8,6,0
MT0016915093,5,10,13,6,14,9,9,13
MT0016918508,12,4,13,9,14,9,15,6
MT0016932218,10,14,15,10,11,8,1,18
MT0016933152,11,12,0,6,8,3,19,12
MT0016971741,12,6,2,13,0,3,5,1
MT0016976154,12,4,17,2,1,0,4,6
MT0017031590,12,4,0,6,8,0,15,16
MT0017475710,19,19,5,9,10,7,19,1
MT0017657810,16,18,0,10,8,8,14,16
MT0017971951,19,6,5,4,3,5,5,10
MT0018024152,17,0,19,14,3,17,7,14
MT0018029465,12,4,18,4,10,7,6,6
MT0018031959,8,1,18,4,16,17,0,15
MT0018044514,15,12,0,8,8,8,16,4
MT0018288135,2,0,19,4,3,5,7,3
MT0018376280,1,17,17,3,19,0,6,7
MT0018450519,12,6,9,9,17,4,5,6
MT0018651126,1,4,18,9,10,7,6,7
MT0018669856,6,0,5,4,10,5,7,14
MT0018793776,19,7,0,6,8,3,13,10
MT0019352491,11,12,9,12,17,4,16,16
MT0019766193,5,6,17,3,19,6,5,0
MT0020009125,7,10,5,13,10,7,8,9
MT0020034314,2,0,5,9,10,9,10,3
MT0026135542,12,15,13,6,14,9,15,3
MT0026236933,16,12,1,7,4,11,14,6
MT0026330298,16,18,4,0,15,14,14,8
MT0026378461,16,18,8,0,15,15,14,16
MT0026414107,16,6,6,2,11,0,14,16
MT0026520343,17,4,13,9,10,9,7,0
MT0026607275,0,6,15,3,11,0,4,1
MT0026624084,2,0,19,4,3,5,10,3
MT0026681751,2,0,5,4,10,7,3,3
MT0026682960,0,6,6,2,1,1,4,16
MT0026697228,0,3,16,19,6,2,18,11
MT0026712161,12,15,0,6,14,4,15,1
MT0026719173,2,1,18,4,16,18,10,19
MT0026727455,5,7,17,2,1,0,5,5
MT0026734083,14,5,13,6,14,3,7,3
MT0026753145,4,7,19,14,3,5,5,1
MT0026753827,11,12,13,6,14,9,7,14
MT0026776967,1,5,0,6,14,9,6,7
MT0026790435,5,7,13,9,14,9,5,9
MT0026795261,19,7,18,4,10,7,5,9
MT0026811443,9,8,7,3,1,6,16,8
MT0026826094,15,3,7,3,9,1,14,8
MT0026898936,19,1,9,6,14,4,19,1
MT0026900439,10,14,9,8,7,3,1,18
MT0026903849,17,1,2,13,0,10,10,15
MT0026905937,0,3,17,3,1,6,4,16
MT0026930415,9,9,7,15,9,1,2,4
MT0026933516,12,15,0,6,13,3,15,1
MT0026963572,3,1,0,6,14,8,17,15
MT0026971941,11,12,15,2,19,0,16,8
MT0026972072,11,5,10,1,5,12,16,2
MT0026985012,7,10,10,1,5,12,9,13
MT0026987140,7,10,13,6,14,8,9,13
MT0026990793,13,0,15,2,19,0,17,0
MT0026999750,19,7,13,6,14,9,13,10
MT0027023212,11,12,15,2,11,0,19,12
MT0027032503,3,1,19,14,3,5,17,19
MT0027053023,5,18,15,1,5,0,12,5
MT0027072382,13,2,19,14,3,5,0,15
MT0027075208,6,0,0,10,8,8,3,14
MT0027112893,14,5,0,8,13,3,7,0
MT0027149420,5,8,17,3,1,0,12,5
MT0027182657,15,6,10,10,5,8,14,6
MT0027317557,5,10,13,6,14,9,9,13
MT0027535695,12,4,0,8,13,4,15,1
MT0027696140,19,15,19,14,0,10,5,9
MT0027797339,5,6,0,10,8,0,5,5
MT0027859587,15,12,7,15,18,1,2,4
MT0027976714,14,5,3,15,9,6,16,2
MT0028081047,6,0,11,14,16,10,3,14
MT0028116568,11,15,10,1,5,12,6,6
MT0028167155,2,0,12,16,12,16,3,19
MT0028172888,2,1,18,11,16,17,17,19
MT0028213435,8,7,19,14,3,5,7,17
MT0028228337,0,12,10,1,5,12,4,4
MT0028241237,17,4,5,4,10,5,6,6
MT0028242839,0,6,15,2,11,0,4,11
MT0028293340,15,12,17,2,1,0,2,4
MT0028335228,11,4,0,10,8,0,6,6
MT0028338292,15,12,17,2,1,0,6,6
MT0028345470,2,0,5,4,10,5,3,14
MT0028348785,17,0,19,16,3,16,7,14
MT0028372740,16,6,0,8,13,8,5,16
MT0028374210,0,18,15,2,19,0,4,16
MT0028405583,5,10,5,4,3,5,9,13
MT0028425911,10,14,15,10,11,8,1,18
MT0028445777,4,1,5,4,10,5,13,9
MT0028452849,5,7,13,6,14,19,5,13
MT0028471202,3,1,13,9,10,9,17,19
MT0028498801,0,18,15,2,19,6,4,16
MT0028569169,12,6,15,2,11,0,15,1
MT0028577920,9,17,17,15,9,6,2,8
MT0028587966,1,12,0,8,13,8,16,2
MT0028593700,5,10,13,9,14,9,9,13
MT0028603801,12,15,0,10,13,12,15,1
MT0028609181,11,5,15,1,11,0,16,2
MT0028615001,13,6,0,6,14,19,5,10
MT0028617657,5,6,10,1,5,12,12,6
MT0028617797,8,0,18,4,10,7,10,3
MT0028623145,3,1,5,4,10,7,17,19
MT0028627699,4,7,13,9,10,9,8,9
MT0028691865,16,3,4,0,15,14,14,11
MT0028694655,12,7,0,10,8,8,15,9
MT0028698324,0,3,15,3,11,0,18,11
MT0028750297,6,0,19,14,3,5,3,14
MT0028752173,16,6,3,3,19,6,9,13
MT0028753982,10,4,15,2,11,0,1,0
MT0028754256,2,0,12,16,12,16,3,14
MT0028758101,14,5,0,1,8,8,16,2
MT0028772639,5,5,10,10,5,12,8,15
MT0028790582,5,6,10,1,5,4,5,9
MT0028798040,2,1,19,14,3,5,10,15
MT0028798502,16,3,4,0,15,14,18,8
MT0028810869,4,1,18,4,10,7,13,3
MT0028813190,6,5,19,14,3,5,3,14
MT0028813196,16,18,6,10,11,0,5,5
MT0028888763,12,4,3,1,19,12,6,6
MT0028915582,19,19,5,4,3,5,19,1
MT0028937743,3,13,10,10,5,8,8,19
MT0028942506,9,3,8,0,18,15,18,8
MT0029065626,19,7,18,11,16,18,13,10
MT0029091265,1,17,8,0,18,15,11,7
MT0029133325,5,6,10,8,5,8,8,9
MT0029166572,16,18,4,19,15,2,14,11
MT0029196396,2,0,19,14,3,5,10,3
MT0029772184,8,13,11,17,12,17,0,15
MT0029825641,17,13,19,14,3,5,7,15
MT0029861029,16,18,4,0,15,14,14,11
MT0030006612,16,12,7,7,4,1,5,6
MT0030007733,1,5,3,3,9,6,11,7
MT0030074137,0,12,15,2,11,0,18,11
MT0030097307,12,7,0,8,13,4,15,6
MT0030097602,9,9,7,15,18,1,2,4
MT0030160582,11,12,7,15,18,1,16,14
MT0030177407,6,5,13,9,14,9,16,2
MT0030184605,4,13,9,8,14,4,7,3
MT0030203700,15,12,0,12,13,4,19,6
MT0030203729,7,7,9,6,14,3,13,15
MT0030211400,17,13,19,14,3,5,7,3
MT0030212531,15,5,15,2,19,0,16,2
MT0030214520,8,1,19,16,3,16,0,19
MT0030233759,8,1,19,14,3,5,10,3
MT0030247926,9,8,7,15,18,1,2,8
MT0030248025,14,7,13,9,10,7,12,0
MT0030289937,16,3,4,0,15,15,18,11
MT0030291182,14,12,0,8,8,3,16,2
MT0030319227,15,12,9,8,13,4,2,2
MT0030324011,6,5,19,14,3,5,3,3
MT0030327630,3,10,10,8,5,12,17,19
MT0030349080,12,15,18,4,10,7,15,1
MT0030362174,0,3,17,3,1,6,4,16
MT0030362299,0,3,8,0,18,1,4,16
MT0030369896,11,12,15,2,19,0,16,7
MT0030407300,16,6,15,1,11,0,5,5
MT0030438262,8,13,5,4,3,5,7,10
MT0030481692,5,6,7,15,9,1,5,1
MT0030484925,12,4,0,8,13,4,15,9
MT0030487841,4,7,9,6,14,9,13,10
MT0030489320,14,5,9,9,14,9,9,2
MT0030499533,0,3,0,6,13,3,4,11
MT0030504803,5,6,11,17,16,18,14,6
MT0030646708,19,7,0,12,13,4,8,1
MT0030968017,12,4,0,6,13,3,15,6
MT0031024722,9,9,7,15,18,1,2,4
MT0031049140,9,9,3,3,9,6,2,8
MT0031375281,1,17,7,0,18,1,11,7
MT0031548988,4,7,18,11,16,18,13,15
MT0031555265,14,5,6,2,11,0,16,2
MT0031574394,17,15,19,14,3,17,15,6
MT0031618741,15,19,0,6,8,4,19,12
MT0031626819,12,6,15,2,11,0,4,6
MT0031661393,5,10,13,6,14,3,9,5
MT0031664726,5,7,13,9,14,9,5,0
MT0031693432,9,17,8,0,18,1,2,2
MT0031726825,17,13,9,9,14,9,7,3
MT0031733848,9,3,4,19,15,2,2,8
MT0031826295,12,6,0,8,13,8,6,6
MT0031826774,1,17,15,1,19,0,11,7
MT0031834881,14,4,18,14,10,7,16,2
MT0031841471,12,12,15,2,11,0,6,6
MT0031861483,8,7,18,11,10,7,0,15
MT0031868141,17,13,11,17,12,17,7,3
MT0031875986,6,0,12,16,12,16,3,19
MT0031893087,0,3,0,1,13,12,4,11
MT0031903528,12,4,15,2,19,0,4,16
MT0031912859,9,9,7,0,18,1,2,2
MT0031917087,4,13,19,14,3,5,15,3
MT0031919561,8,1,12,16,12,16,0,19
MT0031924755,5,10,0,6,8,3,9,13
MT0031925901,3,1,13,9,10,7,17,19
MT0031939057,10,14,15,10,11,8,1,18
MT0031964947,8,1,13,9,14,9,7,10
MT0031979912,0,3,0,8,13,8,4,16
MT0031996487,16,18,10,8,13,4,14,11
MT0031996897,4,7,13,9,14,9,13,10
MT0032001427,11,12,0,6,14,3,16,8
MT0032048707,4,7,9,12,17,4,7,0
MT0032050779,4,7,18,9,17,7,7,10
MT0032060949,15,8,15,3,19,0,12,5
MT0032061091,4,15,18,11,16,18,15,1
MT0032093528,9,17,7,15,18,1,18,8
MT0032157716,7,7,9,6,14,4,9,10
MT0032235381,7,7,13,9,14,9,13,10
MT0032332758,5,6,13,9,10,9,5,5
MT0032405359,19,1,13,9,14,9,7,10
MT0032628164,1,17,7,7,4,11,11,7
MT0032643023,4,7,13,9,10,9,7,9
MT0032651589,5,10,6,2,1,19,9,13
MT0032665811,2,1,5,4,3,7,3,14
MT0032673223,19,7,5,6,10,19,15,9
MT0032682675,11,12,15,2,19,0,6,0
MT0032701682,13,2,0,8,13,4,15,1
MT0032723940,11,18,6,2,11,0,4,16
MT0032757175,0,12,8,0,18,15,18,11
MT0032768117,16,6,15,3,19,0,14,11
MT0032768122,3,1,3,3,19,6,8,17
MT0032778604,11,4,0,8,13,3,4,6
MT0032782452,5,10,15,2,11,0,9,9
MT0032892262,12,6,0,10,8,8,5,1
MT0032957418,7,10,0,6,14,3,9,13
MT0033061162,3,1,0,2,7,0,8,15
MT0033097471,5,10,15,2,11,0,9,13
MT0033155511,3,5,6,2,7,0,8,3
MT0033159895,12,6,15,2,11,0,15,1
MT0033218453,15,12,8,0,18,15,16,6
MT0033226848,19,19,9,8,13,4,19,12
MT0033252621,14,8,18,9,10,7,12,0
MT0033258989,0,3,0,10,8,8,4,11
MT0033262254,13,2,9,11,17,4,15,9
MT0033262547,14,7,0,10,8,3,16,0
MT0033287096,3,1,11,17,12,17,17,19
MT0033319941,16,8,17,3,1,6,12,8
MT0033345959,9,8,8,0,18,15,12,8
MT0033376569,11,4,0,6,14,3,6,16
MT0033381821,7,7,18,11,16,7,13,10
MT0033391277,0,12,7,3,9,6,14,8
MT0033397942,12,6,10,1,19,12,4,6
MT0033410438,0,12,4,0,15,14,18,8
MT0033430737,19,7,5,4,3,5,13,10
MT0033459750,14,7,7,15,18,15,16,0
MT0033470806,5,6,15,10,11,0,5,5
MT0033473090,11,12,17,2,1,0,4,16
MT0033493473,10,14,15,1,19,0,11,18
MT0033512773,12,15,0,8,13,8,15,1
MT0033717316,4,7,14,18,2,13,5,9
MT0033733581,1,5,0,10,8,8,11,7
MT0033818006,9,9,7,3,9,1,2,4
MT0033841575,12,15,5,4,10,7,15,1
MT0033958450,10,14,0,10,8,8,1,18
MT0033974184,15,6,6,2,11,0,8,0
MT0033987987,19,19,18,9,10,7,19,12
MT0033993440,11,12,0,10,5,8,16,7
MT0034013916,3,1,19,4,3,5,17,3
MT0034064577,5,6,0,2,8,12,5,9
MT0034094847,19,19,10,8,5,8,19,12
MT0034113973,8,13,19,14,3,16,0,15
MT0034125967,8,1,0,6,8,3,8,0
MT0034136847,16,18,16,19,6,2,14,6
MT0034138322,5,6,0,8,8,8,14,0
MT0034191542,12,12,6,7,4,11,4,16
MT0034197846,16,3,16,19,6,2,18,11
MT0034211183,19,6,0,1,8,12,5,9
MT0034225020,11,4,0,6,14,3,6,2
MT0034230990,14,4,0,10,8,8,16,2
MT0034403159,13,13,2,13,7,3,13,3
MT0034403951,17,1,5,4,10,5,7,3
MT0034410340,16,18,8,0,15,15,14,11
MT0034422157,11,4,7,3,1,6,16,2
MT0034426806,2,0,19,14,3,5,10,14
MT0034429136,9,8,17,3,9,6,12,8
MT0034518366,15,5,6,2,7,0,16,4
MT0034549623,11,12,17,3,9,6,6,0
MT0034551604,1,5,15,2,11,0,6,7
MT0034552648,5,7,13,8,14,4,5,9
MT0034560618,15,5,10,2,5,12,6,0
MT0034563474,12,15,0,8,13,8,15,1
MT0034574251,1,5,0,6,14,3,11,7
MT0034577404,14,5,10,1,5,12,16,2
MT0034670435,6,0,5,4,3,5,3,14
MT0034677542,5,6,3,1,19,6,5,9
MT0034694413,8,1,5,4,3,5,8,0
MT0034706827,9,3,4,0,15,14,18,8
MT0034800740,19,7,18,9,10,7,19,12
MT0034852831,5,6,13,6,14,9,5,5
MT0034988131,12,15,9,12,17,4,15,1
MT0034991842,8,1,13,9,10,7,8,15
MT0034992204,4,7,0,10,8,3,7,3
MT0034992958,16,12,0,10,8,8,14,4
MT0034996484,8,0,5,4,10,5,0,15
MT0035037927,17,13,18,11,17,18,7,3
MT0035108409,15,12,8,0,18,15,2,4
MT0035119161,14,7,0,6,8,9,13,0
MT0035241675,3,1,5,6,10,19,17,19
MT0035285414,2,1,12,16,12,16,3,19
MT0035316286,9,9,17,3,1,6,2,4
MT0035322836,3,1,11,17,12,17,17,19
MT0035332435,4,7,13,6,14,9,13,9
MT0035332835,2,0,18,4,10,18,3,14
MT0035833639,0,3,8,0,18,15,4,11
MT0035974809,9,12,16,19,6,2,2,4
MT0035974819,9,8,4,19,15,2,2,8
MT0036111757,8,7,2,14,0,10,0,15
MT0036368550,4,6,18,4,16,7,5,5
MT0039250520,13,0,18,4,16,7,17,19
MT0041030749,9,17,8,0,18,15,11,7
