track_id,cluster__ConvVAEplusLyrics_KMeans,cluster__ConvVAEplusLyrics_Agglomerative,cluster__ConvVAEplusLyrics_DBSCANfailed,cluster__RawAudioMeanplusLyrics_KMeans,cluster__RawAudioMeanplusLyrics_Agglomerative,cluster__RawAudioMeanplusLyrics_DBSCANfailed,cluster__PCArawFused_KMeans,cluster__PCArawFused_Agglomerative,cluster__PCArawFused_DBSCANfailed
MT0000008995,4,0,-1,1,0,-1,5,5,-1
MT0000011357,0,0,-1,5,1,-1,2,0,-1
MT0000026571,0,0,-1,3,1,-1,4,1,-1
MT0000027422,0,0,-1,2,3,-1,3,0,-1
MT0000030834,4,3,-1,1,0,-1,5,5,-1
MT0000031210,4,3,-1,4,0,-1,1,2,-1
MT0000038502,3,4,-1,0,5,-1,0,4,-1
MT0000040773,0,3,-1,1,4,-1,5,5,-1
MT0000042939,5,1,-1,2,2,-1,3,0,-1
MT0000043184,4,3,-1,1,4,-1,5,1,-1
MT0000044741,2,5,-1,3,1,-1,4,1,-1
MT0000045345,2,0,-1,5,1,-1,2,3,-1
MT0000048600,0,5,-1,5,1,-1,2,3,-1
MT0000059269,4,3,-1,4,0,-1,1,2,-1
MT0000063684,1,5,-1,5,1,-1,2,3,-1
MT0000066236,5,1,-1,5,3,-1,2,3,-1
MT0000066421,2,0,-1,3,1,-1,4,1,-1
MT0000080053,1,2,-1,1,4,-1,5,5,-1
MT0000082188,4,3,-1,1,0,-1,5,5,-1
MT0000089238,1,0,-1,5,3,-1,2,3,-1
MT0000089410,0,0,-1,1,4,-1,5,1,-1
MT0000091401,1,2,-1,1,4,-1,5,1,-1
MT0000091781,0,3,-1,3,1,-1,4,1,-1
MT0000092637,4,3,-1,1,4,-1,5,1,-1
MT0000093583,2,2,-1,3,1,-1,4,1,-1
MT0000095414,0,3,-1,3,1,-1,4,1,-1
MT0000097948,4,3,-1,4,0,-1,1,2,-1
MT0000103049,4,0,-1,4,0,-1,1,2,-1
MT0000103874,4,0,-1,3,1,-1,4,1,-1
MT0000105492,4,3,-1,1,4,-1,5,1,-1
MT0000117176,4,3,-1,1,0,-1,5,5,-1
MT0000119701,4,3,-1,4,0,-1,1,2,-1
MT0000119987,1,2,-1,2,2,-1,3,0,-1
MT0000124779,0,5,-1,5,3,-1,2,3,-1
MT0000128573,1,0,-1,5,1,-1,2,3,-1
MT0000133200,2,1,-1,0,5,-1,0,0,-1
MT0000135916,1,0,-1,3,1,-1,4,1,-1
MT0000144160,0,0,-1,5,1,-1,2,3,-1
MT0000145509,5,1,-1,0,2,-1,0,4,-1
MT0000146284,4,0,-1,1,0,-1,5,5,-1
MT0000146966,2,2,-1,0,5,-1,0,4,-1
MT0000147182,0,5,-1,5,1,-1,2,3,-1
MT0000151451,2,5,-1,3,1,-1,4,1,-1
MT0000151529,4,3,-1,4,4,-1,1,5,-1
MT0000162219,1,0,-1,3,1,-1,4,1,-1
MT0000164441,4,0,-1,4,0,-1,1,2,-1
MT0000169174,5,1,-1,2,3,-1,3,0,-1
MT0000169836,1,2,-1,5,1,-1,2,3,-1
MT0000171421,4,0,-1,5,3,-1,2,0,-1
MT0000171852,4,0,-1,1,0,-1,5,5,-1
MT0000174580,2,5,-1,5,1,-1,2,3,-1
MT0000175597,4,3,-1,1,4,-1,5,5,-1
MT0000177878,4,3,-1,1,0,-1,5,5,-1
MT0000185453,4,3,-1,4,0,-1,1,2,-1
MT0000185601,2,2,-1,2,2,-1,3,0,-1
MT0000186467,5,1,-1,2,2,-1,3,0,-1
MT0000190640,5,1,-1,0,5,-1,0,0,-1
MT0000192913,0,0,-1,2,3,-1,3,3,-1
MT0000192982,0,1,-1,3,1,-1,4,1,-1
MT0000195705,0,0,-1,5,1,-1,2,1,-1
MT0000197431,2,2,-1,3,4,-1,4,1,-1
MT0000202045,5,1,-1,2,2,-1,3,0,-1
MT0000214287,0,0,-1,3,1,-1,4,1,-1
MT0000216849,2,1,-1,2,2,-1,3,0,-1
MT0000218346,0,0,-1,2,2,-1,3,0,-1
MT0000225806,2,5,-1,2,3,-1,3,0,-1
MT0000231442,5,1,-1,0,2,-1,0,0,-1
MT0000231784,1,1,-1,0,2,-1,0,0,-1
MT0000245808,1,3,-1,1,4,-1,5,1,-1
MT0000252574,3,4,-1,5,1,-1,2,3,-1
MT0000255724,2,1,-1,2,2,-1,3,0,-1
MT0000258223,4,3,-1,3,4,-1,4,1,-1
MT0000258646,1,1,-1,2,3,-1,3,0,-1
MT0000265621,4,3,-1,5,1,-1,2,1,-1
MT0000268576,4,3,-1,3,1,-1,4,1,-1
MT0000270200,2,2,-1,2,2,-1,3,0,-1
MT0000271454,1,3,-1,3,1,-1,4,1,-1
MT0000271970,5,1,-1,0,5,-1,0,4,-1
MT0000273374,4,3,-1,1,4,-1,5,1,-1
MT0000277032,4,3,-1,1,4,-1,5,5,-1
MT0000277633,4,3,-1,4,0,-1,1,2,-1
MT0000283043,5,1,-1,5,1,-1,2,3,-1
MT0000287606,4,3,-1,4,0,-1,1,2,-1
MT0000287921,5,1,-1,0,5,-1,0,4,-1
MT0000289116,4,0,-1,1,4,-1,5,5,-1
MT0000292000,1,2,-1,5,3,-1,3,0,-1
MT0000293345,5,1,-1,2,3,-1,3,0,-1
MT0000299291,2,1,-1,2,3,-1,3,0,-1
MT0000310204,2,5,-1,2,3,-1,3,3,-1
MT0000312152,2,5,-1,1,4,-1,5,5,-1
MT0000315363,1,2,-1,2,2,-1,3,0,-1
MT0000315392,2,0,-1,5,3,-1,2,3,-1
MT0000316110,2,5,-1,2,2,-1,3,0,-1
MT0000318206,5,1,-1,0,5,-1,0,4,-1
MT0000318279,0,0,-1,5,1,-1,2,3,-1
MT0000320757,2,5,-1,5,3,-1,2,0,-1
MT0000321394,3,4,-1,2,2,-1,3,0,-1
MT0000321824,2,0,-1,3,1,-1,4,1,-1
MT0000325093,3,1,-1,2,3,-1,3,0,-1
MT0000335310,1,0,-1,3,1,-1,4,1,-1
MT0000348553,4,3,-1,1,0,-1,5,5,-1
MT0000353361,1,5,-1,3,1,-1,2,1,-1
MT0000369188,3,4,-1,2,3,-1,3,0,-1
MT0000370694,4,3,-1,3,4,-1,4,1,-1
MT0000380307,0,3,-1,1,4,-1,5,5,-1
MT0000380971,4,3,-1,1,4,-1,5,5,-1
MT0000391566,0,0,-1,5,1,-1,2,1,-1
MT0000398595,5,0,-1,5,1,-1,2,3,-1
MT0000408441,4,3,-1,4,0,-1,1,2,-1
MT0000409922,0,0,-1,5,1,-1,2,3,-1
MT0000419956,5,1,-1,5,3,-1,2,3,-1
MT0000421504,0,3,-1,1,4,-1,5,1,-1
MT0000425270,1,1,-1,2,2,-1,3,0,-1
MT0000426880,1,5,-1,3,1,-1,4,1,-1
MT0000436815,0,0,-1,2,3,-1,3,0,-1
MT0000441552,5,1,-1,2,3,-1,3,3,-1
MT0000446304,0,5,-1,3,1,-1,4,1,-1
MT0000447539,4,0,-1,4,0,-1,1,2,-1
MT0000456939,5,1,-1,0,5,-1,0,4,-1
MT0000460480,0,5,-1,3,1,-1,4,1,-1
MT0000463371,5,1,-1,2,3,-1,3,0,-1
MT0000475876,1,2,-1,3,1,-1,4,1,-1
MT0000481304,0,0,-1,5,1,-1,2,3,-1
MT0000487439,4,3,-1,4,0,-1,1,2,-1
MT0000497520,1,2,-1,2,3,-1,3,0,-1
MT0000515256,4,3,-1,1,4,-1,5,1,-1
MT0000518591,2,1,-1,2,2,-1,3,0,-1
MT0000523576,1,0,-1,5,1,-1,2,3,-1
MT0000526302,4,3,-1,4,0,-1,1,2,-1
MT0000526867,0,3,-1,1,4,-1,5,5,-1
MT0000534539,4,3,-1,1,4,-1,5,5,-1
MT0000540286,4,3,-1,4,0,-1,1,2,-1
MT0000546446,2,5,-1,2,3,-1,3,0,-1
MT0000547065,1,2,-1,5,3,-1,2,0,-1
MT0000549945,4,0,-1,1,0,-1,5,5,-1
MT0000550961,0,5,-1,3,4,-1,4,5,-1
MT0000553622,0,1,-1,3,1,-1,4,1,-1
MT0000556349,4,3,-1,1,0,-1,5,2,-1
MT0000567692,4,5,-1,1,4,-1,5,1,-1
MT0000570966,1,1,-1,1,4,-1,4,1,-1
MT0000599398,0,1,-1,3,1,-1,4,1,-1
MT0000603187,4,3,-1,5,1,-1,2,3,-1
MT0000603561,4,3,-1,4,0,-1,1,2,-1
MT0000604234,5,1,-1,5,3,-1,2,3,-1
MT0000615489,1,1,-1,0,5,-1,0,4,-1
MT0000619767,2,5,-1,2,3,-1,3,0,-1
MT0000621840,1,1,-1,3,1,-1,4,1,-1
MT0000630628,5,1,-1,2,2,-1,0,0,-1
MT0000633351,4,0,-1,3,1,-1,4,1,-1
MT0000638424,0,0,-1,3,4,-1,4,1,-1
MT0000638634,4,0,-1,3,4,-1,4,1,-1
MT0000643201,0,0,-1,5,3,-1,3,0,-1
MT0000647818,1,0,-1,5,1,-1,2,3,-1
MT0000652082,4,0,-1,3,1,-1,4,1,-1
MT0000661250,4,0,-1,4,0,-1,5,5,-1
MT0000661847,0,0,-1,5,1,-1,2,1,-1
MT0000664362,4,3,-1,3,1,-1,4,1,-1
MT0000666429,2,1,-1,2,2,-1,3,0,-1
MT0000670865,0,5,-1,3,1,-1,4,1,-1
MT0000672880,1,2,-1,5,3,-1,2,3,-1
MT0000685324,0,0,-1,2,3,-1,3,3,-1
MT0000685538,1,2,-1,3,1,-1,4,1,-1
MT0000685552,2,5,-1,5,3,-1,2,3,-1
MT0000688115,4,3,-1,1,0,-1,5,2,-1
MT0000688312,5,1,-1,2,2,-1,3,0,-1
MT0000694316,5,1,-1,2,3,-1,3,0,-1
MT0000704913,2,2,-1,5,1,-1,2,3,-1
MT0000707663,4,0,-1,3,4,-1,4,1,-1
MT0000712071,2,0,-1,3,1,-1,4,1,-1
MT0000714708,1,2,-1,5,1,-1,2,1,-1
MT0000720686,5,1,-1,0,2,-1,0,0,-1
MT0000721873,2,1,-1,2,3,-1,3,0,-1
MT0000723464,2,0,-1,5,1,-1,2,3,-1
MT0000724357,1,2,-1,3,1,-1,4,1,-1
MT0000727738,1,2,-1,5,1,-1,2,3,-1
MT0000734482,4,3,-1,4,0,-1,1,2,-1
MT0000735056,5,1,-1,0,5,-1,0,4,-1
MT0000741489,3,1,-1,0,5,-1,0,4,-1
MT0000744293,5,0,-1,2,3,-1,3,0,-1
MT0000747666,0,1,-1,3,1,-1,4,1,-1
MT0000753074,4,2,-1,3,4,-1,4,1,-1
MT0000754511,4,0,-1,1,4,-1,4,1,-1
MT0000762097,4,0,-1,1,4,-1,5,5,-1
MT0000763275,0,5,-1,1,4,-1,5,1,-1
MT0000764951,4,3,-1,4,0,-1,1,2,-1
MT0000766316,4,0,-1,1,4,-1,5,1,-1
MT0000775053,1,0,-1,1,4,-1,5,1,-1
MT0000776108,4,3,-1,1,4,-1,4,1,-1
MT0000778102,1,2,-1,3,1,-1,4,1,-1
MT0000780401,2,2,-1,2,3,-1,3,0,-1
MT0000783307,1,1,-1,2,3,-1,3,0,-1
MT0000789330,5,1,-1,2,3,-1,3,0,-1
MT0000807741,0,2,-1,1,4,-1,5,1,-1
MT0000808227,5,1,-1,0,2,-1,0,0,-1
MT0000811092,0,0,-1,1,4,-1,5,5,-1
MT0000811743,2,5,-1,3,1,-1,4,1,-1
MT0000825920,0,0,-1,1,4,-1,5,5,-1
MT0000829531,1,2,-1,5,3,-1,3,0,-1
MT0000829765,0,3,-1,3,1,-1,4,1,-1
MT0000832464,4,5,-1,1,4,-1,5,1,-1
MT0000848769,4,3,-1,1,0,-1,5,5,-1
MT0000850050,4,0,-1,1,0,-1,5,5,-1
MT0000850957,1,5,-1,5,1,-1,2,3,-1
MT0000851865,1,2,-1,5,3,-1,2,3,-1
MT0000852582,2,5,-1,2,3,-1,3,0,-1
MT0000853072,4,0,-1,1,0,-1,5,5,-1
MT0000854722,2,3,-1,5,3,-1,2,3,-1
MT0000863232,0,0,-1,5,1,-1,2,3,-1
MT0000863543,2,2,-1,2,1,-1,3,0,-1
MT0000871290,0,0,-1,3,1,-1,4,1,-1
MT0000874482,5,1,-1,2,2,-1,3,0,-1
MT0000875199,2,5,-1,0,5,-1,0,0,-1
MT0000875520,2,4,-1,0,2,-1,0,0,-1
MT0000886390,2,0,-1,3,4,-1,4,1,-1
MT0000888329,0,0,-1,3,1,-1,4,1,-1
MT0000889229,4,3,-1,1,4,-1,5,5,-1
MT0000892306,5,1,-1,2,2,-1,0,0,-1
MT0000895003,5,1,-1,0,2,-1,0,0,-1
MT0000895905,0,0,-1,4,0,-1,1,2,-1
MT0000900387,1,2,-1,5,1,-1,2,1,-1
MT0000900995,4,3,-1,4,0,-1,1,2,-1
MT0000901959,4,3,-1,5,1,-1,2,3,-1
MT0000903225,2,5,-1,2,2,-1,3,0,-1
MT0000906888,2,1,-1,3,1,-1,4,1,-1
MT0000910270,5,1,-1,2,3,-1,3,0,-1
MT0000920227,4,0,-1,1,0,-1,5,5,-1
MT0000927561,5,1,-1,0,5,-1,0,4,-1
MT0000931402,0,5,-1,3,4,-1,4,1,-1
MT0000934613,5,1,-1,2,3,-1,3,3,-1
MT0000948111,1,2,-1,3,4,-1,4,1,-1
MT0000950090,2,5,-1,2,2,-1,3,0,-1
MT0000954088,1,2,-1,3,1,-1,2,1,-1
MT0000956340,5,1,-1,5,1,-1,2,1,-1
MT0000984023,5,1,-1,0,5,-1,0,4,-1
MT0000992846,2,1,-1,2,2,-1,3,0,-1
MT0001016068,4,3,-1,1,4,-1,5,1,-1
MT0001020011,0,0,-1,3,4,-1,4,1,-1
MT0001030436,0,0,-1,1,4,-1,5,1,-1
MT0001032211,2,2,-1,3,4,-1,4,1,-1
MT0001042055,1,0,-1,3,1,-1,2,1,-1
MT0001043721,1,2,-1,3,1,-1,4,1,-1
MT0001053268,2,5,-1,5,1,-1,2,3,-1
MT0001058887,2,2,-1,5,1,-1,2,1,-1
MT0001062700,4,5,-1,1,4,-1,5,1,-1
MT0001095298,2,0,-1,5,1,-1,2,3,-1
MT0001101467,1,2,-1,0,2,-1,0,0,-1
MT0001102610,0,5,-1,2,3,-1,3,0,-1
MT0001104467,0,0,-1,5,1,-1,2,3,-1
MT0001106114,1,3,-1,3,1,-1,4,1,-1
MT0001109401,0,0,-1,2,2,-1,3,0,-1
MT0001115644,2,5,-1,2,3,-1,3,0,-1
MT0001116511,3,4,-1,0,5,-1,0,4,-1
MT0001117815,2,5,-1,2,2,-1,3,0,-1
MT0001121577,0,0,-1,5,3,-1,3,3,-1
MT0001134958,4,3,-1,1,0,-1,5,5,-1
MT0001137053,4,0,-1,1,4,-1,5,1,-1
MT0001144930,0,0,-1,2,2,-1,3,0,-1
MT0001152165,4,0,-1,5,1,-1,2,3,-1
MT0001152664,0,5,-1,3,4,-1,4,1,-1
MT0001153847,2,2,-1,5,3,-1,2,3,-1
MT0001157069,4,3,-1,4,0,-1,1,2,-1
MT0001168323,4,0,-1,1,4,-1,5,5,-1
MT0001169715,1,2,-1,5,1,-1,2,1,-1
MT0001183783,4,3,-1,1,0,-1,5,5,-1
MT0001189913,1,2,-1,5,1,-1,2,3,-1
MT0001193202,5,1,-1,0,5,-1,0,4,-1
MT0001193331,1,2,-1,2,3,-1,3,0,-1
MT0001193971,0,5,-1,5,3,-1,2,3,-1
MT0001194164,4,3,-1,1,4,-1,5,1,-1
MT0001195535,2,0,-1,5,1,-1,2,3,-1
MT0001202986,2,5,-1,3,1,-1,4,1,-1
MT0001217651,1,2,-1,0,2,-1,0,0,-1
MT0001227219,4,3,-1,4,0,-1,1,2,-1
MT0001230193,5,1,-1,2,2,-1,3,0,-1
MT0001230298,2,0,-1,3,1,-1,4,1,-1
MT0001243097,0,0,-1,1,4,-1,5,5,-1
MT0001256033,2,5,-1,0,2,-1,0,0,-1
MT0001265984,0,0,-1,5,3,-1,2,0,-1
MT0001266436,4,0,-1,5,1,-1,2,3,-1
MT0001267997,4,3,-1,1,4,-1,5,5,-1
MT0001276044,5,1,-1,0,5,-1,0,4,-1
MT0001277283,0,5,-1,2,3,-1,3,0,-1
MT0001284282,2,1,-1,5,1,-1,2,3,-1
MT0001284801,4,3,-1,1,4,-1,5,5,-1
MT0001287647,2,2,-1,0,5,-1,0,0,-1
MT0001292451,1,2,-1,1,4,-1,5,5,-1
MT0001297031,2,5,-1,3,1,-1,4,3,-1
MT0001298241,1,2,-1,5,1,-1,2,3,-1
MT0001301827,4,3,-1,4,0,-1,1,2,-1
MT0001305550,4,3,-1,4,0,-1,1,2,-1
MT0001309422,2,5,-1,5,1,-1,2,3,-1
MT0001313815,4,0,-1,3,1,-1,2,1,-1
MT0001318718,1,2,-1,3,1,-1,4,1,-1
MT0001321861,1,2,-1,0,5,-1,0,4,-1
MT0001323755,0,0,-1,5,1,-1,2,3,-1
MT0001331047,4,3,-1,4,0,-1,1,2,-1
MT0001332899,0,0,-1,5,1,-1,2,3,-1
MT0001335920,1,2,-1,2,3,-1,3,0,-1
MT0001347462,0,3,-1,3,4,-1,4,1,-1
MT0001353828,5,5,-1,5,3,-1,2,0,-1
MT0001356476,2,5,-1,2,3,-1,3,3,-1
MT0001356637,2,2,-1,3,1,-1,4,1,-1
MT0001361436,3,1,-1,0,5,-1,0,4,-1
MT0001362313,0,5,-1,3,1,-1,4,1,-1
MT0001368531,4,3,-1,3,4,-1,4,1,-1
MT0001369981,4,0,-1,4,0,-1,1,5,-1
MT0001370627,4,0,-1,4,0,-1,5,5,-1
MT0001372070,0,0,-1,5,1,-1,2,3,-1
MT0001376988,5,1,-1,0,2,-1,0,0,-1
MT0001377616,0,3,-1,3,4,-1,4,1,-1
MT0001377742,5,1,-1,0,5,-1,0,0,-1
MT0001380360,3,1,-1,0,5,-1,0,4,-1
MT0001383277,1,2,-1,2,2,-1,3,0,-1
MT0001385947,0,0,-1,2,3,-1,3,0,-1
MT0001395462,0,5,-1,1,4,-1,5,5,-1
MT0001397431,5,1,-1,5,3,-1,2,3,-1
MT0001404677,4,3,-1,1,0,-1,5,5,-1
MT0001435061,2,0,-1,3,1,-1,4,1,-1
MT0001436086,4,3,-1,4,0,-1,1,2,-1
MT0001453285,2,5,-1,5,1,-1,2,3,-1
MT0001473110,1,2,-1,5,1,-1,2,3,-1
MT0001473158,4,2,-1,4,0,-1,1,2,-1
MT0001477169,0,0,-1,3,1,-1,4,1,-1
MT0001486960,1,2,-1,3,4,-1,4,1,-1
MT0001494812,0,5,-1,5,1,-1,2,3,-1
MT0001497786,0,5,-1,3,4,-1,4,1,-1
MT0001509368,2,5,-1,5,1,-1,2,3,-1
MT0001509615,4,3,-1,1,4,-1,5,5,-1
MT0001510617,5,1,-1,5,1,-1,2,3,-1
MT0001511433,0,0,-1,1,0,-1,5,5,-1
MT0001514284,2,2,-1,3,1,-1,4,1,-1
MT0001515028,4,5,-1,1,4,-1,5,5,-1
MT0001518335,4,3,-1,4,0,-1,1,5,-1
MT0001521543,2,2,-1,5,1,-1,2,3,-1
MT0001523435,4,2,-1,1,4,-1,5,1,-1
MT0001526514,0,0,-1,2,2,-1,3,0,-1
MT0001528638,1,0,-1,4,0,-1,1,2,-1
MT0001531856,2,5,-1,5,1,-1,2,3,-1
MT0001531906,5,0,-1,2,3,-1,3,0,-1
MT0001542457,2,2,-1,0,5,-1,0,4,-1
MT0001547111,0,3,-1,3,4,-1,4,1,-1
MT0001553573,3,1,-1,2,2,-1,3,0,-1
MT0001554870,1,2,-1,0,5,-1,0,4,-1
MT0001566152,0,0,-1,5,1,-1,2,3,-1
MT0001578777,5,1,-1,0,5,-1,0,4,-1
MT0001583214,5,1,-1,0,5,-1,0,4,-1
MT0001590201,2,1,-1,2,3,-1,3,0,-1
MT0001590644,5,1,-1,2,2,-1,3,0,-1
MT0001594582,4,0,-1,3,1,-1,4,1,-1
MT0001595082,5,1,-1,0,2,-1,0,0,-1
MT0001608499,0,5,-1,1,4,-1,5,5,-1
MT0001609615,2,5,-1,2,3,-1,3,0,-1
MT0001610102,2,2,-1,2,3,-1,3,0,-1
MT0001613887,3,4,-1,0,5,-1,0,0,-1
MT0001615005,5,1,-1,2,2,-1,3,0,-1
MT0001624303,0,0,-1,5,3,-1,2,3,-1
MT0001634305,1,0,-1,2,3,-1,3,0,-1
MT0001638394,4,0,-1,4,0,-1,1,2,-1
MT0001639011,2,1,-1,2,3,-1,3,0,-1
MT0001641165,1,2,-1,2,3,-1,3,0,-1
MT0001642019,5,1,-1,0,2,-1,0,0,-1
MT0001644811,4,0,-1,3,1,-1,4,1,-1
MT0001646256,0,0,-1,1,0,-1,5,5,-1
MT0001648703,5,1,-1,0,5,-1,0,4,-1
MT0001653728,0,3,-1,1,4,-1,5,1,-1
MT0001658982,4,3,-1,4,0,-1,1,2,-1
MT0001661022,4,0,-1,4,0,-1,1,2,-1
MT0001671399,0,0,-1,2,3,-1,3,0,-1
MT0001673884,4,3,-1,4,0,-1,1,2,-1
MT0001699798,0,3,-1,5,3,-1,2,3,-1
MT0001710592,5,1,-1,2,2,-1,3,0,-1
MT0001729778,2,5,-1,3,1,-1,2,1,-1
MT0001738256,1,1,-1,2,3,-1,3,0,-1
MT0001741017,2,5,-1,2,2,-1,3,0,-1
MT0001757676,1,3,-1,1,4,-1,5,5,-1
MT0001765726,0,0,-1,1,4,-1,5,5,-1
MT0001766004,5,1,-1,2,2,-1,3,0,-1
MT0001770136,5,2,-1,0,2,-1,0,0,-1
MT0001779167,5,1,-1,0,5,-1,0,4,-1
MT0001795697,1,2,-1,5,3,-1,2,0,-1
MT0001801454,1,2,-1,0,5,-1,0,0,-1
MT0001810607,2,5,-1,5,1,-1,2,3,-1
MT0001829666,2,0,-1,5,1,-1,2,3,-1
MT0001831738,2,0,-1,2,3,-1,3,0,-1
MT0001832838,2,5,-1,5,3,-1,2,3,-1
MT0001835551,5,1,-1,0,5,-1,0,4,-1
MT0001839466,2,1,-1,3,1,-1,4,1,-1
MT0001841416,4,2,-1,1,4,-1,5,5,-1
MT0001852290,1,2,-1,0,5,-1,0,4,-1
MT0001862892,4,5,-1,3,4,-1,4,1,-1
MT0001889075,1,2,-1,2,2,-1,3,0,-1
MT0001889244,2,3,-1,3,4,-1,4,1,-1
MT0001891260,4,3,-1,1,4,-1,5,5,-1
MT0001899447,0,5,-1,1,4,-1,5,1,-1
MT0001899867,2,2,-1,5,3,-1,2,3,-1
MT0001920501,4,3,-1,3,1,-1,4,1,-1
MT0001927015,1,2,-1,3,1,-1,4,1,-1
MT0001927474,0,0,-1,2,3,-1,3,0,-1
MT0001927921,1,1,-1,5,3,-1,2,3,-1
MT0001929641,2,5,-1,3,4,-1,4,1,-1
MT0001934410,3,1,-1,5,3,-1,2,3,-1
MT0001934726,2,5,-1,1,4,-1,5,5,-1
MT0001938929,1,1,-1,1,0,-1,5,5,-1
MT0001942272,0,0,-1,2,3,-1,3,0,-1
MT0001943830,4,3,-1,4,0,-1,1,2,-1
MT0001949173,4,0,-1,1,0,-1,5,2,-1
MT0001954919,0,0,-1,1,4,-1,5,5,-1
MT0001962373,5,1,-1,5,3,-1,2,0,-1
MT0001963447,5,1,-1,0,5,-1,0,4,-1
MT0001967655,1,0,-1,5,1,-1,2,3,-1
MT0001972380,0,5,-1,3,4,-1,4,1,-1
MT0001972829,4,3,-1,3,4,-1,4,1,-1
MT0001974130,5,1,-1,0,5,-1,0,4,-1
MT0001978806,3,4,-1,3,1,-1,4,3,-1
MT0001980613,0,5,-1,5,1,-1,2,3,-1
MT0001988811,4,0,-1,3,1,-1,4,1,-1
MT0001992879,5,1,-1,0,5,-1,0,4,-1
MT0001993588,1,1,-1,2,2,-1,3,0,-1
MT0002006203,4,3,-1,1,4,-1,5,5,-1
MT0002006862,1,2,-1,5,1,-1,2,1,-1
MT0002007417,4,3,-1,4,0,-1,1,2,-1
MT0002014752,4,3,-1,4,0,-1,1,2,-1
MT0002024101,2,1,-1,0,5,-1,0,4,-1
MT0002024741,2,0,-1,5,3,-1,2,3,-1
MT0002034238,2,0,-1,5,1,-1,2,3,-1
MT0002052101,2,5,-1,2,3,-1,3,0,-1
MT0002054074,4,3,-1,4,0,-1,1,2,-1
MT0002057142,4,3,-1,4,0,-1,1,2,-1
MT0002060109,0,5,-1,2,3,-1,3,0,-1
MT0002068648,5,1,-1,0,2,-1,0,4,-1
MT0002078701,0,3,-1,5,1,-1,2,3,-1
MT0002087541,0,0,-1,2,3,-1,3,0,-1
MT0002088249,2,5,-1,5,1,-1,2,1,-1
MT0002099419,1,2,-1,3,1,-1,4,3,-1
MT0002113056,4,3,-1,1,4,-1,5,5,-1
MT0002131125,2,2,-1,0,5,-1,0,0,-1
MT0002132088,0,3,-1,5,1,-1,2,1,-1
MT0002139311,2,5,-1,5,3,-1,2,3,-1
MT0002142155,4,3,-1,4,0,-1,1,5,-1
MT0002169629,5,1,-1,2,2,-1,3,0,-1
MT0002177145,1,1,-1,5,1,-1,2,3,-1
MT0002179342,2,1,-1,2,3,-1,3,3,-1
MT0002193996,1,1,-1,5,1,-1,3,0,-1
MT0002216668,4,0,-1,3,1,-1,4,1,-1
MT0002219182,2,2,-1,3,4,-1,4,1,-1
MT0002222944,5,1,-1,2,3,-1,3,0,-1
MT0002225477,1,2,-1,0,5,-1,0,4,-1
MT0002238737,4,0,-1,3,1,-1,4,1,-1
MT0002239079,1,2,-1,3,4,-1,4,1,-1
MT0002250135,0,0,-1,3,1,-1,4,1,-1
MT0002252353,5,0,-1,0,2,-1,0,0,-1
MT0002272314,5,1,-1,2,2,-1,3,0,-1
MT0002277261,0,0,-1,3,1,-1,4,1,-1
MT0002291660,5,1,-1,5,3,-1,2,3,-1
MT0002294387,2,0,-1,2,2,-1,3,0,-1
MT0002298774,3,1,-1,0,5,-1,0,4,-1
MT0002307435,0,5,-1,3,1,-1,4,1,-1
MT0002316145,5,1,-1,2,2,-1,3,0,-1
MT0002325544,0,5,-1,3,1,-1,4,1,-1
MT0002336535,4,3,-1,1,0,-1,5,5,-1
MT0002337555,5,1,-1,2,2,-1,3,0,-1
MT0002342346,2,1,-1,2,2,-1,3,0,-1
MT0002343207,4,3,-1,1,4,-1,5,1,-1
MT0002347246,1,2,-1,3,1,-1,2,3,-1
MT0002351905,1,2,-1,5,3,-1,3,0,-1
MT0002355423,0,0,-1,1,4,-1,5,5,-1
MT0002359628,0,3,-1,3,1,-1,4,1,-1
MT0002360219,1,2,-1,5,1,-1,2,3,-1
MT0002362108,2,5,-1,5,1,-1,2,3,-1
MT0002366291,4,0,-1,5,1,-1,2,1,-1
MT0002371970,4,3,-1,1,4,-1,5,5,-1
MT0002372242,1,2,-1,2,3,-1,3,0,-1
MT0002379942,5,1,-1,5,1,-1,2,0,-1
MT0002390941,4,3,-1,3,1,-1,4,1,-1
MT0002396250,5,1,-1,2,3,-1,3,0,-1
MT0002397625,2,5,-1,5,3,-1,2,3,-1
MT0002399275,1,2,-1,0,2,-1,0,0,-1
MT0002438908,0,0,-1,1,4,-1,5,1,-1
MT0002460914,1,2,-1,2,2,-1,3,0,-1
MT0002472723,2,5,-1,2,3,-1,3,0,-1
MT0002477987,4,3,-1,4,0,-1,1,2,-1
MT0002479795,5,1,-1,0,2,-1,0,0,-1
MT0002485672,0,0,-1,1,4,-1,5,5,-1
MT0002510318,0,0,-1,5,3,-1,2,3,-1
MT0002515172,0,0,-1,1,0,-1,5,5,-1
MT0002532237,1,2,-1,1,4,-1,5,1,-1
MT0002538335,1,2,-1,5,1,-1,2,3,-1
MT0002541988,4,3,-1,3,4,-1,4,1,-1
MT0002549047,2,5,-1,3,4,-1,4,1,-1
MT0002549944,2,5,-1,2,2,-1,3,0,-1
MT0002580064,2,2,-1,2,3,-1,3,0,-1
MT0002585767,0,0,-1,3,4,-1,4,1,-1
MT0002591418,0,0,-1,3,1,-1,4,1,-1
MT0002595792,2,0,-1,1,4,-1,5,5,-1
MT0002602057,1,2,-1,3,1,-1,4,3,-1
MT0002604697,0,0,-1,2,3,-1,3,0,-1
MT0002619035,0,0,-1,5,3,-1,2,3,-1
MT0002621498,5,1,-1,0,5,-1,0,4,-1
MT0002634024,0,1,-1,3,1,-1,4,1,-1
MT0002638821,0,0,-1,1,4,-1,5,5,-1
MT0002645049,1,2,-1,5,1,-1,2,3,-1
MT0002655864,1,5,-1,5,1,-1,2,3,-1
MT0002659854,0,0,-1,2,3,-1,3,0,-1
MT0002672499,2,2,-1,5,3,-1,2,3,-1
MT0002675791,0,0,-1,5,1,-1,2,3,-1
MT0002698706,1,0,-1,2,2,-1,3,0,-1
MT0002698827,4,0,-1,4,0,-1,1,5,-1
MT0002700026,2,5,-1,0,5,-1,0,4,-1
MT0002701422,5,1,-1,5,3,-1,2,3,-1
MT0002709704,2,1,-1,2,2,-1,3,0,-1
MT0002711792,5,1,-1,0,2,-1,0,4,-1
MT0002714093,0,0,-1,5,3,-1,2,3,-1
MT0002716927,2,1,-1,2,2,-1,3,0,-1
MT0002737189,1,2,-1,2,3,-1,3,0,-1
MT0002739845,5,1,-1,0,2,-1,0,4,-1
MT0002760912,0,3,-1,3,1,-1,4,1,-1
MT0002761408,5,1,-1,0,2,-1,0,0,-1
MT0002762445,2,1,-1,5,3,-1,2,3,-1
MT0002771537,0,3,-1,3,1,-1,4,1,-1
MT0002784741,1,1,-1,5,3,-1,2,0,-1
MT0002803746,0,0,-1,3,1,-1,4,1,-1
MT0002810052,3,4,-1,0,5,-1,0,4,-1
MT0002840704,1,2,-1,3,1,-1,4,1,-1
MT0002842988,3,4,-1,2,3,-1,3,0,-1
MT0002844771,0,3,-1,3,1,-1,4,1,-1
MT0002846256,4,0,-1,3,1,-1,4,1,-1
MT0002858390,1,0,-1,3,1,-1,4,1,-1
MT0002859848,0,0,-1,5,1,-1,2,1,-1
MT0002875103,1,2,-1,2,2,-1,3,0,-1
MT0002889321,5,1,-1,0,5,-1,0,4,-1
MT0002894033,1,2,-1,3,1,-1,4,1,-1
MT0002903697,0,0,-1,3,1,-1,4,1,-1
MT0002905185,4,3,-1,4,0,-1,5,2,-1
MT0002907679,2,5,-1,0,2,-1,0,0,-1
MT0002909109,1,2,-1,5,3,-1,2,0,-1
MT0002915967,2,3,-1,1,4,-1,4,1,-1
MT0002920876,4,3,-1,1,0,-1,5,5,-1
MT0002928993,2,5,-1,5,1,-1,2,3,-1
MT0002939380,1,5,-1,5,1,-1,2,3,-1
MT0002949712,5,1,-1,0,5,-1,0,0,-1
MT0002951872,2,5,-1,0,5,-1,0,4,-1
MT0002954708,5,1,-1,2,2,-1,3,0,-1
MT0002960288,0,0,-1,3,1,-1,4,1,-1
MT0002962258,1,2,-1,0,2,-1,0,0,-1
MT0002969144,0,0,-1,5,1,-1,2,3,-1
MT0002980543,1,0,-1,4,0,-1,1,5,-1
MT0002986568,2,5,-1,5,3,-1,2,3,-1
MT0002999366,2,2,-1,5,1,-1,2,3,-1
MT0003008724,5,1,-1,2,2,-1,3,0,-1
MT0003012633,0,3,-1,1,0,-1,5,5,-1
MT0003019852,5,1,-1,0,5,-1,0,4,-1
MT0003023886,5,1,-1,0,5,-1,0,0,-1
MT0003025046,0,5,-1,5,1,-1,2,3,-1
MT0003025373,2,5,-1,2,2,-1,3,0,-1
MT0003025883,0,0,-1,5,1,-1,2,3,-1
MT0003028265,4,0,-1,3,1,-1,4,1,-1
MT0003037754,0,0,-1,3,1,-1,4,3,-1
MT0003041246,5,1,-1,2,2,-1,3,0,-1
MT0003044417,2,2,-1,2,2,-1,3,0,-1
MT0003081304,1,2,-1,1,4,-1,4,1,-1
MT0003085195,1,2,-1,0,5,-1,0,0,-1
MT0003085925,2,5,-1,5,1,-1,2,3,-1
MT0003094118,1,5,-1,2,3,-1,3,0,-1
MT0003102331,1,2,-1,2,2,-1,3,0,-1
MT0003106472,1,2,-1,2,3,-1,3,3,-1
MT0003109823,2,5,-1,5,1,-1,2,3,-1
MT0003117846,5,1,-1,2,2,-1,0,0,-1
MT0003124476,1,2,-1,5,3,-1,2,0,-1
MT0003131369,2,5,-1,3,1,-1,4,1,-1
MT0003131435,2,5,-1,5,1,-1,2,3,-1
MT0003144898,5,1,-1,2,2,-1,3,0,-1
MT0003146944,4,0,-1,1,0,-1,5,5,-1
MT0003148189,0,0,-1,2,3,-1,3,0,-1
MT0003163405,0,0,-1,5,1,-1,2,3,-1
MT0003175531,2,5,-1,5,3,-1,2,0,-1
MT0003189890,2,5,-1,3,1,-1,4,1,-1
MT0003209662,3,4,-1,2,2,-1,3,0,-1
MT0003213617,4,0,-1,3,1,-1,4,1,-1
MT0003213835,2,5,-1,2,3,-1,3,0,-1
MT0003216840,2,5,-1,2,2,-1,3,0,-1
MT0003224500,5,2,-1,0,5,-1,0,4,-1
MT0003228768,2,3,-1,3,4,-1,4,1,-1
MT0003237550,5,1,-1,5,3,-1,2,3,-1
MT0003246728,5,1,-1,5,3,-1,2,0,-1
MT0003248394,5,0,-1,5,1,-1,2,3,-1
MT0003262589,5,1,-1,2,2,-1,3,0,-1
MT0003263304,1,5,-1,5,1,-1,2,3,-1
MT0003264792,1,2,-1,3,1,-1,4,1,-1
MT0003272904,2,5,-1,2,2,-1,3,0,-1
MT0003274067,2,3,-1,3,4,-1,4,1,-1
MT0003280103,1,5,-1,3,1,-1,4,1,-1
MT0003286463,1,3,-1,5,1,-1,2,1,-1
MT0003287170,4,0,-1,4,0,-1,1,2,-1
MT0003287931,2,5,-1,2,3,-1,3,0,-1
MT0003294608,5,1,-1,0,2,-1,0,0,-1
MT0003300388,0,5,-1,5,1,-1,2,1,-1
MT0003304271,4,3,-1,1,4,-1,5,1,-1
MT0003309945,5,1,-1,5,1,-1,2,3,-1
MT0003315880,2,2,-1,5,3,-1,2,0,-1
MT0003320924,4,0,-1,4,0,-1,1,5,-1
MT0003326925,2,1,-1,0,5,-1,0,4,-1
MT0003328491,2,5,-1,1,4,-1,5,1,-1
MT0003329820,1,5,-1,2,3,-1,3,0,-1
MT0003336370,4,5,-1,1,0,-1,5,5,-1
MT0003336800,5,1,-1,0,2,-1,0,0,-1
MT0003337396,5,1,-1,0,5,-1,0,4,-1
MT0003343422,0,3,-1,3,4,-1,4,1,-1
MT0003345751,5,1,-1,0,2,-1,0,4,-1
MT0003352308,4,3,-1,4,0,-1,1,2,-1
MT0003353602,2,5,-1,2,2,-1,3,0,-1
MT0003353794,2,5,-1,3,1,-1,4,1,-1
MT0003354468,1,0,-1,5,1,-1,2,3,-1
MT0003362542,2,5,-1,2,3,-1,3,0,-1
MT0003362617,4,2,-1,4,0,-1,1,5,-1
MT0003389088,0,1,-1,2,2,-1,3,0,-1
MT0003390733,2,5,-1,3,1,-1,4,3,-1
MT0003402178,4,0,-1,4,0,-1,1,2,-1
MT0003402538,2,5,-1,3,4,-1,4,1,-1
MT0003402994,1,2,-1,2,3,-1,3,0,-1
MT0003420996,4,3,-1,1,4,-1,5,1,-1
MT0003421433,0,0,-1,2,3,-1,3,0,-1
MT0003428477,4,3,-1,4,0,-1,1,2,-1
MT0003435704,2,0,-1,2,2,-1,3,0,-1
MT0003440957,2,1,-1,0,2,-1,0,0,-1
MT0003444822,5,1,-1,2,3,-1,3,3,-1
MT0003462877,3,1,-1,0,2,-1,0,4,-1
MT0003473344,0,0,-1,3,1,-1,4,1,-1
MT0003482336,5,1,-1,2,3,-1,3,0,-1
MT0003496132,5,1,-1,2,2,-1,3,0,-1
MT0003501434,0,3,-1,5,3,-1,2,3,-1
MT0003503243,3,4,-1,0,5,-1,0,4,-1
MT0003504525,1,0,-1,5,1,-1,2,1,-1
MT0003510796,1,2,-1,2,3,-1,3,0,-1
MT0003517837,2,2,-1,5,3,-1,2,3,-1
MT0003536193,2,4,-1,0,5,-1,0,4,-1
MT0003539442,5,1,-1,0,5,-1,0,4,-1
MT0003542756,4,3,-1,4,0,-1,1,2,-1
MT0003570082,2,2,-1,5,1,-1,2,3,-1
MT0003587042,5,1,-1,0,5,-1,0,4,-1
MT0003597979,2,5,-1,5,1,-1,2,3,-1
MT0003603497,1,0,-1,3,1,-1,4,1,-1
MT0003603772,1,2,-1,3,1,-1,4,1,-1
MT0003612742,1,2,-1,0,2,-1,0,0,-1
MT0003617309,2,1,-1,0,5,-1,0,4,-1
MT0003629164,2,5,-1,5,1,-1,2,3,-1
MT0003630870,1,2,-1,3,1,-1,4,1,-1
MT0003649209,1,1,-1,2,3,-1,3,0,-1
MT0003655884,4,3,-1,4,0,-1,1,2,-1
MT0003659365,2,1,-1,0,5,-1,0,4,-1
MT0003663435,2,1,-1,5,1,-1,2,3,-1
MT0003669917,1,2,-1,2,3,-1,3,0,-1
MT0003728288,3,4,-1,0,5,-1,0,4,-1
MT0003729518,0,1,-1,2,2,-1,3,0,-1
MT0003732702,0,0,-1,3,1,-1,4,1,-1
MT0003740052,2,5,-1,3,1,-1,4,1,-1
MT0003748227,4,2,-1,1,4,-1,5,1,-1
MT0003759483,5,5,-1,5,1,-1,2,3,-1
MT0003762220,4,5,-1,3,4,-1,4,1,-1
MT0003762339,5,1,-1,0,5,-1,0,4,-1
MT0003768949,2,5,-1,5,3,-1,3,3,-1
MT0003770678,1,2,-1,5,1,-1,2,3,-1
MT0003774577,1,2,-1,2,2,-1,3,0,-1
MT0003782002,5,0,-1,2,3,-1,3,0,-1
MT0003788939,2,1,-1,0,2,-1,0,0,-1
MT0003791678,1,2,-1,2,3,-1,3,0,-1
MT0003792475,5,1,-1,2,2,-1,3,0,-1
MT0003795778,2,1,-1,2,2,-1,3,0,-1
MT0003796752,0,0,-1,1,4,-1,5,1,-1
MT0003821577,3,1,-1,0,5,-1,0,4,-1
MT0003837569,5,1,-1,0,5,-1,0,4,-1
MT0003859252,1,2,-1,5,3,-1,2,0,-1
MT0003861331,1,2,-1,5,3,-1,2,0,-1
MT0003863509,2,5,-1,5,1,-1,2,3,-1
MT0003868349,4,3,-1,5,1,-1,2,3,-1
MT0003868390,2,0,-1,2,2,-1,3,0,-1
MT0003869539,5,1,-1,5,3,-1,2,3,-1
MT0003878494,0,0,-1,3,1,-1,4,1,-1
MT0003880691,5,1,-1,2,2,-1,3,0,-1
MT0003881997,1,2,-1,5,3,-1,2,3,-1
MT0003898980,0,0,-1,5,1,-1,2,3,-1
MT0003903675,1,1,-1,2,3,-1,3,0,-1
MT0003906833,1,0,-1,5,3,-1,2,3,-1
MT0003907045,0,3,-1,5,1,-1,2,3,-1
MT0003909053,2,1,-1,3,1,-1,2,1,-1
MT0003909575,1,2,-1,1,4,-1,5,1,-1
MT0003922883,2,5,-1,5,3,-1,2,3,-1
MT0003934644,2,5,-1,2,3,-1,3,0,-1
MT0003935299,4,3,-1,1,0,-1,5,5,-1
MT0003965796,1,2,-1,2,3,-1,3,0,-1
MT0003968586,5,4,-1,2,5,-1,3,0,-1
MT0003970870,4,3,-1,1,0,-1,5,5,-1
MT0003974181,4,3,-1,1,0,-1,5,5,-1
MT0003979876,5,1,-1,0,5,-1,0,4,-1
MT0004001989,2,1,-1,2,2,-1,3,0,-1
MT0004012938,5,1,-1,0,2,-1,0,4,-1
MT0004020993,2,5,-1,0,5,-1,0,4,-1
MT0004025604,5,1,-1,2,2,-1,3,0,-1
MT0004028719,0,0,-1,3,1,-1,4,1,-1
MT0004033010,2,5,-1,2,3,-1,3,0,-1
MT0004068560,5,1,-1,0,5,-1,0,4,-1
MT0004072079,3,1,-1,0,5,-1,0,4,-1
MT0004073991,1,2,-1,5,1,-1,2,1,-1
MT0004085907,5,1,-1,2,2,-1,3,0,-1
MT0004087145,2,1,-1,2,3,-1,3,0,-1
MT0004091857,3,4,-1,5,3,-1,2,3,-1
MT0004098601,5,1,-1,3,1,-1,4,1,-1
MT0004113262,1,1,-1,2,3,-1,3,0,-1
MT0004117319,4,3,-1,1,0,-1,5,2,-1
MT0004131260,5,1,-1,0,5,-1,0,0,-1
MT0004137658,5,1,-1,2,3,-1,3,0,-1
MT0004141823,2,2,-1,3,4,-1,4,1,-1
MT0004156130,4,3,-1,1,4,-1,4,1,-1
MT0004180568,0,0,-1,3,1,-1,4,1,-1
MT0004184616,1,2,-1,5,1,-1,2,3,-1
MT0004194402,2,5,-1,3,1,-1,4,1,-1
MT0004197514,1,1,-1,2,3,-1,3,0,-1
MT0004212108,0,0,-1,1,4,-1,4,1,-1
MT0004219321,0,0,-1,1,4,-1,4,1,-1
MT0004232099,4,0,-1,1,4,-1,5,5,-1
MT0004240748,5,1,-1,2,3,-1,3,0,-1
MT0004254228,5,1,-1,0,5,-1,0,4,-1
MT0004256890,4,5,-1,1,4,-1,5,1,-1
MT0004262978,0,0,-1,3,1,-1,4,1,-1
MT0004263301,2,5,-1,5,3,-1,2,3,-1
MT0004287283,1,3,-1,3,4,-1,4,1,-1
MT0004290389,4,3,-1,3,1,-1,2,3,-1
MT0004293364,1,2,-1,5,3,-1,2,3,-1
MT0004306521,2,5,-1,5,3,-1,2,3,-1
MT0004317784,5,0,-1,3,1,-1,4,1,-1
MT0004337195,2,2,-1,3,4,-1,4,1,-1
MT0004338270,2,5,-1,1,4,-1,4,1,-1
MT0004352104,5,1,-1,5,3,-1,2,0,-1
MT0004352726,4,0,-1,3,4,-1,4,1,-1
MT0004362501,0,0,-1,5,3,-1,2,3,-1
MT0004395306,0,3,-1,3,1,-1,4,1,-1
MT0004397754,1,2,-1,3,1,-1,4,1,-1
MT0004400843,2,5,-1,0,2,-1,0,4,-1
MT0004414074,3,4,-1,0,5,-1,0,0,-1
MT0004422924,2,0,-1,2,2,-1,3,0,-1
MT0004425744,4,5,-1,5,3,-1,2,0,-1
MT0004440606,0,3,-1,5,1,-1,2,3,-1
MT0004444570,2,2,-1,3,1,-1,4,1,-1
MT0004447086,5,1,-1,2,3,-1,3,0,-1
MT0004459450,5,1,-1,0,2,-1,0,0,-1
MT0004469135,2,0,-1,5,3,-1,2,3,-1
MT0004476235,4,3,-1,1,0,-1,5,5,-1
MT0004485367,4,3,-1,4,0,-1,1,2,-1
MT0004489039,4,3,-1,4,0,-1,1,2,-1
MT0004497478,5,1,-1,2,3,-1,3,0,-1
MT0004500770,0,3,-1,1,4,-1,5,5,-1
MT0004506984,1,0,-1,3,1,-1,4,1,-1
MT0004511265,5,1,-1,2,2,-1,3,0,-1
MT0004512063,5,1,-1,0,2,-1,0,4,-1
MT0004514306,5,1,-1,0,5,-1,0,4,-1
MT0004525980,0,0,-1,3,1,-1,4,1,-1
MT0004540242,2,2,-1,2,3,-1,3,0,-1
MT0004542745,1,0,-1,3,4,-1,4,1,-1
MT0004548391,1,2,-1,2,3,-1,3,0,-1
MT0004550434,5,1,-1,0,5,-1,0,4,-1
MT0004550458,4,3,-1,1,4,-1,5,5,-1
MT0004551480,1,1,-1,3,1,-1,4,1,-1
MT0004558203,5,1,-1,0,5,-1,0,4,-1
MT0004558461,5,1,-1,0,2,-1,0,0,-1
MT0004588191,2,5,-1,5,3,-1,2,3,-1
MT0004609722,2,5,-1,3,1,-1,4,1,-1
MT0004625127,5,1,-1,0,5,-1,0,4,-1
MT0004645468,5,1,-1,0,5,-1,0,4,-1
MT0004674397,5,0,-1,5,1,-1,2,3,-1
MT0004683099,2,2,-1,0,5,-1,0,4,-1
MT0004692317,2,5,-1,2,3,-1,3,0,-1
MT0004692456,2,0,-1,0,2,-1,0,0,-1
MT0004711079,1,2,-1,3,4,-1,4,1,-1
MT0004725201,0,3,-1,3,4,-1,4,1,-1
MT0004725405,2,2,-1,2,2,-1,3,0,-1
MT0004739956,5,1,-1,0,5,-1,0,4,-1
MT0004754115,2,1,-1,5,1,-1,2,3,-1
MT0004758223,0,0,-1,1,0,-1,5,5,-1
MT0004759588,5,1,-1,0,5,-1,0,4,-1
MT0004772896,4,5,-1,1,4,-1,5,1,-1
MT0004776609,0,0,-1,3,4,-1,4,1,-1
MT0004781165,4,3,-1,4,0,-1,1,2,-1
MT0004798504,5,5,-1,2,2,-1,3,0,-1
MT0004798790,0,0,-1,3,1,-1,4,1,-1
MT0004811602,3,4,-1,0,5,-1,0,4,-1
MT0004816612,0,0,-1,3,1,-1,4,1,-1
MT0004829377,2,5,-1,2,3,-1,3,0,-1
MT0004836526,5,1,-1,2,2,-1,3,0,-1
MT0004840819,4,5,-1,3,1,-1,4,1,-1
MT0004842694,4,3,-1,1,0,-1,5,5,-1
MT0004844832,5,5,-1,0,2,-1,0,0,-1
MT0004850406,1,2,-1,2,3,-1,3,0,-1
MT0004861138,1,2,-1,1,4,-1,4,1,-1
MT0004864453,5,1,-1,2,2,-1,3,0,-1
MT0004866559,4,3,-1,1,1,-1,5,5,-1
MT0004867185,1,2,-1,3,1,-1,4,3,-1
MT0004869271,0,0,-1,1,4,-1,5,5,-1
MT0004872217,1,2,-1,0,2,-1,0,0,-1
MT0004882280,1,5,-1,5,3,-1,3,0,-1
MT0004883551,1,2,-1,5,3,-1,2,3,-1
MT0004890000,2,5,-1,2,3,-1,3,0,-1
MT0004896738,2,5,-1,2,3,-1,3,0,-1
MT0004910983,0,0,-1,3,1,-1,4,1,-1
MT0004925844,0,0,-1,5,1,-1,2,3,-1
MT0004936799,2,5,-1,3,1,-1,4,1,-1
MT0004943985,1,2,-1,3,1,-1,4,1,-1
MT0004948855,5,1,-1,0,5,-1,0,4,-1
MT0004961409,5,1,-1,2,2,-1,3,0,-1
MT0004962647,0,0,-1,3,1,-1,4,1,-1
MT0004963809,4,0,-1,4,0,-1,1,2,-1
MT0004970058,1,2,-1,2,3,-1,3,3,-1
MT0005001966,5,0,-1,3,1,-1,4,1,-1
MT0005023904,4,3,-1,3,1,-1,4,1,-1
MT0005026798,5,1,-1,0,5,-1,0,4,-1
MT0005029328,5,1,-1,2,2,-1,3,0,-1
MT0005030845,2,5,-1,2,3,-1,3,0,-1
MT0005033429,5,1,-1,5,3,-1,2,3,-1
MT0005039941,5,1,-1,2,2,-1,3,0,-1
MT0005072543,4,0,-1,4,0,-1,1,5,-1
MT0005083885,0,3,-1,1,4,-1,5,1,-1
MT0005094727,2,5,-1,5,1,-1,2,3,-1
MT0005111463,2,5,-1,5,1,-1,2,3,-1
MT0005113916,0,5,-1,3,1,-1,4,1,-1
MT0005115042,4,5,-1,3,4,-1,4,1,-1
MT0005118426,4,0,-1,1,4,-1,5,5,-1
MT0005134466,5,0,-1,0,2,-1,0,0,-1
MT0005155949,4,0,-1,3,1,-1,4,1,-1
MT0005157804,0,0,-1,3,1,-1,4,1,-1
MT0005158273,4,0,-1,1,4,-1,5,1,-1
MT0005171537,5,1,-1,2,3,-1,3,0,-1
MT0005189351,2,5,-1,3,4,-1,4,1,-1
MT0005189820,4,3,-1,3,1,-1,4,1,-1
MT0005198745,0,3,-1,1,4,-1,5,5,-1
MT0005202791,5,1,-1,0,5,-1,0,4,-1
MT0005223794,5,1,-1,0,5,-1,0,4,-1
MT0005241287,0,5,-1,3,4,-1,4,5,-1
MT0005241699,2,2,-1,0,5,-1,0,4,-1
MT0005243931,5,1,-1,0,5,-1,0,0,-1
MT0005253065,2,0,-1,3,1,-1,4,1,-1
MT0005262725,4,3,-1,4,0,-1,1,2,-1
MT0005265641,1,2,-1,3,4,-1,4,1,-1
MT0005272837,1,3,-1,1,4,-1,5,5,-1
MT0005285696,4,0,-1,3,1,-1,4,1,-1
MT0005286165,5,1,-1,0,5,-1,0,0,-1
MT0005287506,5,1,-1,2,2,-1,3,0,-1
MT0005294278,4,3,-1,1,4,-1,4,1,-1
MT0005304966,1,1,-1,0,2,-1,0,0,-1
MT0005319891,3,4,-1,0,5,-1,0,4,-1
MT0005330350,0,2,-1,3,1,-1,4,3,-1
MT0005331755,2,5,-1,2,2,-1,3,0,-1
MT0005344437,2,0,-1,3,1,-1,4,1,-1
MT0005379911,5,0,-1,5,1,-1,2,3,-1
MT0005387539,5,1,-1,0,5,-1,0,4,-1
MT0005404111,1,2,-1,5,3,-1,2,0,-1
MT0005404247,0,3,-1,5,3,-1,2,0,-1
MT0005409948,1,1,-1,2,2,-1,3,0,-1
MT0005411969,3,1,-1,2,2,-1,3,0,-1
MT0005417719,1,2,-1,5,3,-1,2,3,-1
MT0005422349,0,2,-1,1,4,-1,5,1,-1
MT0005425879,4,3,-1,4,0,-1,1,2,-1
MT0005426130,1,2,-1,5,3,-1,2,3,-1
MT0005431678,1,2,-1,0,2,-1,0,4,-1
MT0005443513,4,0,-1,1,4,-1,4,1,-1
MT0005451862,5,1,-1,2,3,-1,3,3,-1
MT0005469880,1,5,-1,5,1,-1,2,3,-1
MT0005478759,2,2,-1,0,2,-1,0,0,-1
MT0005486154,4,0,-1,4,0,-1,1,2,-1
MT0005497233,1,2,-1,3,4,-1,4,1,-1
MT0005515169,5,1,-1,0,5,-1,0,4,-1
MT0005519111,0,0,-1,5,1,-1,2,3,-1
MT0005523766,1,2,-1,2,3,-1,3,0,-1
MT0005540023,0,2,-1,3,1,-1,4,1,-1
MT0005540907,1,2,-1,5,3,-1,2,0,-1
MT0005550288,5,1,-1,2,2,-1,3,0,-1
MT0005556630,0,0,-1,3,1,-1,4,1,-1
MT0005567133,5,1,-1,0,2,-1,0,0,-1
MT0005568749,0,0,-1,4,0,-1,1,2,-1
MT0005575348,0,0,-1,3,4,-1,4,1,-1
MT0005592810,2,5,-1,2,2,-1,3,0,-1
MT0005593407,2,5,-1,3,1,-1,4,1,-1
MT0005621435,4,3,-1,1,4,-1,5,1,-1
MT0005625323,1,2,-1,2,3,-1,3,0,-1
MT0005625762,1,2,-1,2,3,-1,3,0,-1
MT0005630273,0,3,-1,3,1,-1,4,1,-1
MT0005638160,5,1,-1,0,5,-1,0,0,-1
MT0005642770,5,1,-1,0,5,-1,0,4,-1
MT0005652563,5,2,-1,0,5,-1,0,4,-1
MT0005655655,2,5,-1,1,4,-1,5,5,-1
MT0005656534,0,0,-1,1,4,-1,5,5,-1
MT0005660001,4,3,-1,4,0,-1,1,5,-1
MT0005666606,2,2,-1,5,3,-1,2,3,-1
MT0005673020,1,1,-1,0,2,-1,0,0,-1
MT0005675358,2,5,-1,2,3,-1,3,0,-1
MT0005695311,4,3,-1,4,0,-1,1,2,-1
MT0005707044,2,1,-1,2,2,-1,3,0,-1
MT0005713768,2,2,-1,2,3,-1,3,0,-1
MT0005715379,2,5,-1,5,3,-1,2,3,-1
MT0005715715,2,5,-1,2,2,-1,3,0,-1
MT0005723257,4,3,-1,4,0,-1,1,5,-1
MT0005725657,2,1,-1,2,3,-1,3,0,-1
MT0005727783,2,2,-1,3,1,-1,4,1,-1
MT0005740567,2,5,-1,1,0,-1,5,5,-1
MT0005751512,5,1,-1,0,2,-1,0,4,-1
MT0005752234,1,2,-1,5,1,-1,2,3,-1
MT0005756784,1,2,-1,5,1,-1,2,1,-1
MT0005760259,5,1,-1,2,3,-1,3,0,-1
MT0005761702,2,5,-1,5,3,-1,2,3,-1
MT0005763004,1,2,-1,5,1,-1,2,3,-1
MT0005774267,5,5,-1,2,3,-1,3,3,-1
MT0005775235,1,0,-1,5,1,-1,2,3,-1
MT0005802574,1,5,-1,3,4,-1,4,1,-1
MT0005804191,4,3,-1,1,1,-1,5,1,-1
MT0005822463,4,3,-1,4,0,-1,1,2,-1
MT0005822671,5,1,-1,2,2,-1,3,0,-1
MT0005826176,5,2,-1,2,3,-1,3,0,-1
MT0005827376,2,5,-1,5,1,-1,2,3,-1
MT0005830128,4,3,-1,3,1,-1,4,1,-1
MT0005850999,4,0,-1,1,4,-1,5,1,-1
MT0005863380,0,5,-1,3,1,-1,2,3,-1
MT0005884980,0,0,-1,3,4,-1,4,1,-1
MT0005912220,0,0,-1,5,1,-1,2,3,-1
MT0005916227,2,5,-1,1,4,-1,5,5,-1
MT0005944471,2,1,-1,2,3,-1,3,0,-1
MT0005951020,1,0,-1,0,5,-1,0,4,-1
MT0005959692,4,0,-1,4,0,-1,1,2,-1
MT0005963165,0,0,-1,5,1,-1,2,3,-1
MT0005974256,1,1,-1,2,3,-1,3,0,-1
MT0006001707,5,0,-1,2,3,-1,3,0,-1
MT0006007936,1,2,-1,0,5,-1,0,4,-1
MT0006022752,2,5,-1,3,1,-1,4,1,-1
MT0006036535,4,3,-1,3,4,-1,4,1,-1
MT0006037085,4,0,-1,3,4,-1,4,1,-1
MT0006039798,2,5,-1,2,3,-1,3,3,-1
MT0006044445,0,0,-1,3,1,-1,4,5,-1
MT0006067841,2,1,-1,2,2,-1,3,0,-1
MT0006078896,5,1,-1,2,2,-1,3,0,-1
MT0006114773,5,1,-1,0,2,-1,0,0,-1
MT0006115121,0,5,-1,2,2,-1,3,0,-1
MT0006129774,4,3,-1,1,4,-1,5,5,-1
MT0006137300,4,0,-1,1,4,-1,5,5,-1
MT0006137372,0,3,-1,1,4,-1,4,1,-1
MT0006157839,2,5,-1,3,1,-1,4,1,-1
MT0006159067,4,5,-1,1,4,-1,5,1,-1
MT0006164654,5,2,-1,5,3,-1,2,3,-1
MT0006169551,0,0,-1,3,4,-1,4,1,-1
MT0006171393,4,3,-1,4,0,-1,1,2,-1
MT0006181559,4,2,-1,1,4,-1,5,1,-1
MT0006188933,1,2,-1,1,0,-1,5,5,-1
MT0006196650,1,2,-1,5,3,-1,2,3,-1
MT0006232679,2,2,-1,2,2,-1,3,0,-1
MT0006256204,5,1,-1,0,5,-1,0,4,-1
MT0006324704,0,0,-1,5,1,-1,2,0,-1
MT0006348382,0,0,-1,5,1,-1,2,3,-1
MT0006356406,5,1,-1,0,5,-1,0,4,-1
MT0006357085,3,4,-1,2,2,-1,3,0,-1
MT0006357849,5,1,-1,2,3,-1,3,0,-1
MT0006365604,5,1,-1,2,2,-1,3,0,-1
MT0006367176,2,1,-1,2,2,-1,3,0,-1
MT0006391732,5,1,-1,0,5,-1,0,4,-1
MT0006397809,2,2,-1,2,2,-1,3,0,-1
MT0006400514,4,3,-1,3,4,-1,4,1,-1
MT0006406298,2,5,-1,5,3,-1,3,3,-1
MT0006409530,5,0,-1,5,3,-1,2,3,-1
MT0006410285,2,5,-1,3,1,-1,4,3,-1
MT0006417602,4,3,-1,3,1,-1,4,1,-1
MT0006421356,0,0,-1,1,4,-1,5,1,-1
MT0006431184,1,0,-1,1,0,-1,5,5,-1
MT0006431807,1,1,-1,2,3,-1,3,0,-1
MT0006434833,1,1,-1,5,3,-1,2,3,-1
MT0006475078,4,0,-1,4,0,-1,1,5,-1
MT0006475970,1,2,-1,3,1,-1,4,1,-1
MT0006484633,5,1,-1,0,5,-1,0,4,-1
MT0006487635,5,1,-1,0,5,-1,0,4,-1
MT0006492385,4,3,-1,4,0,-1,1,2,-1
MT0006497092,0,0,-1,5,1,-1,2,3,-1
MT0006510599,5,1,-1,2,3,-1,3,0,-1
MT0006514225,0,0,-1,2,2,-1,3,0,-1
MT0006522591,0,0,-1,3,4,-1,4,1,-1
MT0006528309,0,0,-1,3,1,-1,2,1,-1
MT0006531857,5,1,-1,0,5,-1,0,4,-1
MT0006536592,2,5,-1,5,3,-1,2,3,-1
MT0006540794,1,2,-1,2,2,-1,3,0,-1
MT0006545202,5,1,-1,0,5,-1,0,0,-1
MT0006552038,5,0,-1,0,2,-1,0,0,-1
MT0006553309,5,0,-1,2,3,-1,3,3,-1
MT0006553914,1,2,-1,0,5,-1,0,0,-1
MT0006559667,5,1,-1,0,5,-1,0,4,-1
MT0006573563,5,1,-1,0,5,-1,0,4,-1
MT0006587635,5,1,-1,0,5,-1,0,4,-1
MT0006587819,4,3,-1,1,4,-1,5,1,-1
MT0006612877,5,1,-1,0,5,-1,0,4,-1
MT0006633147,0,0,-1,3,1,-1,4,1,-1
MT0006635536,0,0,-1,3,1,-1,4,3,-1
MT0006640142,1,2,-1,5,1,-1,2,3,-1
MT0006641042,5,1,-1,0,5,-1,0,0,-1
MT0006654122,5,0,-1,0,2,-1,0,0,-1
MT0006683265,5,1,-1,0,5,-1,0,0,-1
MT0006683875,2,0,-1,5,3,-1,2,0,-1
MT0006695707,5,1,-1,0,5,-1,0,4,-1
MT0006708402,1,1,-1,5,3,-1,2,3,-1
MT0006713730,0,3,-1,1,4,-1,5,1,-1
MT0006723128,5,1,-1,2,2,-1,3,0,-1
MT0006737689,3,4,-1,0,2,-1,0,0,-1
MT0006742179,5,1,-1,2,2,-1,3,0,-1
MT0006746691,3,4,-1,0,5,-1,0,4,-1
MT0006747288,2,5,-1,2,3,-1,3,0,-1
MT0006751087,5,1,-1,0,5,-1,0,4,-1
MT0006761058,0,1,-1,5,1,-1,2,0,-1
MT0006761971,1,2,-1,5,3,-1,3,0,-1
MT0006770955,2,2,-1,2,2,-1,3,0,-1
MT0006771406,1,2,-1,2,3,-1,3,0,-1
MT0006773580,5,1,-1,2,2,-1,3,0,-1
MT0006778622,1,2,-1,2,1,-1,3,0,-1
MT0006784451,5,1,-1,0,5,-1,0,4,-1
MT0006788512,5,1,-1,2,2,-1,3,0,-1
MT0006790347,5,1,-1,2,3,-1,3,0,-1
MT0006795758,1,1,-1,3,1,-1,2,1,-1
MT0006798861,5,1,-1,0,5,-1,0,4,-1
MT0006800841,1,0,-1,5,1,-1,2,1,-1
MT0006806145,5,1,-1,0,2,-1,0,0,-1
MT0006810990,5,1,-1,0,5,-1,0,4,-1
MT0006813360,4,3,-1,1,4,-1,5,5,-1
MT0006832360,5,1,-1,0,5,-1,0,4,-1
MT0006833696,2,5,-1,2,2,-1,3,0,-1
MT0006839715,0,0,-1,2,3,-1,3,0,-1
MT0006843007,2,1,-1,2,2,-1,3,0,-1
MT0006846075,0,0,-1,3,1,-1,4,1,-1
MT0006876450,4,3,-1,4,0,-1,1,5,-1
MT0006877397,2,3,-1,5,1,-1,2,3,-1
MT0006879985,1,2,-1,5,1,-1,2,0,-1
MT0006880936,1,0,-1,5,1,-1,2,3,-1
MT0006919273,4,5,-1,3,4,-1,4,1,-1
MT0006929157,1,1,-1,5,3,-1,2,3,-1
MT0006933170,2,1,-1,2,2,-1,3,0,-1
MT0006937715,2,5,-1,2,3,-1,3,0,-1
MT0006939177,1,2,-1,5,1,-1,2,1,-1
MT0006955716,1,2,-1,2,3,-1,3,0,-1
MT0006983241,1,0,-1,5,1,-1,2,3,-1
MT0006991912,4,3,-1,1,4,-1,5,1,-1
MT0007013069,0,0,-1,3,1,-1,4,1,-1
MT0007037296,5,0,-1,0,5,-1,0,0,-1
MT0007039082,2,5,-1,2,2,-1,3,0,-1
MT0007043504,1,2,-1,3,1,-1,4,1,-1
MT0007051057,4,3,-1,1,0,-1,5,5,-1
MT0007051188,0,0,-1,3,1,-1,4,1,-1
MT0007053424,2,0,-1,2,3,-1,3,3,-1
MT0007057303,1,2,-1,3,1,-1,4,1,-1
MT0007058512,5,1,-1,0,5,-1,0,4,-1
MT0007064420,4,0,-1,1,4,-1,5,1,-1
MT0007067293,2,2,-1,2,3,-1,3,0,-1
MT0007071481,1,2,-1,3,1,-1,4,3,-1
MT0007072992,2,0,-1,3,1,-1,4,1,-1
MT0007074655,5,1,-1,0,5,-1,0,4,-1
MT0007075838,5,1,-1,2,2,-1,3,0,-1
MT0007081433,2,2,-1,3,1,-1,4,1,-1
MT0007087238,0,0,-1,3,1,-1,4,1,-1
MT0007102148,4,3,-1,4,0,-1,1,2,-1
MT0007102997,0,3,-1,3,1,-1,4,3,-1
MT0007106784,2,5,-1,3,1,-1,4,1,-1
MT0007107079,4,0,-1,1,4,-1,5,5,-1
MT0007109938,5,1,-1,0,2,-1,0,0,-1
MT0007113915,4,3,-1,1,1,-1,4,1,-1
MT0007117290,1,0,-1,5,1,-1,2,3,-1
MT0007127869,5,1,-1,2,2,-1,3,0,-1
MT0007132421,1,2,-1,5,3,-1,2,0,-1
MT0007136180,5,1,-1,2,2,-1,3,0,-1
MT0007142175,1,0,-1,2,3,-1,3,0,-1
MT0007147603,1,2,-1,3,1,-1,4,1,-1
MT0007164275,1,1,-1,0,5,-1,0,0,-1
MT0007186714,0,0,-1,1,4,-1,5,5,-1
MT0007190016,5,1,-1,3,1,-1,4,1,-1
MT0007199330,2,0,-1,2,3,-1,3,0,-1
MT0007210245,1,1,-1,2,2,-1,3,0,-1
MT0007267489,2,0,-1,3,1,-1,4,1,-1
MT0007269020,3,4,-1,2,3,-1,3,0,-1
MT0007276457,2,1,-1,0,5,-1,0,4,-1
MT0007280044,2,5,-1,3,1,-1,4,1,-1
MT0007282148,4,3,-1,1,4,-1,5,1,-1
MT0007329488,1,2,-1,2,3,-1,3,0,-1
MT0007337206,2,2,-1,0,5,-1,0,4,-1
MT0007340697,1,2,-1,5,3,-1,2,0,-1
MT0007349422,1,2,-1,5,1,-1,2,0,-1
MT0007350911,2,5,-1,5,1,-1,2,3,-1
MT0007353661,0,5,-1,3,1,-1,4,3,-1
MT0007356476,4,0,-1,1,4,-1,5,5,-1
MT0007379700,1,2,-1,5,3,-1,2,3,-1
MT0007384768,2,0,-1,1,4,-1,5,1,-1
MT0007390015,0,5,-1,3,1,-1,4,1,-1
MT0007393408,0,5,-1,3,1,-1,4,1,-1
MT0007401605,5,1,-1,0,2,-1,0,0,-1
MT0007410187,4,3,-1,1,4,-1,5,5,-1
MT0007412399,1,2,-1,3,1,-1,4,1,-1
MT0007412921,0,0,-1,3,1,-1,4,1,-1
MT0007413949,5,1,-1,0,5,-1,0,4,-1
MT0007419064,1,2,-1,0,2,-1,0,0,-1
MT0007423667,5,1,-1,0,5,-1,0,4,-1
MT0007433643,0,0,-1,3,1,-1,4,1,-1
MT0007438571,2,1,-1,0,2,-1,0,0,-1
MT0007442223,5,1,-1,0,5,-1,0,4,-1
MT0007453719,4,3,-1,3,4,-1,4,1,-1
MT0007477802,5,1,-1,2,3,-1,3,0,-1
MT0007493575,4,3,-1,3,4,-1,4,1,-1
MT0007508173,0,0,-1,3,4,-1,4,1,-1
MT0007522436,1,2,-1,2,3,-1,3,0,-1
MT0007525777,4,3,-1,1,4,-1,5,5,-1
MT0007556029,4,3,-1,1,0,-1,5,5,-1
MT0007602902,5,0,-1,0,5,-1,0,4,-1
MT0007607008,1,2,-1,2,3,-1,3,0,-1
MT0007627521,5,1,-1,0,5,-1,0,4,-1
MT0007644103,2,5,-1,3,1,-1,4,1,-1
MT0007645808,1,2,-1,0,5,-1,0,0,-1
MT0007659703,5,1,-1,0,5,-1,0,4,-1
MT0007663424,5,1,-1,0,5,-1,0,4,-1
MT0007696006,3,4,-1,0,5,-1,0,4,-1
MT0007728545,4,5,-1,5,3,-1,2,3,-1
MT0007730975,0,0,-1,3,1,-1,2,3,-1
MT0007757097,1,1,-1,2,2,-1,3,0,-1
MT0007766156,0,3,-1,5,1,-1,2,3,-1
MT0007780282,5,1,-1,2,2,-1,3,0,-1
MT0007780572,5,1,-1,0,2,-1,0,0,-1
MT0007795217,5,1,-1,2,2,-1,3,0,-1
MT0007797719,4,3,-1,4,0,-1,1,2,-1
MT0007805279,1,2,-1,5,1,-1,2,3,-1
MT0007806202,5,1,-1,0,5,-1,0,4,-1
MT0007818252,5,1,-1,0,2,-1,0,0,-1
MT0007825188,2,1,-1,0,5,-1,0,4,-1
MT0007828167,0,0,-1,5,1,-1,2,3,-1
MT0007832902,2,1,-1,0,2,-1,0,4,-1
MT0007859380,2,2,-1,5,1,-1,2,3,-1
MT0007860263,4,3,-1,1,4,-1,5,1,-1
MT0007866540,1,2,-1,2,2,-1,3,0,-1
MT0007868583,1,1,-1,5,1,-1,2,3,-1
MT0007886392,1,2,-1,3,4,-1,4,1,-1
MT0007906518,5,1,-1,2,3,-1,3,0,-1
MT0007912800,2,0,-1,5,3,-1,2,3,-1
MT0007924549,5,1,-1,2,3,-1,3,0,-1
MT0007926918,5,1,-1,0,2,-1,0,0,-1
MT0007934529,5,1,-1,0,5,-1,0,4,-1
MT0007939281,5,1,-1,2,3,-1,3,0,-1
MT0007959122,5,1,-1,0,2,-1,0,0,-1
MT0007961100,5,1,-1,0,5,-1,0,4,-1
MT0007983016,2,5,-1,5,3,-1,2,3,-1
MT0007991638,5,1,-1,2,2,-1,3,0,-1
MT0007999856,3,4,-1,0,5,-1,0,4,-1
MT0008022729,5,1,-1,5,3,-1,2,3,-1
MT0008029439,1,2,-1,1,0,-1,5,5,-1
MT0008045785,5,1,-1,0,2,-1,0,4,-1
MT0008046899,1,2,-1,5,1,-1,2,1,-1
MT0008077878,1,1,-1,2,2,-1,3,0,-1
MT0008084656,3,4,-1,2,2,-1,3,0,-1
MT0008105399,0,0,-1,5,1,-1,2,3,-1
MT0008113039,2,5,-1,2,3,-1,3,0,-1
MT0008120072,1,3,-1,1,0,-1,5,5,-1
MT0008130158,5,5,-1,0,5,-1,0,0,-1
MT0008131425,0,0,-1,3,1,-1,4,1,-1
MT0008138963,4,5,-1,3,4,-1,4,1,-1
MT0008147388,3,1,-1,0,5,-1,0,4,-1
MT0008149831,5,1,-1,2,3,-1,3,0,-1
MT0008154135,0,0,-1,3,1,-1,4,1,-1
MT0008166431,1,2,-1,2,2,-1,3,0,-1
MT0008184180,5,1,-1,5,3,-1,2,3,-1
MT0008211502,3,4,-1,0,5,-1,0,4,-1
MT0008236217,2,5,-1,5,1,-1,2,3,-1
MT0008236389,2,5,-1,5,1,-1,2,3,-1
MT0008237717,2,5,-1,2,2,-1,3,0,-1
MT0008241153,4,3,-1,1,0,-1,5,5,-1
MT0008276763,2,5,-1,2,2,-1,3,0,-1
MT0008279825,2,5,-1,2,3,-1,3,0,-1
MT0008296972,0,0,-1,1,0,-1,5,5,-1
MT0008307409,0,0,-1,5,1,-1,2,1,-1
MT0008307905,5,1,-1,2,3,-1,3,0,-1
MT0008308461,2,2,-1,3,1,-1,4,1,-1
MT0008313843,2,5,-1,2,3,-1,3,0,-1
MT0008327012,2,2,-1,3,1,-1,4,1,-1
MT0008345160,1,2,-1,0,2,-1,0,0,-1
MT0008347586,1,1,-1,2,2,-1,3,0,-1
MT0008350331,1,5,-1,2,3,-1,3,0,-1
MT0008352590,4,3,-1,3,4,-1,4,1,-1
MT0008361425,1,1,-1,5,3,-1,3,0,-1
MT0008363189,2,0,-1,5,1,-1,2,3,-1
MT0008363839,2,0,-1,3,1,-1,4,1,-1
MT0008368311,4,3,-1,1,4,-1,5,5,-1
MT0008371251,0,0,-1,3,4,-1,4,1,-1
MT0008385501,5,1,-1,2,2,-1,3,0,-1
MT0008386252,5,1,-1,0,5,-1,0,4,-1
MT0008394478,2,4,-1,2,3,-1,3,0,-1
MT0008401073,1,2,-1,2,2,-1,3,0,-1
MT0008408635,0,0,-1,1,4,-1,5,1,-1
MT0008421113,5,1,-1,0,5,-1,0,4,-1
MT0008421900,4,0,-1,1,0,-1,5,5,-1
MT0008425062,1,1,-1,5,1,-1,2,3,-1
MT0008425616,5,1,-1,0,5,-1,0,4,-1
MT0008428932,0,0,-1,1,4,-1,5,1,-1
MT0008431795,2,5,-1,5,3,-1,2,3,-1
MT0008493270,4,3,-1,4,0,-1,1,2,-1
MT0008497871,5,1,-1,2,3,-1,3,0,-1
MT0008499614,5,1,-1,2,3,-1,3,0,-1
MT0008511909,1,1,-1,5,3,-1,2,3,-1
MT0008515901,4,3,-1,1,4,-1,5,5,-1
MT0008530072,3,1,-1,0,2,-1,0,0,-1
MT0008530652,4,3,-1,4,0,-1,1,5,-1
MT0008537015,0,0,-1,1,0,-1,5,5,-1
MT0008548050,2,0,-1,3,1,-1,4,1,-1
MT0008554680,5,1,-1,5,1,-1,2,1,-1
MT0008565530,5,1,-1,0,5,-1,0,4,-1
MT0008570712,1,2,-1,2,2,-1,3,0,-1
MT0008573252,5,1,-1,0,2,-1,0,4,-1
MT0008578405,5,1,-1,2,3,-1,3,0,-1
MT0008596505,1,0,-1,5,1,-1,2,3,-1
MT0008596537,3,4,-1,2,2,-1,3,0,-1
MT0008602863,1,2,-1,0,5,-1,0,4,-1
MT0008604277,4,3,-1,1,0,-1,5,5,-1
MT0008632122,0,0,-1,5,1,-1,2,1,-1
MT0008635124,5,1,-1,0,5,-1,0,4,-1
MT0008636271,0,0,-1,2,3,-1,3,0,-1
MT0008641724,1,2,-1,2,3,-1,3,0,-1
MT0008649724,5,0,-1,2,2,-1,3,0,-1
MT0008652185,5,1,-1,0,5,-1,0,4,-1
MT0008672387,5,1,-1,0,5,-1,0,4,-1
MT0008673460,0,5,-1,5,1,-1,2,3,-1
MT0008684978,2,5,-1,5,1,-1,2,3,-1
MT0008690776,0,5,-1,2,2,-1,3,0,-1
MT0008709705,4,5,-1,3,4,-1,4,1,-1
MT0008734186,5,1,-1,2,2,-1,3,0,-1
MT0008734289,5,1,-1,0,2,-1,0,4,-1
MT0008740787,0,0,-1,3,1,-1,4,1,-1
MT0008750426,1,0,-1,3,1,-1,4,1,-1
MT0008776764,5,1,-1,2,2,-1,3,0,-1
MT0008790106,5,5,-1,5,1,-1,2,3,-1
MT0008790360,5,1,-1,0,5,-1,0,4,-1
MT0008791082,5,1,-1,0,5,-1,0,4,-1
MT0008794071,0,0,-1,3,1,-1,4,1,-1
MT0008800327,5,1,-1,2,2,-1,3,0,-1
MT0008806305,5,1,-1,0,5,-1,0,4,-1
MT0008813307,5,1,-1,5,1,-1,2,3,-1
MT0008813309,2,2,-1,0,5,-1,0,4,-1
MT0008819987,4,3,-1,1,4,-1,5,5,-1
MT0008863436,5,1,-1,2,3,-1,3,0,-1
MT0008869963,0,0,-1,3,4,-1,4,1,-1
MT0008882630,5,5,-1,2,2,-1,3,0,-1
MT0008883788,4,3,-1,3,1,-1,4,1,-1
MT0008891523,2,0,-1,2,3,-1,3,3,-1
MT0008899266,4,3,-1,4,0,-1,1,2,-1
MT0008905908,2,5,-1,5,1,-1,2,1,-1
MT0008953247,4,3,-1,1,0,-1,5,5,-1
MT0008960612,4,3,-1,3,4,-1,4,1,-1
MT0008963540,0,5,-1,5,1,-1,2,3,-1
MT0008966305,1,2,-1,5,3,-1,2,0,-1
MT0008969183,2,5,-1,2,2,-1,3,0,-1
MT0008972801,1,2,-1,5,3,-1,2,0,-1
MT0008999728,5,1,-1,0,5,-1,0,4,-1
MT0008999898,4,3,-1,4,0,-1,1,2,-1
MT0009005900,1,2,-1,3,4,-1,4,1,-1
MT0009008051,0,1,-1,5,1,-1,2,3,-1
MT0009010830,2,1,-1,5,1,-1,2,3,-1
MT0009025287,5,0,-1,3,1,-1,4,1,-1
MT0009025845,5,0,-1,0,2,-1,0,0,-1
MT0009041370,5,1,-1,2,2,-1,3,0,-1
MT0009041848,1,2,-1,0,5,-1,0,4,-1
MT0009054976,0,0,-1,5,1,-1,2,3,-1
MT0009075362,4,0,-1,3,1,-1,4,3,-1
MT0009112823,1,3,-1,3,4,-1,4,1,-1
MT0009117202,1,2,-1,2,3,-1,3,0,-1
MT0009123251,3,4,-1,0,5,-1,0,0,-1
MT0009153900,2,5,-1,5,3,-1,2,3,-1
MT0009164591,0,3,-1,3,1,-1,4,1,-1
MT0009164605,1,2,-1,5,1,-1,2,3,-1
MT0009165729,5,1,-1,0,5,-1,0,0,-1
MT0009169626,2,0,-1,5,3,-1,2,0,-1
MT0009172291,3,4,-1,0,5,-1,0,4,-1
MT0009174874,5,1,-1,2,2,-1,3,3,-1
MT0009188643,2,0,-1,0,5,-1,0,4,-1
MT0009206381,2,5,-1,5,1,-1,2,1,-1
MT0009208842,1,2,-1,2,3,-1,3,0,-1
MT0009213083,2,2,-1,3,1,-1,4,1,-1
MT0009217411,1,2,-1,5,3,-1,2,3,-1
MT0009220462,2,5,-1,3,4,-1,4,1,-1
MT0009233872,2,1,-1,5,3,-1,2,3,-1
MT0009239443,5,1,-1,0,2,-1,0,4,-1
MT0009246394,4,3,-1,3,4,-1,4,1,-1
MT0009253379,1,2,-1,0,2,-1,0,0,-1
MT0009263768,2,5,-1,5,1,-1,2,3,-1
MT0009278329,1,2,-1,5,1,-1,2,1,-1
MT0009300582,0,3,-1,2,3,-1,3,0,-1
MT0009311775,5,0,-1,0,5,-1,0,4,-1
MT0009312856,1,5,-1,3,1,-1,4,1,-1
MT0009319587,5,1,-1,0,5,-1,0,4,-1
MT0009320357,5,1,-1,2,2,-1,3,0,-1
MT0009321428,2,1,-1,2,3,-1,3,3,-1
MT0009346128,1,2,-1,1,4,-1,5,5,-1
MT0009348908,5,1,-1,5,1,-1,2,3,-1
MT0009360971,5,1,-1,0,5,-1,0,4,-1
MT0009368615,2,5,-1,3,1,-1,4,1,-1
MT0009375581,0,3,-1,1,4,-1,5,5,-1
MT0009378909,1,2,-1,2,3,-1,3,0,-1
MT0009385684,0,5,-1,5,1,-1,2,1,-1
MT0009390091,1,2,-1,2,2,-1,3,0,-1
MT0009400121,1,2,-1,5,3,-1,2,3,-1
MT0009418269,5,1,-1,0,5,-1,0,4,-1
MT0009425259,5,1,-1,0,5,-1,0,4,-1
MT0009430339,5,1,-1,0,2,-1,0,4,-1
MT0009464817,4,3,-1,1,4,-1,5,5,-1
MT0009469599,0,0,-1,3,1,-1,2,1,-1
MT0009495280,4,3,-1,4,0,-1,1,2,-1
MT0009495283,0,3,-1,3,4,-1,4,1,-1
MT0009495284,4,3,-1,4,0,-1,1,2,-1
MT0009495285,4,3,-1,3,4,-1,4,1,-1
MT0009521580,2,5,-1,5,3,-1,2,3,-1
MT0009577134,5,4,-1,2,3,-1,3,0,-1
MT0009619048,2,0,-1,2,2,-1,3,0,-1
MT0009631750,5,1,-1,2,2,-1,3,0,-1
MT0009635389,5,1,-1,0,5,-1,0,4,-1
MT0009635394,5,1,-1,2,3,-1,3,0,-1
MT0009635397,5,1,-1,0,2,-1,0,4,-1
MT0009693151,0,0,-1,3,1,-1,4,1,-1
MT0009740290,2,5,-1,5,3,-1,2,3,-1
MT0009741521,0,0,-1,3,4,-1,4,1,-1
MT0009741760,4,0,-1,4,0,-1,1,2,-1
MT0009741774,1,0,-1,5,1,-1,2,3,-1
MT0009781899,4,5,-1,1,4,-1,5,5,-1
MT0009795009,0,0,-1,1,4,-1,5,5,-1
MT0009868354,0,0,-1,1,4,-1,5,1,-1
MT0009872131,1,2,-1,2,3,-1,3,0,-1
MT0009904717,2,5,-1,0,5,-1,0,4,-1
MT0009908994,5,0,-1,2,3,-1,3,0,-1
MT0009968194,1,2,-1,3,1,-1,4,1,-1
MT0009996318,2,5,-1,3,4,-1,4,1,-1
MT0010007878,4,0,-1,1,4,-1,5,5,-1
MT0010007881,0,0,-1,1,4,-1,4,1,-1
MT0010007882,4,3,-1,1,4,-1,5,5,-1
MT0010049476,2,5,-1,2,3,-1,3,0,-1
MT0010054305,2,1,-1,5,3,-1,2,3,-1
MT0010065680,2,2,-1,0,5,-1,0,0,-1
MT0010065686,1,5,-1,5,3,-1,3,3,-1
MT0010083757,4,3,-1,3,4,-1,4,1,-1
MT0010085729,1,2,-1,0,2,-1,0,0,-1
MT0010100277,2,2,-1,2,2,-1,3,0,-1
MT0010100278,4,3,-1,1,4,-1,5,5,-1
MT0010100279,2,2,-1,5,1,-1,2,3,-1
MT0010100283,0,5,-1,1,4,-1,5,5,-1
MT0010100285,1,1,-1,3,1,-1,4,1,-1
MT0010100333,1,2,-1,2,3,-1,3,0,-1
MT0010100428,0,0,-1,3,1,-1,4,1,-1
MT0010169019,1,2,-1,2,2,-1,3,0,-1
MT0010203716,0,0,-1,5,3,-1,2,3,-1
MT0010236541,2,5,-1,2,3,-1,3,0,-1
MT0010257371,2,1,-1,0,5,-1,0,4,-1
MT0010261584,0,0,-1,3,1,-1,4,3,-1
MT0010261588,0,2,-1,3,4,-1,4,5,-1
MT0010278984,4,0,-1,2,3,-1,3,0,-1
MT0010290775,0,0,-1,5,3,-1,2,3,-1
MT0010290785,0,0,-1,5,1,-1,2,3,-1
MT0010290788,0,0,-1,1,4,-1,5,1,-1
MT0010305995,0,0,-1,1,4,-1,5,1,-1
MT0010310891,5,1,-1,0,5,-1,0,4,-1
MT0010310894,5,1,-1,5,3,-1,2,3,-1
MT0010310896,5,1,-1,0,5,-1,0,4,-1
MT0010310897,5,1,-1,0,5,-1,0,4,-1
MT0010310898,5,1,-1,0,5,-1,0,4,-1
MT0010310899,5,1,-1,0,5,-1,0,4,-1
MT0010344415,1,2,-1,0,5,-1,0,4,-1
MT0010346228,1,5,-1,0,5,-1,0,4,-1
MT0010363782,4,3,-1,1,4,-1,4,1,-1
MT0010368848,1,0,-1,2,3,-1,3,0,-1
MT0010369823,5,1,-1,0,2,-1,0,0,-1
MT0010375510,1,2,-1,5,1,-1,2,3,-1
MT0010379209,0,5,-1,2,3,-1,3,0,-1
MT0010392442,4,0,-1,3,4,-1,4,1,-1
MT0010394619,1,3,-1,3,1,-1,4,1,-1
MT0010405928,5,1,-1,2,3,-1,3,0,-1
MT0010444469,2,3,-1,2,3,-1,3,0,-1
MT0010468178,0,5,-1,5,1,-1,2,3,-1
MT0010477194,5,1,-1,2,3,-1,3,0,-1
MT0010480965,5,1,-1,2,2,-1,3,0,-1
MT0010481194,5,1,-1,3,1,-1,4,1,-1
MT0010482550,1,2,-1,5,1,-1,2,1,-1
MT0010485559,5,1,-1,2,2,-1,3,0,-1
MT0010487366,5,1,-1,2,3,-1,3,0,-1
MT0010487702,5,1,-1,0,5,-1,0,0,-1
MT0010502078,1,2,-1,2,3,-1,3,0,-1
MT0010506192,4,3,-1,3,4,-1,4,1,-1
MT0010510852,2,5,-1,5,1,-1,2,3,-1
MT0010512527,4,0,-1,1,4,-1,5,5,-1
MT0010524453,5,1,-1,5,3,-1,2,3,-1
MT0010526041,5,1,-1,0,5,-1,0,4,-1
MT0010534904,4,3,-1,1,4,-1,5,5,-1
MT0010545132,4,3,-1,4,0,-1,1,2,-1
MT0010548963,2,1,-1,5,1,-1,2,3,-1
MT0010551970,0,0,-1,1,0,-1,5,5,-1
MT0010552303,2,5,-1,5,1,-1,2,3,-1
MT0010554620,5,0,-1,5,3,-1,2,0,-1
MT0010574326,1,2,-1,3,1,-1,4,1,-1
MT0010582452,4,3,-1,3,1,-1,4,1,-1
MT0010611876,2,5,-1,3,1,-1,4,1,-1
MT0010612023,1,2,-1,2,3,-1,3,0,-1
MT0010615428,1,0,-1,5,3,-1,2,3,-1
MT0010616215,1,2,-1,2,2,-1,3,0,-1
MT0010617945,1,2,-1,5,3,-1,2,3,-1
MT0010620026,1,2,-1,3,1,-1,4,1,-1
MT0010623104,1,2,-1,0,2,-1,0,0,-1
MT0010624346,1,2,-1,5,3,-1,3,0,-1
MT0010630017,2,5,-1,5,1,-1,2,3,-1
MT0010670378,0,0,-1,3,1,-1,4,1,-1
MT0010674530,2,5,-1,2,3,-1,3,3,-1
MT0010674859,0,0,-1,1,4,-1,5,5,-1
MT0010676114,1,2,-1,2,3,-1,3,0,-1
MT0010687397,3,4,-1,0,5,-1,0,4,-1
MT0010695865,0,5,-1,5,3,-1,2,3,-1
MT0010702898,4,0,-1,1,4,-1,5,5,-1
MT0010705334,2,5,-1,5,1,-1,2,3,-1
MT0010706869,2,5,-1,3,4,-1,4,1,-1
MT0010710874,4,3,-1,1,4,-1,5,5,-1
MT0010715611,1,2,-1,5,3,-1,2,0,-1
MT0010723658,0,5,-1,5,3,-1,2,3,-1
MT0010723756,4,3,-1,4,0,-1,1,2,-1
MT0010736208,2,2,-1,5,3,-1,2,0,-1
MT0010736281,2,5,-1,5,1,-1,2,3,-1
MT0010739708,4,3,-1,1,4,-1,5,5,-1
MT0010741386,4,0,-1,1,4,-1,5,5,-1
MT0010751134,0,5,-1,5,1,-1,2,3,-1
MT0010753520,2,5,-1,3,1,-1,4,1,-1
MT0010754290,2,5,-1,3,1,-1,4,1,-1
MT0010755212,2,5,-1,5,3,-1,2,3,-1
MT0010777106,1,2,-1,5,3,-1,3,0,-1
MT0010815151,4,3,-1,4,0,-1,1,2,-1
MT0010823031,4,3,-1,3,4,-1,4,1,-1
MT0010849747,1,1,-1,2,3,-1,3,0,-1
MT0010850805,0,3,-1,3,4,-1,4,1,-1
MT0010857270,5,1,-1,0,5,-1,0,0,-1
MT0010862394,4,3,-1,4,0,-1,1,2,-1
MT0010883435,1,1,-1,5,3,-1,2,0,-1
MT0010894865,5,0,-1,2,3,-1,3,0,-1
MT0010897525,5,2,-1,2,3,-1,3,0,-1
MT0010902792,2,2,-1,2,3,-1,3,0,-1
MT0010922381,5,1,-1,3,4,-1,4,5,-1
MT0010956902,0,0,-1,5,1,-1,2,3,-1
MT0010967419,4,3,-1,1,4,-1,5,5,-1
MT0010978213,5,1,-1,2,2,-1,3,0,-1
MT0010980499,0,0,-1,5,1,-1,2,3,-1
MT0010983830,0,0,-1,5,1,-1,2,1,-1
MT0011069243,0,1,-1,5,3,-1,2,0,-1
MT0011083648,5,1,-1,2,3,-1,3,0,-1
MT0011095825,4,3,-1,4,0,-1,1,5,-1
MT0011145388,1,2,-1,5,1,-1,2,1,-1
MT0011162069,4,0,-1,3,4,-1,4,1,-1
MT0011204639,5,0,-1,0,2,-1,0,0,-1
MT0011252708,1,2,-1,2,2,-1,3,4,-1
MT0011292112,1,0,-1,1,4,-1,5,5,-1
MT0011302120,4,3,-1,1,0,-1,5,5,-1
MT0011308097,0,3,-1,5,1,-1,2,3,-1
MT0011322528,5,1,-1,0,2,-1,0,0,-1
MT0011332604,2,5,-1,5,1,-1,2,3,-1
MT0011342337,2,5,-1,5,1,-1,2,3,-1
MT0011348776,1,2,-1,5,3,-1,2,3,-1
MT0011353873,5,1,-1,2,3,-1,3,0,-1
MT0011358600,1,3,-1,1,4,-1,5,5,-1
MT0011361934,5,1,-1,2,2,-1,3,0,-1
MT0011369407,3,4,-1,0,5,-1,0,0,-1
MT0011374266,2,2,-1,0,5,-1,0,4,-1
MT0011374342,1,5,-1,5,1,-1,2,3,-1
MT0011376343,1,1,-1,5,3,-1,2,3,-1
MT0011378875,5,1,-1,0,5,-1,0,4,-1
MT0011387901,1,2,-1,2,3,-1,3,0,-1
MT0011391187,4,3,-1,3,1,-1,4,1,-1
MT0011391356,1,2,-1,3,4,-1,4,1,-1
MT0011395375,0,3,-1,1,4,-1,5,5,-1
MT0011398970,4,3,-1,1,0,-1,5,5,-1
MT0011403548,4,3,-1,4,0,-1,1,2,-1
MT0011411969,5,1,-1,2,3,-1,3,0,-1
MT0011426003,1,2,-1,2,3,-1,3,0,-1
MT0011448773,1,2,-1,5,3,-1,2,0,-1
MT0011451296,4,3,-1,1,4,-1,5,1,-1
MT0011487003,2,5,-1,5,1,-1,2,3,-1
MT0011503204,1,2,-1,5,3,-1,2,0,-1
MT0011510700,2,1,-1,2,3,-1,3,3,-1
MT0011558921,1,0,-1,3,1,-1,4,1,-1
MT0011594970,4,3,-1,1,4,-1,5,5,-1
MT0011650689,0,3,-1,1,4,-1,5,5,-1
MT0011659985,4,0,-1,4,0,-1,1,5,-1
MT0011677264,5,1,-1,2,3,-1,3,0,-1
MT0011707340,2,1,-1,5,3,-1,2,3,-1
MT0011711878,4,0,-1,1,4,-1,5,5,-1
MT0011712337,5,1,-1,0,2,-1,0,0,-1
MT0011716005,2,5,-1,2,3,-1,3,0,-1
MT0011739779,2,5,-1,3,1,-1,2,3,-1
MT0011741035,0,5,-1,1,4,-1,5,5,-1
MT0011767762,2,2,-1,5,3,-1,2,3,-1
MT0011772341,2,2,-1,3,4,-1,4,1,-1
MT0011776369,1,0,-1,3,4,-1,4,1,-1
MT0011800641,0,0,-1,3,1,-1,4,1,-1
MT0011808566,1,2,-1,2,2,-1,3,0,-1
MT0011809659,2,0,-1,1,4,-1,4,1,-1
MT0011818239,2,5,-1,5,1,-1,2,1,-1
MT0011821215,2,2,-1,5,1,-1,2,3,-1
MT0011827018,1,0,-1,5,3,-1,2,0,-1
MT0011842354,0,3,-1,3,4,-1,4,1,-1
MT0011847514,5,2,-1,0,2,-1,0,0,-1
MT0011861922,2,5,-1,5,3,-1,2,3,-1
MT0011862487,0,3,-1,3,1,-1,4,1,-1
MT0011869625,1,0,-1,5,3,-1,2,3,-1
MT0011870505,4,3,-1,4,0,-1,1,5,-1
MT0011878109,2,5,-1,3,1,-1,4,1,-1
MT0011879943,5,1,-1,2,2,-1,3,0,-1
MT0011881944,2,4,-1,2,2,-1,3,0,-1
MT0011886864,4,0,-1,3,4,-1,4,1,-1
MT0011894681,4,0,-1,4,0,-1,1,2,-1
MT0011895910,1,1,-1,5,1,-1,2,3,-1
MT0011896804,1,0,-1,5,1,-1,2,3,-1
MT0011908274,0,0,-1,1,4,-1,4,1,-1
MT0011909571,2,2,-1,5,1,-1,2,3,-1
MT0011910522,4,3,-1,1,4,-1,5,1,-1
MT0011914836,2,5,-1,3,1,-1,4,1,-1
MT0011916674,1,2,-1,3,1,-1,4,1,-1
MT0011920419,2,2,-1,3,4,-1,4,1,-1
MT0011921060,5,1,-1,2,3,-1,3,0,-1
MT0011922905,0,5,-1,5,1,-1,2,3,-1
MT0011924283,4,0,-1,3,1,-1,4,1,-1
MT0011924316,5,1,-1,1,4,-1,5,1,-1
MT0011924930,2,0,-1,3,1,-1,4,1,-1
MT0011928183,2,1,-1,3,1,-1,4,1,-1
MT0011929096,0,0,-1,3,1,-1,4,1,-1
MT0011933875,2,5,-1,5,1,-1,2,3,-1
MT0011937155,3,4,-1,2,2,-1,3,0,-1
MT0011937271,4,3,-1,4,0,-1,1,2,-1
MT0011940781,5,1,-1,5,3,-1,2,0,-1
MT0011943335,5,1,-1,2,2,-1,3,0,-1
MT0011943549,1,2,-1,3,1,-1,2,1,-1
MT0011944405,3,4,-1,2,3,-1,3,0,-1
MT0011945841,5,1,-1,5,3,-1,2,3,-1
MT0011950450,0,0,-1,1,4,-1,5,1,-1
MT0011957429,2,5,-1,5,1,-1,2,3,-1
MT0011959819,5,1,-1,0,5,-1,0,4,-1
MT0011961925,2,5,-1,5,1,-1,2,3,-1
MT0011963777,3,4,-1,0,5,-1,0,4,-1
MT0011975274,1,2,-1,2,2,-1,3,0,-1
MT0011982393,0,0,-1,3,1,-1,4,1,-1
MT0011991382,5,1,-1,2,2,-1,3,0,-1
MT0011999773,2,5,-1,0,2,-1,0,0,-1
MT0012000832,0,0,-1,3,1,-1,4,1,-1
MT0012001409,1,2,-1,3,1,-1,4,1,-1
MT0012001684,2,5,-1,5,1,-1,2,3,-1
MT0012004909,1,2,-1,3,1,-1,4,1,-1
MT0012004929,0,1,-1,5,3,-1,2,0,-1
MT0012005920,2,0,-1,5,1,-1,2,3,-1
MT0012009054,5,1,-1,2,3,-1,3,0,-1
MT0012011991,4,2,-1,5,3,-1,2,3,-1
MT0012013969,4,2,-1,1,4,-1,5,5,-1
MT0012014382,5,1,-1,0,5,-1,0,4,-1
MT0012016955,2,5,-1,2,3,-1,3,0,-1
MT0012017035,4,0,-1,4,0,-1,1,2,-1
MT0012023721,1,2,-1,2,2,-1,3,0,-1
MT0012028572,1,2,-1,5,3,-1,2,3,-1
MT0012030545,1,2,-1,2,3,-1,3,0,-1
MT0012030591,2,0,-1,3,1,-1,4,1,-1
MT0012030863,1,2,-1,3,1,-1,4,1,-1
MT0012031327,1,2,-1,5,1,-1,2,3,-1
MT0012033786,1,2,-1,5,3,-1,2,0,-1
MT0012034242,0,0,-1,5,1,-1,2,1,-1
MT0012035583,0,5,-1,5,1,-1,2,3,-1
MT0012041920,1,2,-1,2,3,-1,3,0,-1
MT0012067911,4,0,-1,3,4,-1,4,1,-1
MT0012100576,1,2,-1,2,3,-1,3,0,-1
MT0012116237,5,1,-1,0,2,-1,0,0,-1
MT0012122028,5,1,-1,2,3,-1,3,0,-1
MT0012159808,4,3,-1,1,0,-1,5,2,-1
MT0012168286,5,1,-1,0,5,-1,0,4,-1
MT0012317309,4,5,-1,1,0,-1,5,5,-1
MT0012330276,0,0,-1,3,4,-1,4,1,-1
MT0012333553,0,0,-1,3,1,-1,4,1,-1
MT0012334245,2,5,-1,5,1,-1,2,3,-1
MT0012396528,1,2,-1,0,5,-1,0,4,-1
MT0012398546,1,2,-1,5,1,-1,2,3,-1
MT0012430736,2,1,-1,3,1,-1,4,1,-1
MT0012438211,3,4,-1,3,1,-1,4,1,-1
MT0012455611,2,5,-1,2,3,-1,3,0,-1
MT0012459878,5,1,-1,0,2,-1,0,0,-1
MT0012505137,1,0,-1,5,1,-1,2,3,-1
MT0012509093,2,5,-1,2,3,-1,3,0,-1
MT0012521149,2,5,-1,5,1,-1,2,3,-1
MT0012619690,1,2,-1,1,4,-1,5,5,-1
MT0012634038,0,3,-1,5,1,-1,2,3,-1
MT0012637285,4,0,-1,5,1,-1,2,3,-1
MT0012639323,5,1,-1,5,1,-1,2,3,-1
MT0012645597,0,5,-1,1,4,-1,4,1,-1
MT0012649676,1,1,-1,2,3,-1,3,0,-1
MT0012658386,4,3,-1,1,0,-1,5,5,-1
MT0012666474,2,5,-1,3,1,-1,4,1,-1
MT0012697686,0,0,-1,3,1,-1,4,1,-1
MT0012698055,0,0,-1,2,3,-1,3,0,-1
MT0012738934,1,5,-1,5,1,-1,2,3,-1
MT0012740185,2,0,-1,3,1,-1,4,1,-1
MT0012773883,0,0,-1,1,4,-1,4,1,-1
MT0012777233,2,5,-1,5,3,-1,2,0,-1
MT0012811141,0,5,-1,3,4,-1,4,1,-1
MT0012823048,2,5,-1,3,4,-1,4,1,-1
MT0012844418,4,5,-1,3,1,-1,4,3,-1
MT0012854734,4,0,-1,1,4,-1,5,5,-1
MT0012855159,5,1,-1,5,1,-1,2,1,-1
MT0012862507,0,0,-1,2,3,-1,3,0,-1
MT0012863101,1,1,-1,2,3,-1,3,0,-1
MT0012865192,2,2,-1,2,2,-1,3,0,-1
MT0012895822,4,3,-1,1,4,-1,5,5,-1
MT0012900592,5,1,-1,2,3,-1,3,0,-1
MT0012909507,5,1,-1,2,2,-1,3,0,-1
MT0012914763,5,1,-1,0,5,-1,0,0,-1
MT0012930833,1,1,-1,2,2,-1,3,0,-1
MT0012933678,2,2,-1,2,2,-1,3,0,-1
MT0012976100,1,2,-1,1,4,-1,5,5,-1
MT0012988776,4,3,-1,1,4,-1,5,5,-1
MT0013003902,0,3,-1,3,1,-1,4,1,-1
MT0013056573,0,0,-1,1,4,-1,5,5,-1
MT0013056830,0,3,-1,5,1,-1,2,3,-1
MT0013058008,5,2,-1,5,3,-1,2,0,-1
MT0013064857,0,0,-1,2,3,-1,3,0,-1
MT0013070871,0,3,-1,1,4,-1,4,1,-1
MT0013087767,5,1,-1,5,3,-1,2,3,-1
MT0013101577,2,5,-1,2,3,-1,3,0,-1
MT0013104929,2,2,-1,5,3,-1,2,3,-1
MT0013115311,0,3,-1,1,4,-1,5,5,-1
MT0013156036,3,4,-1,0,2,-1,0,0,-1
MT0013161246,2,0,-1,5,1,-1,2,3,-1
MT0013176970,4,2,-1,3,4,-1,4,1,-1
MT0013177702,4,3,-1,1,4,-1,5,1,-1
MT0013184611,3,4,-1,0,5,-1,0,4,-1
MT0013186132,1,2,-1,1,4,-1,5,5,-1
MT0013193016,0,3,-1,1,0,-1,5,5,-1
MT0013201347,2,5,-1,5,3,-1,2,3,-1
MT0013209458,2,3,-1,3,1,-1,2,3,-1
MT0013216725,1,2,-1,2,3,-1,3,0,-1
MT0013219857,4,3,-1,1,0,-1,5,5,-1
MT0013228223,0,0,-1,3,4,-1,4,1,-1
MT0013236693,2,1,-1,2,2,-1,3,0,-1
MT0013260233,4,0,-1,4,0,-1,1,2,-1
MT0013280170,4,3,-1,4,0,-1,1,2,-1
MT0013283837,0,5,-1,3,4,-1,4,1,-1
MT0013289749,1,1,-1,5,3,-1,2,0,-1
MT0013305827,4,0,-1,1,0,-1,5,5,-1
MT0013328261,2,5,-1,1,4,-1,5,5,-1
MT0013349760,2,5,-1,5,3,-1,2,3,-1
MT0013350034,4,3,-1,1,4,-1,5,1,-1
MT0013411556,0,0,-1,5,1,-1,2,1,-1
MT0013416300,0,0,-1,3,4,-1,4,1,-1
MT0013418800,1,1,-1,2,3,-1,3,0,-1
MT0013458428,0,5,-1,3,1,-1,4,1,-1
MT0013464231,2,0,-1,5,1,-1,2,3,-1
MT0013524535,1,5,-1,5,3,-1,2,3,-1
MT0013583287,2,1,-1,5,1,-1,2,3,-1
MT0013590244,2,5,-1,2,2,-1,3,0,-1
MT0013602925,5,1,-1,0,5,-1,0,0,-1
MT0013610638,5,1,-1,2,2,-1,3,0,-1
MT0013612461,1,2,-1,0,5,-1,0,4,-1
MT0013613711,5,1,-1,5,3,-1,2,3,-1
MT0013616609,1,2,-1,2,3,-1,3,0,-1
MT0013637631,2,2,-1,2,3,-1,3,0,-1
MT0013649307,2,0,-1,5,1,-1,2,3,-1
MT0013658337,2,5,-1,2,3,-1,3,0,-1
MT0013676763,4,0,-1,4,0,-1,1,2,-1
MT0013678986,1,2,-1,5,3,-1,2,0,-1
MT0013693326,2,5,-1,5,3,-1,2,3,-1
MT0013743441,5,1,-1,3,4,-1,4,1,-1
MT0013746403,2,5,-1,1,4,-1,5,1,-1
MT0013751364,1,1,-1,5,3,-1,2,3,-1
MT0013752990,5,1,-1,0,5,-1,0,4,-1
MT0013758625,1,2,-1,1,4,-1,5,5,-1
MT0013764945,2,5,-1,3,1,-1,4,1,-1
MT0013795989,1,2,-1,3,1,-1,4,1,-1
MT0013800071,4,3,-1,1,4,-1,5,5,-1
MT0013809208,4,3,-1,1,4,-1,5,5,-1
MT0013833732,2,1,-1,3,1,-1,4,1,-1
MT0013868618,4,3,-1,5,1,-1,2,1,-1
MT0013881862,5,1,-1,2,2,-1,3,0,-1
MT0013900095,1,1,-1,2,3,-1,3,0,-1
MT0013906090,1,2,-1,2,3,-1,3,0,-1
MT0013921881,1,3,-1,5,3,-1,2,3,-1
MT0013923586,4,3,-1,1,4,-1,5,5,-1
MT0013924254,1,1,-1,5,3,-1,2,3,-1
MT0013929650,1,2,-1,1,4,-1,5,1,-1
MT0013955066,0,3,-1,3,1,-1,4,1,-1
MT0013960578,0,0,-1,3,4,-1,4,1,-1
MT0013979875,1,2,-1,3,1,-1,4,1,-1
MT0014005525,1,2,-1,5,1,-1,2,3,-1
MT0014082915,4,3,-1,1,4,-1,5,1,-1
MT0014116864,1,2,-1,5,1,-1,2,0,-1
MT0014118699,4,3,-1,3,1,-1,4,1,-1
MT0014121590,5,1,-1,2,3,-1,3,0,-1
MT0014135173,5,1,-1,2,2,-1,0,0,-1
MT0014209882,1,2,-1,3,1,-1,4,1,-1
MT0014215479,2,5,-1,5,1,-1,2,3,-1
MT0014439055,5,1,-1,2,3,-1,3,0,-1
MT0014472963,0,3,-1,3,1,-1,4,1,-1
MT0014498396,0,0,-1,5,3,-1,2,0,-1
MT0014553025,4,5,-1,1,4,-1,4,1,-1
MT0014553172,4,3,-1,4,0,-1,1,5,-1
MT0014554353,1,2,-1,5,4,-1,2,1,-1
MT0014555701,1,2,-1,2,3,-1,3,0,-1
MT0014581361,5,1,-1,2,2,-1,3,0,-1
MT0014584319,4,3,-1,3,1,-1,4,1,-1
MT0014584473,4,3,-1,1,4,-1,5,5,-1
MT0014586720,2,2,-1,2,5,-1,0,0,-1
MT0014594482,5,1,-1,2,3,-1,3,0,-1
MT0014612093,1,2,-1,3,1,-1,4,1,-1
MT0014615863,1,1,-1,0,5,-1,0,4,-1
MT0014619583,1,2,-1,3,1,-1,4,1,-1
MT0014624309,0,3,-1,5,3,-1,2,0,-1
MT0014650353,4,0,-1,5,1,-1,2,3,-1
MT0014650360,2,5,-1,5,1,-1,2,3,-1
MT0014664637,5,0,-1,2,3,-1,3,0,-1
MT0014665667,0,0,-1,3,4,-1,4,1,-1
MT0014665693,2,1,-1,3,1,-1,4,1,-1
MT0014693814,0,5,-1,3,1,-1,4,1,-1
MT0014703649,1,1,-1,2,3,-1,3,0,-1
MT0014724547,4,0,-1,4,0,-1,1,2,-1
MT0014752461,4,0,-1,5,3,-1,2,3,-1
MT0014756127,5,1,-1,0,2,-1,0,4,-1
MT0014762437,5,0,-1,2,3,-1,3,0,-1
MT0014781093,0,0,-1,5,1,-1,2,3,-1
MT0014790813,1,2,-1,2,3,-1,3,0,-1
MT0014798420,1,2,-1,2,2,-1,3,0,-1
MT0014804830,0,3,-1,5,3,-1,2,3,-1
MT0014826870,4,5,-1,3,1,-1,4,1,-1
MT0014838459,5,1,-1,2,2,-1,3,0,-1
MT0014845647,1,5,-1,3,1,-1,4,5,-1
MT0014859055,1,5,-1,3,1,-1,4,1,-1
MT0014880463,1,2,-1,2,2,-1,3,0,-1
MT0014936205,1,2,-1,5,1,-1,2,3,-1
MT0014936656,4,0,-1,3,4,-1,4,1,-1
MT0014948707,1,2,-1,0,5,-1,0,4,-1
MT0014953592,1,2,-1,5,1,-1,2,3,-1
MT0014957211,2,2,-1,0,5,-1,0,4,-1
MT0014964772,1,2,-1,0,2,-1,0,0,-1
MT0014974957,5,1,-1,0,2,-1,0,0,-1
MT0014980594,5,1,-1,0,2,-1,0,4,-1
MT0014992356,1,2,-1,2,2,-1,3,0,-1
MT0014997916,1,2,-1,5,1,-1,2,3,-1
MT0015004867,5,1,-1,0,5,-1,0,4,-1
MT0015005100,4,3,-1,1,0,-1,5,5,-1
MT0015019608,5,1,-1,5,3,-1,2,0,-1
MT0015026273,5,1,-1,2,2,-1,3,0,-1
MT0015026293,0,0,-1,5,1,-1,2,3,-1
MT0015028144,0,0,-1,3,1,-1,4,1,-1
MT0015032338,4,3,-1,4,0,-1,1,2,-1
MT0015034564,5,1,-1,2,2,-1,3,0,-1
MT0015139461,1,2,-1,3,1,-1,4,1,-1
MT0015428521,4,3,-1,1,0,-1,5,5,-1
MT0015465230,4,0,-1,1,0,-1,5,5,-1
MT0015469804,5,1,-1,0,2,-1,0,0,-1
MT0015471594,0,0,-1,1,0,-1,5,5,-1
MT0015477550,0,0,-1,1,4,-1,5,5,-1
MT0015494518,1,2,-1,3,1,-1,4,1,-1
MT0015506396,0,0,-1,1,4,-1,5,5,-1
MT0015506741,0,0,-1,1,4,-1,5,5,-1
MT0015511866,0,0,-1,5,1,-1,2,1,-1
MT0015541501,1,0,-1,5,3,-1,2,3,-1
MT0015546206,4,2,-1,3,4,-1,4,1,-1
MT0015587436,5,1,-1,2,3,-1,3,0,-1
MT0015599764,2,5,-1,2,2,-1,3,0,-1
MT0015665796,4,3,-1,4,0,-1,1,2,-1
MT0015706588,4,3,-1,4,0,-1,1,2,-1
MT0015708437,1,2,-1,5,1,-1,2,3,-1
MT0015709701,2,0,-1,5,3,-1,2,0,-1
MT0015715008,0,0,-1,5,1,-1,2,3,-1
MT0015760726,0,0,-1,5,3,-1,2,3,-1
MT0015883602,4,0,-1,2,3,-1,3,0,-1
MT0015889071,5,1,-1,2,2,-1,3,0,-1
MT0015929505,1,2,-1,3,1,-1,4,1,-1
MT0015940634,5,1,-1,5,3,-1,2,0,-1
MT0015950558,1,2,-1,3,1,-1,4,1,-1
MT0015962332,1,2,-1,5,1,-1,2,1,-1
MT0015971175,1,2,-1,5,1,-1,2,3,-1
MT0016469828,4,3,-1,5,1,-1,2,3,-1
MT0016743722,1,2,-1,0,2,-1,0,0,-1
MT0016770768,2,0,-1,2,2,-1,3,0,-1
MT0016887233,4,0,-1,3,4,-1,4,1,-1
MT0016897938,0,0,-1,1,0,-1,5,5,-1
MT0016913402,2,5,-1,5,1,-1,2,3,-1
MT0016915093,1,2,-1,2,3,-1,3,0,-1
MT0016918508,2,5,-1,2,3,-1,3,0,-1
MT0016932218,4,0,-1,3,1,-1,4,1,-1
MT0016933152,0,0,-1,5,3,-1,2,3,-1
MT0016971741,2,5,-1,5,3,-1,2,0,-1
MT0016976154,2,5,-1,3,1,-1,4,1,-1
MT0017031590,2,0,-1,5,3,-1,2,3,-1
MT0017475710,2,5,-1,2,3,-1,3,0,-1
MT0017657810,4,3,-1,5,1,-1,2,3,-1
MT0017971951,2,2,-1,0,2,-1,0,0,-1
MT0018024152,2,1,-1,0,5,-1,0,4,-1
MT0018029465,2,5,-1,2,2,-1,3,0,-1
MT0018031959,2,1,-1,2,2,-1,3,0,-1
MT0018044514,0,5,-1,5,1,-1,2,3,-1
MT0018288135,5,1,-1,0,2,-1,0,0,-1
MT0018376280,2,0,-1,3,4,-1,4,1,-1
MT0018450519,2,5,-1,2,3,-1,3,0,-1
MT0018651126,0,0,-1,2,3,-1,3,0,-1
MT0018669856,5,0,-1,2,2,-1,3,0,-1
MT0018793776,2,2,-1,5,3,-1,2,3,-1
MT0019352491,0,0,-1,5,3,-1,2,3,-1
MT0019766193,1,5,-1,3,4,-1,4,1,-1
MT0020009125,1,2,-1,2,3,-1,3,0,-1
MT0020034314,5,1,-1,2,3,-1,3,0,-1
MT0026135542,2,5,-1,2,3,-1,3,0,-1
MT0026236933,4,3,-1,1,4,-1,5,5,-1
MT0026330298,4,3,-1,4,0,-1,1,2,-1
MT0026378461,4,3,-1,4,0,-1,1,2,-1
MT0026414107,4,3,-1,3,1,-1,4,1,-1
MT0026520343,2,1,-1,2,3,-1,3,0,-1
MT0026607275,4,5,-1,3,4,-1,4,1,-1
MT0026624084,5,1,-1,0,2,-1,0,0,-1
MT0026681751,5,1,-1,2,2,-1,3,0,-1
MT0026682960,4,3,-1,3,1,-1,4,1,-1
MT0026697228,4,3,-1,4,0,-1,1,2,-1
MT0026712161,2,5,-1,5,3,-1,2,0,-1
MT0026719173,5,1,-1,0,2,-1,0,0,-1
MT0026727455,1,2,-1,3,1,-1,4,1,-1
MT0026734083,1,0,-1,5,3,-1,2,3,-1
MT0026753145,2,2,-1,0,5,-1,0,4,-1
MT0026753827,0,0,-1,5,3,-1,3,0,-1
MT0026776967,1,0,-1,5,3,-1,2,0,-1
MT0026790435,1,2,-1,2,3,-1,3,0,-1
MT0026795261,2,5,-1,2,2,-1,3,0,-1
MT0026811443,0,3,-1,1,4,-1,5,1,-1
MT0026826094,4,3,-1,1,4,-1,5,1,-1
MT0026898936,2,5,-1,5,3,-1,2,3,-1
MT0026900439,0,0,-1,5,1,-1,2,3,-1
MT0026903849,5,1,-1,2,3,-1,3,0,-1
MT0026905937,4,0,-1,1,4,-1,5,1,-1
MT0026930415,4,3,-1,1,4,-1,5,5,-1
MT0026933516,2,0,-1,5,3,-1,2,3,-1
MT0026963572,5,1,-1,5,3,-1,2,3,-1
MT0026971941,0,0,-1,3,1,-1,4,1,-1
MT0026972072,0,0,-1,3,1,-1,4,1,-1
MT0026985012,1,1,-1,5,1,-1,2,3,-1
MT0026987140,1,1,-1,2,3,-1,3,0,-1
MT0026990793,3,4,-1,3,1,-1,4,1,-1
MT0026999750,2,2,-1,5,3,-1,3,0,-1
MT0027023212,0,0,-1,3,1,-1,4,1,-1
MT0027032503,5,1,-1,0,5,-1,0,4,-1
MT0027053023,1,2,-1,3,1,-1,4,3,-1
MT0027072382,2,1,-1,0,5,-1,0,4,-1
MT0027075208,5,1,-1,5,1,-1,2,3,-1
MT0027112893,0,0,-1,5,1,-1,2,3,-1
MT0027149420,1,3,-1,1,4,-1,5,1,-1
MT0027182657,2,5,-1,5,1,-1,2,3,-1
MT0027317557,1,2,-1,2,3,-1,3,0,-1
MT0027535695,2,0,-1,5,1,-1,2,3,-1
MT0027696140,2,2,-1,0,5,-1,0,0,-1
MT0027797339,1,3,-1,5,1,-1,2,1,-1
MT0027859587,4,3,-1,1,4,-1,5,5,-1
MT0027976714,0,0,-1,1,4,-1,5,1,-1
MT0028081047,3,4,-1,0,5,-1,0,0,-1
MT0028116568,0,0,-1,3,1,-1,2,3,-1
MT0028167155,3,4,-1,0,5,-1,0,4,-1
MT0028172888,5,1,-1,0,2,-1,0,0,-1
MT0028213435,5,1,-1,0,5,-1,0,4,-1
MT0028228337,0,0,-1,5,1,-1,2,3,-1
MT0028241237,2,1,-1,2,2,-1,3,0,-1
MT0028242839,4,2,-1,3,1,-1,4,1,-1
MT0028293340,4,3,-1,3,1,-1,4,1,-1
MT0028335228,0,0,-1,5,1,-1,2,3,-1
MT0028338292,0,0,-1,3,1,-1,4,1,-1
MT0028345470,5,1,-1,2,2,-1,3,0,-1
MT0028348785,5,1,-1,0,5,-1,0,4,-1
MT0028372740,4,5,-1,5,1,-1,2,3,-1
MT0028374210,4,0,-1,3,1,-1,4,1,-1
MT0028405583,1,2,-1,0,2,-1,0,0,-1
MT0028425911,4,0,-1,3,1,-1,4,3,-1
MT0028445777,1,2,-1,2,2,-1,3,0,-1
MT0028452849,1,2,-1,2,3,-1,3,0,-1
MT0028471202,5,1,-1,2,3,-1,3,0,-1
MT0028498801,4,0,-1,3,1,-1,4,1,-1
MT0028569169,2,0,-1,3,1,-1,4,1,-1
MT0028577920,4,3,-1,1,4,-1,5,5,-1
MT0028587966,0,0,-1,5,1,-1,2,3,-1
MT0028593700,1,2,-1,2,3,-1,3,0,-1
MT0028603801,2,5,-1,5,1,-1,2,3,-1
MT0028609181,0,0,-1,3,1,-1,4,1,-1
MT0028615001,1,2,-1,5,3,-1,2,0,-1
MT0028617657,1,2,-1,3,1,-1,4,1,-1
MT0028617797,5,1,-1,2,2,-1,3,0,-1
MT0028623145,5,1,-1,2,2,-1,3,0,-1
MT0028627699,1,2,-1,2,3,-1,3,0,-1
MT0028691865,4,3,-1,4,0,-1,1,2,-1
MT0028694655,2,2,-1,5,1,-1,2,3,-1
MT0028698324,4,3,-1,3,4,-1,4,1,-1
MT0028750297,5,1,-1,0,5,-1,0,0,-1
MT0028752173,4,2,-1,3,4,-1,4,1,-1
MT0028753982,2,5,-1,3,1,-1,4,1,-1
MT0028754256,3,1,-1,0,5,-1,0,4,-1
MT0028758101,0,0,-1,5,1,-1,2,3,-1
MT0028772639,1,1,-1,3,1,-1,2,1,-1
MT0028790582,1,2,-1,5,1,-1,2,1,-1
MT0028798040,5,1,-1,0,5,-1,0,4,-1
MT0028798502,4,3,-1,4,0,-1,1,2,-1
MT0028810869,2,2,-1,2,2,-1,3,0,-1
MT0028813190,5,0,-1,0,5,-1,0,0,-1
MT0028813196,4,3,-1,3,1,-1,4,0,-1
MT0028888763,2,5,-1,3,1,-1,4,1,-1
MT0028915582,2,5,-1,2,2,-1,3,0,-1
MT0028937743,1,1,-1,5,1,-1,2,3,-1
MT0028942506,4,3,-1,1,0,-1,5,5,-1
MT0029065626,1,2,-1,2,2,-1,3,0,-1
MT0029091265,4,0,-1,1,0,-1,5,5,-1
MT0029133325,1,5,-1,3,1,-1,4,3,-1
MT0029166572,4,3,-1,4,0,-1,1,2,-1
MT0029196396,5,1,-1,0,5,-1,0,4,-1
MT0029772184,3,4,-1,0,5,-1,0,4,-1
MT0029825641,5,2,-1,0,5,-1,0,4,-1
MT0029861029,4,0,-1,4,0,-1,1,2,-1
MT0030006612,4,3,-1,1,4,-1,5,5,-1
MT0030007733,0,0,-1,1,4,-1,4,1,-1
MT0030074137,4,5,-1,3,1,-1,4,1,-1
MT0030097307,2,5,-1,5,1,-1,2,3,-1
MT0030097602,0,3,-1,1,4,-1,5,5,-1
MT0030160582,0,0,-1,1,4,-1,5,5,-1
MT0030177407,5,0,-1,2,3,-1,3,0,-1
MT0030184605,2,1,-1,5,1,-1,2,3,-1
MT0030203700,0,0,-1,5,3,-1,2,3,-1
MT0030203729,1,2,-1,5,3,-1,2,3,-1
MT0030211400,2,1,-1,0,5,-1,0,4,-1
MT0030212531,0,1,-1,3,1,-1,4,1,-1
MT0030214520,5,1,-1,0,5,-1,0,4,-1
MT0030233759,5,1,-1,0,5,-1,0,4,-1
MT0030247926,4,3,-1,1,4,-1,5,5,-1
MT0030248025,1,2,-1,2,3,-1,3,0,-1
MT0030289937,4,3,-1,4,0,-1,1,2,-1
MT0030291182,0,0,-1,5,1,-1,2,3,-1
MT0030319227,0,0,-1,5,1,-1,2,3,-1
MT0030324011,5,0,-1,0,5,-1,0,4,-1
MT0030327630,5,1,-1,5,1,-1,2,3,-1
MT0030349080,2,5,-1,2,2,-1,3,0,-1
MT0030362174,0,0,-1,3,4,-1,4,1,-1
MT0030362299,4,3,-1,4,0,-1,5,5,-1
MT0030369896,0,0,-1,3,1,-1,4,1,-1
MT0030407300,4,2,-1,3,1,-1,4,1,-1
MT0030438262,5,1,-1,2,2,-1,0,0,-1
MT0030481692,1,2,-1,1,4,-1,5,5,-1
MT0030484925,2,0,-1,5,1,-1,2,3,-1
MT0030487841,1,2,-1,5,3,-1,2,0,-1
MT0030489320,1,0,-1,5,3,-1,2,0,-1
MT0030499533,4,0,-1,5,3,-1,2,3,-1
MT0030504803,1,5,-1,0,5,-1,0,0,-1
MT0030646708,2,2,-1,5,3,-1,2,3,-1
MT0030968017,2,5,-1,5,3,-1,2,3,-1
MT0031024722,4,3,-1,1,4,-1,5,5,-1
MT0031049140,0,3,-1,3,4,-1,4,1,-1
MT0031375281,0,0,-1,1,0,-1,5,5,-1
MT0031548988,2,2,-1,0,2,-1,0,0,-1
MT0031555265,0,0,-1,3,1,-1,4,1,-1
MT0031574394,2,0,-1,0,5,-1,0,4,-1
MT0031618741,0,5,-1,5,3,-1,2,3,-1
MT0031626819,2,5,-1,3,1,-1,4,1,-1
MT0031661393,1,2,-1,5,3,-1,2,3,-1
MT0031664726,1,2,-1,2,3,-1,3,0,-1
MT0031693432,4,3,-1,4,0,-1,5,5,-1
MT0031726825,2,1,-1,2,3,-1,3,0,-1
MT0031733848,4,3,-1,4,0,-1,1,2,-1
MT0031826295,2,5,-1,5,1,-1,2,3,-1
MT0031826774,0,0,-1,3,1,-1,4,1,-1
MT0031834881,0,0,-1,2,5,-1,3,0,-1
MT0031841471,2,5,-1,3,1,-1,4,1,-1
MT0031861483,5,1,-1,2,2,-1,3,0,-1
MT0031868141,2,2,-1,0,5,-1,0,4,-1
MT0031875986,5,1,-1,0,5,-1,0,4,-1
MT0031893087,2,0,-1,5,1,-1,2,3,-1
MT0031903528,2,0,-1,3,1,-1,4,1,-1
MT0031912859,0,0,-1,1,0,-1,5,5,-1
MT0031917087,2,1,-1,0,5,-1,0,4,-1
MT0031919561,5,1,-1,0,5,-1,0,4,-1
MT0031924755,1,2,-1,5,3,-1,2,3,-1
MT0031925901,5,1,-1,2,3,-1,3,0,-1
MT0031939057,1,0,-1,3,1,-1,4,1,-1
MT0031964947,5,1,-1,2,3,-1,3,0,-1
MT0031979912,0,0,-1,5,1,-1,2,3,-1
MT0031996487,4,0,-1,5,1,-1,2,3,-1
MT0031996897,2,1,-1,2,3,-1,3,0,-1
MT0032001427,0,3,-1,5,3,-1,2,0,-1
MT0032048707,2,5,-1,2,3,-1,3,3,-1
MT0032050779,2,1,-1,2,3,-1,3,0,-1
MT0032060949,1,5,-1,3,4,-1,4,1,-1
MT0032061091,2,5,-1,0,2,-1,0,0,-1
MT0032093528,4,0,-1,1,4,-1,5,5,-1
MT0032157716,1,2,-1,5,3,-1,2,0,-1
MT0032235381,1,2,-1,2,3,-1,3,0,-1
MT0032332758,1,2,-1,2,3,-1,3,0,-1
MT0032405359,2,1,-1,2,3,-1,3,0,-1
MT0032628164,0,0,-1,1,4,-1,5,5,-1
MT0032643023,2,5,-1,2,3,-1,3,0,-1
MT0032651589,1,2,-1,3,1,-1,4,1,-1
MT0032665811,5,1,-1,2,2,-1,3,0,-1
MT0032673223,2,2,-1,2,3,-1,3,0,-1
MT0032682675,0,5,-1,3,1,-1,4,1,-1
MT0032701682,2,1,-1,5,1,-1,2,3,-1
MT0032723940,0,0,-1,3,1,-1,4,1,-1
MT0032757175,4,3,-1,1,0,-1,5,5,-1
MT0032768117,4,3,-1,3,4,-1,4,1,-1
MT0032768122,5,1,-1,3,4,-1,4,1,-1
MT0032778604,0,0,-1,5,1,-1,2,0,-1
MT0032782452,1,2,-1,3,1,-1,4,1,-1
MT0032892262,2,2,-1,5,1,-1,2,3,-1
MT0032957418,1,2,-1,5,3,-1,2,0,-1
MT0033061162,5,1,-1,5,1,-1,2,3,-1
MT0033097471,1,2,-1,3,1,-1,4,1,-1
MT0033155511,5,0,-1,5,1,-1,2,3,-1
MT0033159895,2,5,-1,3,1,-1,4,1,-1
MT0033218453,0,0,-1,1,0,-1,5,5,-1
MT0033226848,0,5,-1,5,1,-1,2,3,-1
MT0033252621,1,2,-1,2,3,-1,3,0,-1
MT0033258989,4,0,-1,5,1,-1,2,3,-1
MT0033262254,3,4,-1,2,2,-1,3,3,-1
MT0033262547,0,5,-1,5,1,-1,2,3,-1
MT0033287096,5,1,-1,0,5,-1,0,4,-1
MT0033319941,4,3,-1,1,4,-1,5,1,-1
MT0033345959,4,3,-1,1,0,-1,5,5,-1
MT0033376569,0,0,-1,5,3,-1,2,3,-1
MT0033381821,1,2,-1,2,2,-1,3,0,-1
MT0033391277,0,0,-1,1,4,-1,5,1,-1
MT0033397942,2,5,-1,3,1,-1,4,1,-1
MT0033410438,4,0,-1,4,0,-1,1,2,-1
MT0033430737,2,5,-1,2,2,-1,3,0,-1
MT0033459750,1,0,-1,1,4,-1,5,5,-1
MT0033470806,1,2,-1,3,1,-1,4,3,-1
MT0033473090,0,3,-1,3,1,-1,4,1,-1
MT0033493473,0,0,-1,3,1,-1,4,1,-1
MT0033512773,2,5,-1,5,1,-1,2,3,-1
MT0033717316,2,2,-1,0,3,-1,0,0,-1
MT0033733581,0,0,-1,5,1,-1,2,3,-1
MT0033818006,4,3,-1,1,4,-1,5,5,-1
MT0033841575,2,5,-1,2,2,-1,3,0,-1
MT0033958450,1,0,-1,5,1,-1,2,3,-1
MT0033974184,1,5,-1,3,1,-1,4,1,-1
MT0033987987,2,5,-1,2,3,-1,3,0,-1
MT0033993440,0,0,-1,5,1,-1,2,1,-1
MT0034013916,1,1,-1,0,2,-1,0,0,-1
MT0034064577,1,2,-1,5,1,-1,2,1,-1
MT0034094847,0,5,-1,5,1,-1,2,3,-1
MT0034113973,5,1,-1,0,5,-1,0,4,-1
MT0034125967,1,1,-1,5,3,-1,2,3,-1
MT0034136847,4,3,-1,4,0,-1,1,2,-1
MT0034138322,1,5,-1,5,1,-1,2,3,-1
MT0034191542,0,3,-1,1,4,-1,4,5,-1
MT0034197846,4,3,-1,4,0,-1,1,2,-1
MT0034211183,1,2,-1,5,1,-1,2,3,-1
MT0034225020,0,5,-1,5,3,-1,2,0,-1
MT0034230990,1,3,-1,5,1,-1,2,3,-1
MT0034403159,2,2,-1,5,3,-1,2,3,-1
MT0034403951,5,1,-1,2,2,-1,3,0,-1
MT0034410340,4,3,-1,4,0,-1,1,2,-1
MT0034422157,0,3,-1,1,4,-1,5,1,-1
MT0034426806,5,1,-1,0,5,-1,0,4,-1
MT0034429136,4,3,-1,1,4,-1,5,1,-1
MT0034518366,0,3,-1,3,1,-1,4,1,-1
MT0034549623,0,0,-1,1,4,-1,5,1,-1
MT0034551604,0,0,-1,3,1,-1,4,1,-1
MT0034552648,1,2,-1,5,1,-1,2,3,-1
MT0034560618,0,5,-1,3,1,-1,4,1,-1
MT0034563474,2,5,-1,5,1,-1,2,3,-1
MT0034574251,0,0,-1,5,3,-1,2,3,-1
MT0034577404,0,0,-1,3,1,-1,4,1,-1
MT0034670435,5,1,-1,2,2,-1,3,0,-1
MT0034677542,1,5,-1,3,1,-1,4,1,-1
MT0034694413,5,1,-1,2,2,-1,0,0,-1
MT0034706827,4,3,-1,4,0,-1,1,2,-1
MT0034800740,0,5,-1,2,3,-1,3,0,-1
MT0034852831,1,2,-1,2,3,-1,3,0,-1
MT0034988131,2,5,-1,2,3,-1,3,3,-1
MT0034991842,1,1,-1,2,3,-1,3,0,-1
MT0034992204,2,2,-1,5,1,-1,2,3,-1
MT0034992958,4,3,-1,5,1,-1,2,3,-1
MT0034996484,1,1,-1,2,2,-1,3,0,-1
MT0035037927,2,1,-1,2,2,-1,3,0,-1
MT0035108409,4,3,-1,1,0,-1,5,5,-1
MT0035119161,1,2,-1,5,3,-1,2,3,-1
MT0035241675,5,1,-1,2,3,-1,3,0,-1
MT0035285414,5,1,-1,0,5,-1,0,4,-1
MT0035316286,4,3,-1,3,4,-1,4,1,-1
MT0035322836,5,1,-1,0,5,-1,0,4,-1
MT0035332435,1,2,-1,2,3,-1,3,0,-1
MT0035332835,5,1,-1,2,2,-1,3,0,-1
MT0035833639,4,0,-1,1,0,-1,5,5,-1
MT0035974809,4,3,-1,4,0,-1,1,2,-1
MT0035974819,4,3,-1,4,0,-1,1,2,-1
MT0036111757,1,1,-1,2,5,-1,3,0,-1
MT0036368550,1,2,-1,2,2,-1,3,0,-1
MT0039250520,5,1,-1,2,2,-1,3,0,-1
MT0041030749,4,0,-1,1,0,-1,5,5,-1
